chunk,route_id,segment_id,segment_path,video_path,video_size_bytes,has_raw_log_bz2,has_preview_png,has_frame_times,frame_times_shape,has_frame_positions,frame_positions_shape,has_frame_velocities,frame_velocities_shape,has_frame_orientations,frame_orientations_shape,frame_count,start_time_s,end_time_s,duration_s,estimated_fps,timestamps_monotonic,mean_speed_mps,max_speed_mps,usable,issue,split
Chunk_1,b0c9d2329ad1606b|2018-07-27--06-03-57,3,Chunk_1/b0c9d2329ad1606b|2018-07-27--06-03-57/3,Chunk_1/b0c9d2329ad1606b|2018-07-27--06-03-57/3/video.hevc,37467994,True,True,True,1197,True,1197x3,True,1197x3,True,1197x4,1197,9314.094931,9374.044088,59.949157,19.950239,True,16.889244,22.626098,True,ok,train
Chunk_1,b0c9d2329ad1606b|2018-07-27--06-03-57,4,Chunk_1/b0c9d2329ad1606b|2018-07-27--06-03-57/4,Chunk_1/b0c9d2329ad1606b|2018-07-27--06-03-57/4/video.hevc,37402794,True,True,True,1197,True,1197x3,True,1197x3,True,1197x4,1197,9374.094099,9434.043273,59.949174,19.950233,True,7.717925,17.66749,True,ok,train
Chunk_1,b0c9d2329ad1606b|2018-07-27--06-03-57,5,Chunk_1/b0c9d2329ad1606b|2018-07-27--06-03-57/5,Chunk_1/b0c9d2329ad1606b|2018-07-27--06-03-57/5/video.hevc,37519962,True,True,True,1197,True,1197x3,True,1197x3,True,1197x4,1197,9434.093249,9494.042405,59.949156,19.950239,True,17.442682,25.601518,True,ok,train
Chunk_1,b0c9d2329ad1606b|2018-07-27--06-03-57,6,Chunk_1/b0c9d2329ad1606b|2018-07-27--06-03-57/6,Chunk_1/b0c9d2329ad1606b|2018-07-27--06-03-57/6/video.hevc,37506522,True,True,True,1199,True,1199x3,True,1199x3,True,1199x4,1199,9494.092407,9554.041618,59.949211,19.983582,True,29.849192,32.444903,True,ok,train
Chunk_1,b0c9d2329ad1606b|2018-07-27--06-03-57,7,Chunk_1/b0c9d2329ad1606b|2018-07-27--06-03-57/7,Chunk_1/b0c9d2329ad1606b|2018-07-27--06-03-57/7/video.hevc,37505354,True,True,True,1191,True,1191x3,True,1191x3,True,1191x4,1191,9554.091562,9614.040719,59.949157,19.850154,True,27.792729,31.18308,True,ok,train
Chunk_1,b0c9d2329ad1606b|2018-07-27--06-03-57,8,Chunk_1/b0c9d2329ad1606b|2018-07-27--06-03-57/8,Chunk_1/b0c9d2329ad1606b|2018-07-27--06-03-57/8/video.hevc,37404922,True,True,True,1198,True,1198x3,True,1198x3,True,1198x4,1198,9614.090723,9674.039873,59.94915,19.966922,True,30.419109,32.315169,True,ok,train
Chunk_1,b0c9d2329ad1606b|2018-07-27--06-03-57,9,Chunk_1/b0c9d2329ad1606b|2018-07-27--06-03-57/9,Chunk_1/b0c9d2329ad1606b|2018-07-27--06-03-57/9/video.hevc,37456682,True,True,True,1195,True,1195x3,True,1195x3,True,1195x4,1195,9674.089929,9734.039081,59.949152,19.916879,True,31.799772,33.984958,True,ok,train
Chunk_1,b0c9d2329ad1606b|2018-07-27--06-03-57,10,Chunk_1/b0c9d2329ad1606b|2018-07-27--06-03-57/10,Chunk_1/b0c9d2329ad1606b|2018-07-27--06-03-57/10/video.hevc,37533786,True,True,True,1200,True,1200x3,True,1200x3,True,1200x4,1200,9734.089057,9794.038214,59.949157,20.000281,True,31.745321,33.884835,True,ok,train
Chunk_1,b0c9d2329ad1606b|2018-07-27--06-03-57,11,Chunk_1/b0c9d2329ad1606b|2018-07-27--06-03-57/11,Chunk_1/b0c9d2329ad1606b|2018-07-27--06-03-57/11/video.hevc,37532378,True,True,True,1201,True,1201x3,True,1201x3,True,1201x4,1201,9794.088198,9854.087349,59.999151,20.000283,True,28.002206,31.915571,True,ok,train
Chunk_1,b0c9d2329ad1606b|2018-07-27--06-50-48,7,Chunk_1/b0c9d2329ad1606b|2018-07-27--06-50-48/7,Chunk_1/b0c9d2329ad1606b|2018-07-27--06-50-48/7/video.hevc,37386298,True,True,True,1200,True,1200x3,True,1200x3,True,1200x4,1200,12365.380494,12425.329668,59.949174,20.000276,True,27.313668,30.265606,True,ok,train
Chunk_1,b0c9d2329ad1606b|2018-07-27--06-50-48,8,Chunk_1/b0c9d2329ad1606b|2018-07-27--06-50-48/8,Chunk_1/b0c9d2329ad1606b|2018-07-27--06-50-48/8/video.hevc,37426906,True,True,True,1197,True,1197x3,True,1197x3,True,1197x4,1197,12425.379652,12485.278813,59.899161,19.966891,True,31.404148,31.856117,True,ok,train
Chunk_1,b0c9d2329ad1606b|2018-07-27--06-50-48,9,Chunk_1/b0c9d2329ad1606b|2018-07-27--06-50-48/9,Chunk_1/b0c9d2329ad1606b|2018-07-27--06-50-48/9/video.hevc,37471258,True,True,True,1199,True,1199x3,True,1199x3,True,1199x4,1199,12485.328807,12545.277984,59.949177,19.983594,True,29.906409,31.683836,True,ok,train
Chunk_1,b0c9d2329ad1606b|2018-07-27--06-50-48,10,Chunk_1/b0c9d2329ad1606b|2018-07-27--06-50-48/10,Chunk_1/b0c9d2329ad1606b|2018-07-27--06-50-48/10/video.hevc,37466410,True,True,True,1199,True,1199x3,True,1199x3,True,1199x4,1199,12545.327967,12605.277121,59.949154,19.983601,True,28.90213,31.065253,True,ok,train
Chunk_1,b0c9d2329ad1606b|2018-07-27--06-50-48,11,Chunk_1/b0c9d2329ad1606b|2018-07-27--06-50-48/11,Chunk_1/b0c9d2329ad1606b|2018-07-27--06-50-48/11/video.hevc,37551914,True,True,True,1201,True,1201x3,True,1201x3,True,1201x4,1201,12605.327118,12665.326282,59.999164,20.000279,True,30.891172,31.287397,True,ok,train
Chunk_1,b0c9d2329ad1606b|2018-07-27--06-50-48,12,Chunk_1/b0c9d2329ad1606b|2018-07-27--06-50-48/12,Chunk_1/b0c9d2329ad1606b|2018-07-27--06-50-48/12/video.hevc,37423738,True,True,True,1196,True,1196x3,True,1196x3,True,1196x4,1196,12665.376292,12725.325432,59.94914,19.933564,True,30.85226,31.095531,True,ok,train
Chunk_1,b0c9d2329ad1606b|2018-07-27--06-50-48,13,Chunk_1/b0c9d2329ad1606b|2018-07-27--06-50-48/13,Chunk_1/b0c9d2329ad1606b|2018-07-27--06-50-48/13/video.hevc,37485546,True,True,True,1200,True,1200x3,True,1200x3,True,1200x4,1200,12725.375444,12785.324593,59.949149,20.000284,True,20.899273,30.053976,True,ok,train
Chunk_1,b0c9d2329ad1606b|2018-07-27--06-50-48,14,Chunk_1/b0c9d2329ad1606b|2018-07-27--06-50-48/14,Chunk_1/b0c9d2329ad1606b|2018-07-27--06-50-48/14/video.hevc,37381642,True,True,True,1200,True,1200x3,True,1200x3,True,1200x4,1200,12785.374585,12845.323751,59.949166,20.000278,True,17.64419,19.065153,True,ok,train
Chunk_1,b0c9d2329ad1606b|2018-07-29--11-17-20,3,Chunk_1/b0c9d2329ad1606b|2018-07-29--11-17-20/3,Chunk_1/b0c9d2329ad1606b|2018-07-29--11-17-20/3/video.hevc,37471418,True,True,True,1200,True,1200x3,True,1200x3,True,1200x4,1200,311.213968,371.163122,59.949154,20.000282,True,7.671808,12.705494,True,ok,train
Chunk_1,b0c9d2329ad1606b|2018-07-29--11-17-20,4,Chunk_1/b0c9d2329ad1606b|2018-07-29--11-17-20/4,Chunk_1/b0c9d2329ad1606b|2018-07-29--11-17-20/4/video.hevc,37459434,True,True,True,1200,True,1200x3,True,1200x3,True,1200x4,1200,371.213131,431.162283,59.949152,20.000283,True,10.665671,22.38751,True,ok,train
Chunk_1,b0c9d2329ad1606b|2018-07-29--11-17-20,5,Chunk_1/b0c9d2329ad1606b|2018-07-29--11-17-20/5,Chunk_1/b0c9d2329ad1606b|2018-07-29--11-17-20/5/video.hevc,37534666,True,True,True,1200,True,1200x3,True,1200x3,True,1200x4,1200,431.212289,491.16144,59.949151,20.000283,True,25.853977,29.592628,True,ok,train
Chunk_1,b0c9d2329ad1606b|2018-07-29--11-17-20,6,Chunk_1/b0c9d2329ad1606b|2018-07-29--11-17-20/6,Chunk_1/b0c9d2329ad1606b|2018-07-29--11-17-20/6/video.hevc,37523818,True,True,True,1200,True,1200x3,True,1200x3,True,1200x4,1200,491.211463,551.160592,59.949129,20.000291,True,29.169096,32.12407,True,ok,train
Chunk_1,b0c9d2329ad1606b|2018-07-29--11-17-20,7,Chunk_1/b0c9d2329ad1606b|2018-07-29--11-17-20/7,Chunk_1/b0c9d2329ad1606b|2018-07-29--11-17-20/7/video.hevc,37514330,True,True,True,1200,True,1200x3,True,1200x3,True,1200x4,1200,551.210601,611.159747,59.949146,20.000285,True,26.003431,26.992063,True,ok,train
Chunk_1,b0c9d2329ad1606b|2018-07-29--12-02-42,27,Chunk_1/b0c9d2329ad1606b|2018-07-29--12-02-42/27,Chunk_1/b0c9d2329ad1606b|2018-07-29--12-02-42/27/video.hevc,37532378,True,True,True,1200,True,1200x3,True,1200x3,True,1200x4,1200,4473.385297,4533.334476,59.949179,20.000274,True,25.937764,29.82455,True,ok,train
Chunk_1,b0c9d2329ad1606b|2018-07-29--12-02-42,28,Chunk_1/b0c9d2329ad1606b|2018-07-29--12-02-42/28,Chunk_1/b0c9d2329ad1606b|2018-07-29--12-02-42/28/video.hevc,37455882,True,True,True,1200,True,1200x3,True,1200x3,True,1200x4,1200,4533.384473,4593.33361,59.949137,20.000288,True,4.963144,11.542979,True,ok,train
Chunk_1,b0c9d2329ad1606b|2018-07-29--12-02-42,29,Chunk_1/b0c9d2329ad1606b|2018-07-29--12-02-42/29,Chunk_1/b0c9d2329ad1606b|2018-07-29--12-02-42/29/video.hevc,37447626,True,True,True,1199,True,1199x3,True,1199x3,True,1199x4,1199,4593.383628,4653.282787,59.899159,20.000281,True,5.044026,12.971032,True,ok,train
Chunk_1,b0c9d2329ad1606b|2018-07-29--12-02-42,30,Chunk_1/b0c9d2329ad1606b|2018-07-29--12-02-42/30,Chunk_1/b0c9d2329ad1606b|2018-07-29--12-02-42/30/video.hevc,37602634,True,True,True,1201,True,1201x3,True,1201x3,True,1201x4,1201,4653.332766,4713.331928,59.999162,20.000279,True,2.860106,10.864644,True,ok,train
Chunk_1,b0c9d2329ad1606b|2018-07-29--12-02-42,31,Chunk_1/b0c9d2329ad1606b|2018-07-29--12-02-42/31,Chunk_1/b0c9d2329ad1606b|2018-07-29--12-02-42/31/video.hevc,13394410,True,True,True,430,True,430x3,True,430x3,True,430x4,430,4713.381952,4734.831635,21.449683,20.000296,True,0.043113,0.170819,True,ok,train
Chunk_1,b0c9d2329ad1606b|2018-07-29--16-37-17,4,Chunk_1/b0c9d2329ad1606b|2018-07-29--16-37-17/4,Chunk_1/b0c9d2329ad1606b|2018-07-29--16-37-17/4/video.hevc,37530746,True,True,True,1200,True,1200x3,True,1200x3,True,1200x4,1200,19568.782268,19628.731426,59.949158,20.000281,True,7.342719,10.646683,True,ok,validation
Chunk_1,b0c9d2329ad1606b|2018-07-29--16-37-17,5,Chunk_1/b0c9d2329ad1606b|2018-07-29--16-37-17/5,Chunk_1/b0c9d2329ad1606b|2018-07-29--16-37-17/5/video.hevc,37494922,True,True,True,1200,True,1200x3,True,1200x3,True,1200x4,1200,19628.781421,19688.730582,59.949161,20.00028,True,12.786428,17.851267,True,ok,validation
Chunk_1,b0c9d2329ad1606b|2018-07-30--13-03-07,14,Chunk_1/b0c9d2329ad1606b|2018-07-30--13-03-07/14,Chunk_1/b0c9d2329ad1606b|2018-07-30--13-03-07/14/video.hevc,37561450,True,True,True,1201,True,1201x3,True,1201x3,True,1201x4,1201,10735.057156,10795.056362,59.999206,20.000265,True,7.091352,16.837282,True,ok,test
Chunk_1,b0c9d2329ad1606b|2018-07-30--13-03-07,15,Chunk_1/b0c9d2329ad1606b|2018-07-30--13-03-07/15,Chunk_1/b0c9d2329ad1606b|2018-07-30--13-03-07/15/video.hevc,37500394,True,True,True,1200,True,1200x3,True,1200x3,True,1200x4,1200,10795.106317,10855.055472,59.949155,20.000282,True,14.986168,24.200552,True,ok,test
Chunk_1,b0c9d2329ad1606b|2018-07-30--13-03-07,16,Chunk_1/b0c9d2329ad1606b|2018-07-30--13-03-07/16,Chunk_1/b0c9d2329ad1606b|2018-07-30--13-03-07/16/video.hevc,37481962,True,True,True,1199,True,1199x3,True,1199x3,True,1199x4,1199,10855.105475,10915.004644,59.899169,20.000277,True,25.74899,26.704486,True,ok,test
Chunk_1,b0c9d2329ad1606b|2018-07-30--13-03-07,17,Chunk_1/b0c9d2329ad1606b|2018-07-30--13-03-07/17,Chunk_1/b0c9d2329ad1606b|2018-07-30--13-03-07/17/video.hevc,37549802,True,True,True,1201,True,1201x3,True,1201x3,True,1201x4,1201,10915.054654,10975.053786,59.999132,20.000289,True,28.272347,28.887767,True,ok,test
Chunk_1,b0c9d2329ad1606b|2018-07-30--13-03-07,18,Chunk_1/b0c9d2329ad1606b|2018-07-30--13-03-07/18,Chunk_1/b0c9d2329ad1606b|2018-07-30--13-03-07/18/video.hevc,37493466,True,True,True,1199,True,1199x3,True,1199x3,True,1199x4,1199,10975.103784,11035.002959,59.899175,20.000275,True,27.254,28.82151,True,ok,test
Chunk_1,b0c9d2329ad1606b|2018-07-30--13-03-07,20,Chunk_1/b0c9d2329ad1606b|2018-07-30--13-03-07/20,Chunk_1/b0c9d2329ad1606b|2018-07-30--13-03-07/20/video.hevc,37488026,True,True,True,1200,True,1200x3,True,1200x3,True,1200x4,1200,11095.102099,11155.051275,59.949176,20.000275,True,28.568281,28.98734,True,ok,test
Chunk_1,b0c9d2329ad1606b|2018-07-30--13-03-07,21,Chunk_1/b0c9d2329ad1606b|2018-07-30--13-03-07/21,Chunk_1/b0c9d2329ad1606b|2018-07-30--13-03-07/21/video.hevc,37472602,True,True,True,1199,True,1199x3,True,1199x3,True,1199x4,1199,11155.101248,11215.000414,59.899166,20.000278,True,25.394247,28.767047,True,ok,test
Chunk_1,b0c9d2329ad1606b|2018-07-30--13-03-07,22,Chunk_1/b0c9d2329ad1606b|2018-07-30--13-03-07/22,Chunk_1/b0c9d2329ad1606b|2018-07-30--13-03-07/22/video.hevc,37613834,True,True,True,1201,True,1201x3,True,1201x3,True,1201x4,1201,11215.050409,11275.049569,59.99916,20.00028,True,23.641636,27.682177,True,ok,test
Chunk_1,b0c9d2329ad1606b|2018-07-30--13-44-30,6,Chunk_1/b0c9d2329ad1606b|2018-07-30--13-44-30/6,Chunk_1/b0c9d2329ad1606b|2018-07-30--13-44-30/6/video.hevc,37484074,True,True,True,1200,True,1200x3,True,1200x3,True,1200x4,1200,12737.907471,12797.85662,59.949149,20.000284,True,25.851117,29.784488,True,ok,train
Chunk_1,b0c9d2329ad1606b|2018-07-30--13-44-30,7,Chunk_1/b0c9d2329ad1606b|2018-07-30--13-44-30/7,Chunk_1/b0c9d2329ad1606b|2018-07-30--13-44-30/7/video.hevc,37540410,True,True,True,1200,True,1200x3,True,1200x3,True,1200x4,1200,12797.906655,12857.855776,59.949121,20.000293,True,29.065782,29.732029,True,ok,train
Chunk_1,b0c9d2329ad1606b|2018-07-30--13-44-30,8,Chunk_1/b0c9d2329ad1606b|2018-07-30--13-44-30/8,Chunk_1/b0c9d2329ad1606b|2018-07-30--13-44-30/8/video.hevc,37507338,True,True,True,1200,True,1200x3,True,1200x3,True,1200x4,1200,12857.905809,12917.854972,59.949163,20.000279,True,28.861825,31.222622,True,ok,train
Chunk_1,b0c9d2329ad1606b|2018-07-30--13-44-30,9,Chunk_1/b0c9d2329ad1606b|2018-07-30--13-44-30/9,Chunk_1/b0c9d2329ad1606b|2018-07-30--13-44-30/9/video.hevc,37503466,True,True,True,1200,True,1200x3,True,1200x3,True,1200x4,1200,12917.904937,12977.854094,59.949157,20.000281,True,30.812423,31.538107,True,ok,train
Chunk_1,b0c9d2329ad1606b|2018-07-30--13-44-30,10,Chunk_1/b0c9d2329ad1606b|2018-07-30--13-44-30/10,Chunk_1/b0c9d2329ad1606b|2018-07-30--13-44-30/10/video.hevc,37521690,True,True,True,1200,True,1200x3,True,1200x3,True,1200x4,1200,12977.904093,13037.853254,59.949161,20.00028,True,31.105357,33.817439,True,ok,train
Chunk_1,b0c9d2329ad1606b|2018-07-30--13-44-30,11,Chunk_1/b0c9d2329ad1606b|2018-07-30--13-44-30/11,Chunk_1/b0c9d2329ad1606b|2018-07-30--13-44-30/11/video.hevc,37529274,True,True,True,1200,True,1200x3,True,1200x3,True,1200x4,1200,13037.90326,13097.852407,59.949147,20.000285,True,28.860001,30.650178,True,ok,train
Chunk_1,b0c9d2329ad1606b|2018-07-30--13-44-30,12,Chunk_1/b0c9d2329ad1606b|2018-07-30--13-44-30/12,Chunk_1/b0c9d2329ad1606b|2018-07-30--13-44-30/12/video.hevc,37469274,True,True,True,1200,True,1200x3,True,1200x3,True,1200x4,1200,13097.90242,13157.851567,59.949147,20.000285,True,12.112024,26.17328,True,ok,train
Chunk_1,b0c9d2329ad1606b|2018-07-30--13-44-30,13,Chunk_1/b0c9d2329ad1606b|2018-07-30--13-44-30/13,Chunk_1/b0c9d2329ad1606b|2018-07-30--13-44-30/13/video.hevc,37468858,True,True,True,1200,True,1200x3,True,1200x3,True,1200x4,1200,13157.901581,13217.850746,59.949165,20.000279,True,1.871738,6.803081,True,ok,train
Chunk_1,b0c9d2329ad1606b|2018-07-30--13-44-30,14,Chunk_1/b0c9d2329ad1606b|2018-07-30--13-44-30/14,Chunk_1/b0c9d2329ad1606b|2018-07-30--13-44-30/14/video.hevc,37468202,True,True,True,1200,True,1200x3,True,1200x3,True,1200x4,1200,13217.900722,13277.849899,59.949177,20.000275,True,9.457182,18.677732,True,ok,train
Chunk_1,b0c9d2329ad1606b|2018-07-30--13-44-30,15,Chunk_1/b0c9d2329ad1606b|2018-07-30--13-44-30/15,Chunk_1/b0c9d2329ad1606b|2018-07-30--13-44-30/15/video.hevc,37514426,True,True,True,1200,True,1200x3,True,1200x3,True,1200x4,1200,13277.89988,13337.849048,59.949168,20.000278,True,14.826933,17.507951,True,ok,train
Chunk_1,b0c9d2329ad1606b|2018-07-31--20-50-28,5,Chunk_1/b0c9d2329ad1606b|2018-07-31--20-50-28/5,Chunk_1/b0c9d2329ad1606b|2018-07-31--20-50-28/5/video.hevc,37486426,True,True,True,1200,True,1200x3,True,1200x3,True,1200x4,1200,537.102305,597.051472,59.949167,20.000278,True,11.266456,23.096922,True,ok,train
Chunk_1,b0c9d2329ad1606b|2018-07-31--20-50-28,6,Chunk_1/b0c9d2329ad1606b|2018-07-31--20-50-28/6,Chunk_1/b0c9d2329ad1606b|2018-07-31--20-50-28/6/video.hevc,37461690,True,True,True,1200,True,1200x3,True,1200x3,True,1200x4,1200,597.101471,657.050641,59.94917,20.000277,True,6.622377,18.396122,True,ok,train
Chunk_1,b0c9d2329ad1606b|2018-07-31--20-50-28,7,Chunk_1/b0c9d2329ad1606b|2018-07-31--20-50-28/7,Chunk_1/b0c9d2329ad1606b|2018-07-31--20-50-28/7/video.hevc,37484954,True,True,True,1200,True,1200x3,True,1200x3,True,1200x4,1200,657.10062,717.049779,59.949159,20.000281,True,12.164039,25.755456,True,ok,train
Chunk_1,b0c9d2329ad1606b|2018-07-31--20-50-28,8,Chunk_1/b0c9d2329ad1606b|2018-07-31--20-50-28/8,Chunk_1/b0c9d2329ad1606b|2018-07-31--20-50-28/8/video.hevc,37542714,True,True,True,1200,True,1200x3,True,1200x3,True,1200x4,1200,717.09978,777.048975,59.949195,20.000269,True,26.754117,30.546673,True,ok,train
Chunk_1,b0c9d2329ad1606b|2018-07-31--20-50-28,9,Chunk_1/b0c9d2329ad1606b|2018-07-31--20-50-28/9,Chunk_1/b0c9d2329ad1606b|2018-07-31--20-50-28/9/video.hevc,37524666,True,True,True,1200,True,1200x3,True,1200x3,True,1200x4,1200,777.098946,837.048103,59.949157,20.000281,True,31.638514,33.870924,True,ok,train
Chunk_1,b0c9d2329ad1606b|2018-07-31--20-50-28,12,Chunk_1/b0c9d2329ad1606b|2018-07-31--20-50-28/12,Chunk_1/b0c9d2329ad1606b|2018-07-31--20-50-28/12/video.hevc,37478186,True,True,True,1201,True,1201x3,True,1201x3,True,1201x4,1201,957.046429,1017.045568,59.999139,20.000287,True,33.444509,33.67863,True,ok,train
Chunk_1,b0c9d2329ad1606b|2018-07-31--20-50-28,13,Chunk_1/b0c9d2329ad1606b|2018-07-31--20-50-28/13,Chunk_1/b0c9d2329ad1606b|2018-07-31--20-50-28/13/video.hevc,37455946,True,True,True,1200,True,1200x3,True,1200x3,True,1200x4,1200,1017.095561,1077.044724,59.949163,20.000279,True,33.41057,33.838944,True,ok,train
Chunk_1,b0c9d2329ad1606b|2018-08-01--21-13-49,5,Chunk_1/b0c9d2329ad1606b|2018-08-01--21-13-49/5,Chunk_1/b0c9d2329ad1606b|2018-08-01--21-13-49/5/video.hevc,37454858,True,True,True,1200,True,1200x3,True,1200x3,True,1200x4,1200,3450.746537,3510.695698,59.949161,20.00028,True,15.366755,22.800205,True,ok,train
Chunk_1,b0c9d2329ad1606b|2018-08-01--21-13-49,6,Chunk_1/b0c9d2329ad1606b|2018-08-01--21-13-49/6,Chunk_1/b0c9d2329ad1606b|2018-08-01--21-13-49/6/video.hevc,37436410,True,True,True,1200,True,1200x3,True,1200x3,True,1200x4,1200,3510.745705,3570.694857,59.949152,20.000283,True,4.471667,20.544026,True,ok,train
Chunk_1,b0c9d2329ad1606b|2018-08-01--21-13-49,7,Chunk_1/b0c9d2329ad1606b|2018-08-01--21-13-49/7,Chunk_1/b0c9d2329ad1606b|2018-08-01--21-13-49/7/video.hevc,37482602,True,True,True,1200,True,1200x3,True,1200x3,True,1200x4,1200,3570.744854,3630.694012,59.949158,20.000281,True,0.973426,12.705141,True,ok,train
Chunk_1,b0c9d2329ad1606b|2018-08-01--21-13-49,8,Chunk_1/b0c9d2329ad1606b|2018-08-01--21-13-49/8,Chunk_1/b0c9d2329ad1606b|2018-08-01--21-13-49/8/video.hevc,37444794,True,True,True,1200,True,1200x3,True,1200x3,True,1200x4,1200,3630.744027,3690.693168,59.949141,20.000287,True,27.471621,32.143064,True,ok,train
Chunk_1,b0c9d2329ad1606b|2018-08-01--21-13-49,9,Chunk_1/b0c9d2329ad1606b|2018-08-01--21-13-49/9,Chunk_1/b0c9d2329ad1606b|2018-08-01--21-13-49/9/video.hevc,37496138,True,True,True,1200,True,1200x3,True,1200x3,True,1200x4,1200,3690.743173,3750.692328,59.949155,20.000282,True,32.379925,35.649183,True,ok,train
Chunk_1,b0c9d2329ad1606b|2018-08-01--21-13-49,10,Chunk_1/b0c9d2329ad1606b|2018-08-01--21-13-49/10,Chunk_1/b0c9d2329ad1606b|2018-08-01--21-13-49/10/video.hevc,37537898,True,True,True,1200,True,1200x3,True,1200x3,True,1200x4,1200,3750.742323,3810.691486,59.949163,20.000279,True,31.877329,35.01892,True,ok,train
Chunk_1,b0c9d2329ad1606b|2018-08-01--21-13-49,11,Chunk_1/b0c9d2329ad1606b|2018-08-01--21-13-49/11,Chunk_1/b0c9d2329ad1606b|2018-08-01--21-13-49/11/video.hevc,37394202,True,True,True,1200,True,1200x3,True,1200x3,True,1200x4,1200,3810.741495,3870.690638,59.949143,20.000286,True,33.75309,36.099332,True,ok,train
Chunk_1,b0c9d2329ad1606b|2018-08-01--21-13-49,12,Chunk_1/b0c9d2329ad1606b|2018-08-01--21-13-49/12,Chunk_1/b0c9d2329ad1606b|2018-08-01--21-13-49/12/video.hevc,37533994,True,True,True,1200,True,1200x3,True,1200x3,True,1200x4,1200,3870.74064,3930.689803,59.949163,20.000279,True,33.966709,36.961955,True,ok,train
Chunk_1,b0c9d2329ad1606b|2018-08-01--21-13-49,13,Chunk_1/b0c9d2329ad1606b|2018-08-01--21-13-49/13,Chunk_1/b0c9d2329ad1606b|2018-08-01--21-13-49/13/video.hevc,37367626,True,True,True,1200,True,1200x3,True,1200x3,True,1200x4,1200,3930.739796,3990.68895,59.949154,20.000282,True,32.269903,32.664878,True,ok,train
Chunk_1,b0c9d2329ad1606b|2018-08-01--21-13-49,14,Chunk_1/b0c9d2329ad1606b|2018-08-01--21-13-49/14,Chunk_1/b0c9d2329ad1606b|2018-08-01--21-13-49/14/video.hevc,37420314,True,True,True,1200,True,1200x3,True,1200x3,True,1200x4,1200,3990.738951,4050.688108,59.949157,20.000281,True,32.254805,32.559233,True,ok,train
Chunk_1,b0c9d2329ad1606b|2018-08-02--08-34-47,29,Chunk_1/b0c9d2329ad1606b|2018-08-02--08-34-47/29,Chunk_1/b0c9d2329ad1606b|2018-08-02--08-34-47/29/video.hevc,37502122,True,True,True,1200,True,1200x3,True,1200x3,True,1200x4,1200,45748.556793,45808.505926,59.949133,20.000289,True,30.563452,32.691595,True,ok,validation
Chunk_1,b0c9d2329ad1606b|2018-08-02--08-34-47,30,Chunk_1/b0c9d2329ad1606b|2018-08-02--08-34-47/30,Chunk_1/b0c9d2329ad1606b|2018-08-02--08-34-47/30/video.hevc,37485050,True,True,True,1200,True,1200x3,True,1200x3,True,1200x4,1200,45808.555946,45868.505077,59.949131,20.00029,True,29.374051,31.683716,True,ok,validation
Chunk_1,b0c9d2329ad1606b|2018-08-02--08-34-47,31,Chunk_1/b0c9d2329ad1606b|2018-08-02--08-34-47/31,Chunk_1/b0c9d2329ad1606b|2018-08-02--08-34-47/31/video.hevc,37532266,True,True,True,1200,True,1200x3,True,1200x3,True,1200x4,1200,45868.555075,45928.504237,59.949162,20.00028,True,29.384968,31.818863,True,ok,validation
Chunk_1,b0c9d2329ad1606b|2018-08-02--08-34-47,32,Chunk_1/b0c9d2329ad1606b|2018-08-02--08-34-47/32,Chunk_1/b0c9d2329ad1606b|2018-08-02--08-34-47/32/video.hevc,37513418,True,True,True,1200,True,1200x3,True,1200x3,True,1200x4,1200,45928.554242,45988.503393,59.949151,20.000283,True,32.581509,33.785666,True,ok,validation
Chunk_1,b0c9d2329ad1606b|2018-08-02--08-34-47,33,Chunk_1/b0c9d2329ad1606b|2018-08-02--08-34-47/33,Chunk_1/b0c9d2329ad1606b|2018-08-02--08-34-47/33/video.hevc,37495802,True,True,True,1199,True,1199x3,True,1199x3,True,1199x4,1199,45988.553411,46048.452555,59.899144,20.000286,True,32.932325,33.859418,True,ok,validation
Chunk_1,b0c9d2329ad1606b|2018-08-02--08-34-47,34,Chunk_1/b0c9d2329ad1606b|2018-08-02--08-34-47/34,Chunk_1/b0c9d2329ad1606b|2018-08-02--08-34-47/34/video.hevc,37570858,True,True,True,1201,True,1201x3,True,1201x3,True,1201x4,1201,46048.50256,46108.501707,59.999147,20.000284,True,31.549557,32.521587,True,ok,validation
Chunk_1,b0c9d2329ad1606b|2018-08-02--08-34-47,35,Chunk_1/b0c9d2329ad1606b|2018-08-02--08-34-47/35,Chunk_1/b0c9d2329ad1606b|2018-08-02--08-34-47/35/video.hevc,37519530,True,True,True,1200,True,1200x3,True,1200x3,True,1200x4,1200,46108.551703,46168.50087,59.949167,20.000278,True,31.24529,32.280049,True,ok,validation
Chunk_1,b0c9d2329ad1606b|2018-08-02--08-34-47,36,Chunk_1/b0c9d2329ad1606b|2018-08-02--08-34-47/36,Chunk_1/b0c9d2329ad1606b|2018-08-02--08-34-47/36/video.hevc,37525738,True,True,True,1200,True,1200x3,True,1200x3,True,1200x4,1200,46168.55087,46228.500025,59.949155,20.000282,True,33.253106,34.230868,True,ok,validation
Chunk_1,b0c9d2329ad1606b|2018-08-02--08-34-47,37,Chunk_1/b0c9d2329ad1606b|2018-08-02--08-34-47/37,Chunk_1/b0c9d2329ad1606b|2018-08-02--08-34-47/37/video.hevc,37534986,True,True,True,1200,True,1200x3,True,1200x3,True,1200x4,1200,46228.550025,46288.499181,59.949156,20.000282,True,29.606813,33.099246,True,ok,validation
Chunk_1,b0c9d2329ad1606b|2018-08-02--08-34-47,38,Chunk_1/b0c9d2329ad1606b|2018-08-02--08-34-47/38,Chunk_1/b0c9d2329ad1606b|2018-08-02--08-34-47/38/video.hevc,37506778,True,True,True,1200,True,1200x3,True,1200x3,True,1200x4,1200,46288.549184,46348.498349,59.949165,20.000279,True,3.690341,19.890919,True,ok,validation
Chunk_1,b0c9d2329ad1606b|2018-08-02--08-34-47,39,Chunk_1/b0c9d2329ad1606b|2018-08-02--08-34-47/39,Chunk_1/b0c9d2329ad1606b|2018-08-02--08-34-47/39/video.hevc,37540010,True,True,True,1200,True,1200x3,True,1200x3,True,1200x4,1200,46348.548334,46408.497504,59.94917,20.000277,True,10.58811,19.0851,True,ok,validation
Chunk_1,b0c9d2329ad1606b|2018-08-02--08-34-47,40,Chunk_1/b0c9d2329ad1606b|2018-08-02--08-34-47/40,Chunk_1/b0c9d2329ad1606b|2018-08-02--08-34-47/40/video.hevc,37491754,True,True,True,1200,True,1200x3,True,1200x3,True,1200x4,1200,46408.547498,46468.496658,59.94916,20.00028,True,16.873301,20.01199,True,ok,validation
Chunk_1,b0c9d2329ad1606b|2018-08-02--16-41-38,5,Chunk_1/b0c9d2329ad1606b|2018-08-02--16-41-38/5,Chunk_1/b0c9d2329ad1606b|2018-08-02--16-41-38/5/video.hevc,37528394,True,True,True,1200,True,1200x3,True,1200x3,True,1200x4,1200,73519.083895,73579.033056,59.949161,20.00028,True,10.25101,20.549188,True,ok,train
Chunk_1,b0c9d2329ad1606b|2018-08-02--16-41-38,6,Chunk_1/b0c9d2329ad1606b|2018-08-02--16-41-38/6,Chunk_1/b0c9d2329ad1606b|2018-08-02--16-41-38/6/video.hevc,37484762,True,True,True,1200,True,1200x3,True,1200x3,True,1200x4,1200,73579.083058,73639.03221,59.949152,20.000283,True,6.78908,18.553678,True,ok,train
Chunk_1,b0c9d2329ad1606b|2018-08-02--16-41-38,7,Chunk_1/b0c9d2329ad1606b|2018-08-02--16-41-38/7,Chunk_1/b0c9d2329ad1606b|2018-08-02--16-41-38/7/video.hevc,37600698,True,True,True,1200,True,1200x3,True,1200x3,True,1200x4,1200,73639.082203,73699.03136,59.949157,20.000281,True,12.844752,23.520947,True,ok,train
Chunk_1,b0c9d2329ad1606b|2018-08-02--16-41-38,8,Chunk_1/b0c9d2329ad1606b|2018-08-02--16-41-38/8,Chunk_1/b0c9d2329ad1606b|2018-08-02--16-41-38/8/video.hevc,37515962,True,True,True,1200,True,1200x3,True,1200x3,True,1200x4,1200,73699.081362,73759.030522,59.94916,20.00028,True,26.279071,29.102313,True,ok,train
Chunk_1,b0c9d2329ad1606b|2018-08-02--16-41-38,9,Chunk_1/b0c9d2329ad1606b|2018-08-02--16-41-38/9,Chunk_1/b0c9d2329ad1606b|2018-08-02--16-41-38/9/video.hevc,37519434,True,True,True,1200,True,1200x3,True,1200x3,True,1200x4,1200,73759.080518,73819.029675,59.949157,20.000281,True,27.926126,29.908088,True,ok,train
Chunk_1,b0c9d2329ad1606b|2018-08-02--16-41-38,10,Chunk_1/b0c9d2329ad1606b|2018-08-02--16-41-38/10,Chunk_1/b0c9d2329ad1606b|2018-08-02--16-41-38/10/video.hevc,37508794,True,True,True,1200,True,1200x3,True,1200x3,True,1200x4,1200,73819.079676,73879.028825,59.949149,20.000284,True,27.592596,30.596916,True,ok,train
Chunk_1,b0c9d2329ad1606b|2018-08-02--16-41-38,11,Chunk_1/b0c9d2329ad1606b|2018-08-02--16-41-38/11,Chunk_1/b0c9d2329ad1606b|2018-08-02--16-41-38/11/video.hevc,37504586,True,True,True,1200,True,1200x3,True,1200x3,True,1200x4,1200,73879.078849,73939.028055,59.949206,20.000265,True,29.519667,31.945335,True,ok,train
Chunk_1,b0c9d2329ad1606b|2018-08-02--16-41-38,12,Chunk_1/b0c9d2329ad1606b|2018-08-02--16-41-38/12,Chunk_1/b0c9d2329ad1606b|2018-08-02--16-41-38/12/video.hevc,37505178,True,True,True,1200,True,1200x3,True,1200x3,True,1200x4,1200,73939.077987,73999.027148,59.949161,20.00028,True,31.106779,34.200422,True,ok,train
Chunk_1,b0c9d2329ad1606b|2018-08-02--16-41-38,13,Chunk_1/b0c9d2329ad1606b|2018-08-02--16-41-38/13,Chunk_1/b0c9d2329ad1606b|2018-08-02--16-41-38/13/video.hevc,37496058,True,True,True,1200,True,1200x3,True,1200x3,True,1200x4,1200,73999.077162,74059.026302,59.94914,20.000287,True,31.016178,34.103741,True,ok,train
Chunk_1,b0c9d2329ad1606b|2018-08-02--16-41-38,14,Chunk_1/b0c9d2329ad1606b|2018-08-02--16-41-38/14,Chunk_1/b0c9d2329ad1606b|2018-08-02--16-41-38/14/video.hevc,37504826,True,True,True,1200,True,1200x3,True,1200x3,True,1200x4,1200,74059.076305,74119.025464,59.949159,20.000281,True,32.84116,36.347112,True,ok,train
Chunk_1,b0c9d2329ad1606b|2018-08-02--16-41-38,17,Chunk_1/b0c9d2329ad1606b|2018-08-02--16-41-38/17,Chunk_1/b0c9d2329ad1606b|2018-08-02--16-41-38/17/video.hevc,37519770,True,True,True,1200,True,1200x3,True,1200x3,True,1200x4,1200,74239.073815,74299.022928,59.949113,20.000296,True,34.265869,34.823484,True,ok,train
Chunk_1,b0c9d2329ad1606b|2018-08-03--10-35-16,4,Chunk_1/b0c9d2329ad1606b|2018-08-03--10-35-16/4,Chunk_1/b0c9d2329ad1606b|2018-08-03--10-35-16/4/video.hevc,37445082,True,True,True,1199,True,1199x3,True,1199x3,True,1199x4,1199,1594.624464,1654.523623,59.899159,20.000281,True,35.313852,35.801112,True,ok,train
Chunk_1,b0c9d2329ad1606b|2018-08-03--10-35-16,5,Chunk_1/b0c9d2329ad1606b|2018-08-03--10-35-16/5,Chunk_1/b0c9d2329ad1606b|2018-08-03--10-35-16/5/video.hevc,37560154,True,True,True,1201,True,1201x3,True,1201x3,True,1201x4,1201,1654.573617,1714.57279,59.999173,20.000276,True,33.338855,34.362056,True,ok,train
Chunk_1,b0c9d2329ad1606b|2018-08-03--10-35-16,7,Chunk_1/b0c9d2329ad1606b|2018-08-03--10-35-16/7,Chunk_1/b0c9d2329ad1606b|2018-08-03--10-35-16/7/video.hevc,37527034,True,True,True,1200,True,1200x3,True,1200x3,True,1200x4,1200,1774.571947,1834.52109,59.949143,20.000286,True,30.004114,32.386833,True,ok,train
Chunk_1,b0c9d2329ad1606b|2018-08-03--10-35-16,8,Chunk_1/b0c9d2329ad1606b|2018-08-03--10-35-16/8,Chunk_1/b0c9d2329ad1606b|2018-08-03--10-35-16/8/video.hevc,37617594,True,True,True,1201,True,1201x3,True,1201x3,True,1201x4,1201,1834.57109,1894.570244,59.999154,20.000282,True,30.430262,31.904566,True,ok,train
Chunk_1,b0c9d2329ad1606b|2018-08-03--10-35-16,9,Chunk_1/b0c9d2329ad1606b|2018-08-03--10-35-16/9,Chunk_1/b0c9d2329ad1606b|2018-08-03--10-35-16/9/video.hevc,37475466,True,True,True,1198,True,1198x3,True,1198x3,True,1198x4,1198,1894.620246,1954.519423,59.899177,19.98358,True,28.020085,30.229196,True,ok,train
Chunk_1,b0c9d2329ad1606b|2018-08-03--10-35-16,10,Chunk_1/b0c9d2329ad1606b|2018-08-03--10-35-16/10,Chunk_1/b0c9d2329ad1606b|2018-08-03--10-35-16/10/video.hevc,37503946,True,True,True,1200,True,1200x3,True,1200x3,True,1200x4,1200,1954.569399,2014.518561,59.949162,20.00028,True,30.865886,33.228881,True,ok,train
Chunk_1,b0c9d2329ad1606b|2018-08-03--10-35-16,11,Chunk_1/b0c9d2329ad1606b|2018-08-03--10-35-16/11,Chunk_1/b0c9d2329ad1606b|2018-08-03--10-35-16/11/video.hevc,37506618,True,True,True,1199,True,1199x3,True,1199x3,True,1199x4,1199,2014.56856,2074.517733,59.949173,19.983595,True,30.009794,31.56521,True,ok,train
Chunk_1,b0c9d2329ad1606b|2018-08-03--10-35-16,12,Chunk_1/b0c9d2329ad1606b|2018-08-03--10-35-16/12,Chunk_1/b0c9d2329ad1606b|2018-08-03--10-35-16/12/video.hevc,37619818,True,True,True,1201,True,1201x3,True,1201x3,True,1201x4,1201,2074.567715,2134.566874,59.999159,20.00028,True,27.46331,30.482684,True,ok,train
Chunk_1,b0c9d2329ad1606b|2018-08-03--10-35-16,13,Chunk_1/b0c9d2329ad1606b|2018-08-03--10-35-16/13,Chunk_1/b0c9d2329ad1606b|2018-08-03--10-35-16/13/video.hevc,37440634,True,True,True,1199,True,1199x3,True,1199x3,True,1199x4,1199,2134.616868,2194.566026,59.949158,19.9836,True,16.989642,26.634085,True,ok,train
Chunk_1,b0c9d2329ad1606b|2018-08-03--10-35-16,14,Chunk_1/b0c9d2329ad1606b|2018-08-03--10-35-16/14,Chunk_1/b0c9d2329ad1606b|2018-08-03--10-35-16/14/video.hevc,37453082,True,True,True,1200,True,1200x3,True,1200x3,True,1200x4,1200,2194.616032,2254.565194,59.949162,20.00028,True,3.770212,13.04343,True,ok,train
Chunk_1,b0c9d2329ad1606b|2018-08-03--10-35-16,15,Chunk_1/b0c9d2329ad1606b|2018-08-03--10-35-16/15,Chunk_1/b0c9d2329ad1606b|2018-08-03--10-35-16/15/video.hevc,37535050,True,True,True,1200,True,1200x3,True,1200x3,True,1200x4,1200,2254.615187,2314.564345,59.949158,20.000281,True,9.644143,17.010848,True,ok,train
Chunk_1,b0c9d2329ad1606b|2018-08-03--10-35-16,16,Chunk_1/b0c9d2329ad1606b|2018-08-03--10-35-16/16,Chunk_1/b0c9d2329ad1606b|2018-08-03--10-35-16/16/video.hevc,37551178,True,True,True,1200,True,1200x3,True,1200x3,True,1200x4,1200,2314.614346,2374.563503,59.949157,20.000281,True,10.556048,17.062506,True,ok,train
Chunk_1,b0c9d2329ad1606b|2018-08-06--10-04-53,25,Chunk_1/b0c9d2329ad1606b|2018-08-06--10-04-53/25,Chunk_1/b0c9d2329ad1606b|2018-08-06--10-04-53/25/video.hevc,37485258,True,True,True,1200,True,1200x3,True,1200x3,True,1200x4,1200,1587.017595,1646.966763,59.949168,20.000278,True,28.803047,29.142453,True,ok,train
Chunk_1,b0c9d2329ad1606b|2018-08-06--10-04-53,26,Chunk_1/b0c9d2329ad1606b|2018-08-06--10-04-53/26,Chunk_1/b0c9d2329ad1606b|2018-08-06--10-04-53/26/video.hevc,37481498,True,True,True,1200,True,1200x3,True,1200x3,True,1200x4,1200,1647.01676,1706.965913,59.949153,20.000283,True,30.455602,34.2322,True,ok,train
Chunk_1,b0c9d2329ad1606b|2018-08-06--10-04-53,29,Chunk_1/b0c9d2329ad1606b|2018-08-06--10-04-53/29,Chunk_1/b0c9d2329ad1606b|2018-08-06--10-04-53/29/video.hevc,37557370,True,True,True,1201,True,1201x3,True,1201x3,True,1201x4,1201,1827.014225,1887.013381,59.999156,20.000281,True,26.382202,27.813518,True,ok,train
Chunk_1,b0c9d2329ad1606b|2018-08-06--10-04-53,30,Chunk_1/b0c9d2329ad1606b|2018-08-06--10-04-53/30,Chunk_1/b0c9d2329ad1606b|2018-08-06--10-04-53/30/video.hevc,37469994,True,True,True,1199,True,1199x3,True,1199x3,True,1199x4,1199,1887.063402,1946.962541,59.899139,20.000287,True,25.920425,27.682179,True,ok,train
Chunk_1,b0c9d2329ad1606b|2018-08-06--10-04-53,31,Chunk_1/b0c9d2329ad1606b|2018-08-06--10-04-53/31,Chunk_1/b0c9d2329ad1606b|2018-08-06--10-04-53/31/video.hevc,37635002,True,True,True,1201,True,1201x3,True,1201x3,True,1201x4,1201,1947.012541,2007.011695,59.999154,20.000282,True,29.312107,34.587477,True,ok,train
Chunk_1,b0c9d2329ad1606b|2018-08-06--10-04-53,32,Chunk_1/b0c9d2329ad1606b|2018-08-06--10-04-53/32,Chunk_1/b0c9d2329ad1606b|2018-08-06--10-04-53/32/video.hevc,37435114,True,True,True,1199,True,1199x3,True,1199x3,True,1199x4,1199,2007.061699,2066.96086,59.899161,20.00028,True,33.509104,34.31289,True,ok,train
Chunk_1,b0c9d2329ad1606b|2018-08-06--10-04-53,33,Chunk_1/b0c9d2329ad1606b|2018-08-06--10-04-53/33,Chunk_1/b0c9d2329ad1606b|2018-08-06--10-04-53/33/video.hevc,37556090,True,True,True,1201,True,1201x3,True,1201x3,True,1201x4,1201,2067.010869,2127.010012,59.999143,20.000286,True,33.391979,33.718771,True,ok,train
Chunk_1,b0c9d2329ad1606b|2018-08-06--10-04-53,34,Chunk_1/b0c9d2329ad1606b|2018-08-06--10-04-53/34,Chunk_1/b0c9d2329ad1606b|2018-08-06--10-04-53/34/video.hevc,37523354,True,True,True,1199,True,1199x3,True,1199x3,True,1199x4,1199,2127.060009,2186.959172,59.899163,20.000279,True,25.970992,33.415542,True,ok,train
Chunk_1,b0c9d2329ad1606b|2018-08-06--10-04-53,35,Chunk_1/b0c9d2329ad1606b|2018-08-06--10-04-53/35,Chunk_1/b0c9d2329ad1606b|2018-08-06--10-04-53/35/video.hevc,37515386,True,True,True,1201,True,1201x3,True,1201x3,True,1201x4,1201,2187.009169,2247.00832,59.999151,20.000283,True,11.20177,16.990641,True,ok,train
Chunk_1,b0c9d2329ad1606b|2018-08-06--10-04-53,36,Chunk_1/b0c9d2329ad1606b|2018-08-06--10-04-53/36,Chunk_1/b0c9d2329ad1606b|2018-08-06--10-04-53/36/video.hevc,37528810,True,True,True,1200,True,1200x3,True,1200x3,True,1200x4,1200,2247.058325,2307.007523,59.949198,20.000268,True,8.963492,22.581977,True,ok,train
Chunk_1,b0c9d2329ad1606b|2018-08-10--22-42-26,3,Chunk_1/b0c9d2329ad1606b|2018-08-10--22-42-26/3,Chunk_1/b0c9d2329ad1606b|2018-08-10--22-42-26/3/video.hevc,37448138,True,True,True,1200,True,1200x3,True,1200x3,True,1200x4,1200,38717.682433,38777.631603,59.94917,20.000277,True,14.592045,23.558544,True,ok,validation
Chunk_1,b0c9d2329ad1606b|2018-08-10--22-42-26,4,Chunk_1/b0c9d2329ad1606b|2018-08-10--22-42-26/4,Chunk_1/b0c9d2329ad1606b|2018-08-10--22-42-26/4/video.hevc,37499130,True,True,True,1199,True,1199x3,True,1199x3,True,1199x4,1199,38777.681588,38837.630747,59.949159,19.9836,True,10.203589,17.737821,True,ok,validation
Chunk_1,b0c9d2329ad1606b|2018-08-10--22-42-26,5,Chunk_1/b0c9d2329ad1606b|2018-08-10--22-42-26/5,Chunk_1/b0c9d2329ad1606b|2018-08-10--22-42-26/5/video.hevc,37540138,True,True,True,1200,True,1200x3,True,1200x3,True,1200x4,1200,38837.680758,38897.629911,59.949153,20.000283,True,21.996651,23.783741,True,ok,validation
Chunk_1,b0c9d2329ad1606b|2018-08-10--22-42-26,6,Chunk_1/b0c9d2329ad1606b|2018-08-10--22-42-26/6,Chunk_1/b0c9d2329ad1606b|2018-08-10--22-42-26/6/video.hevc,37508010,True,True,True,1200,True,1200x3,True,1200x3,True,1200x4,1200,38897.679906,38957.629063,59.949157,20.000281,True,28.449815,30.541288,True,ok,validation
Chunk_1,b0c9d2329ad1606b|2018-08-10--22-42-26,7,Chunk_1/b0c9d2329ad1606b|2018-08-10--22-42-26/7,Chunk_1/b0c9d2329ad1606b|2018-08-10--22-42-26/7/video.hevc,37495338,True,True,True,1200,True,1200x3,True,1200x3,True,1200x4,1200,38957.679058,39017.628236,59.949178,20.000274,True,29.117546,30.508325,True,ok,validation
Chunk_1,b0c9d2329ad1606b|2018-08-10--22-42-26,8,Chunk_1/b0c9d2329ad1606b|2018-08-10--22-42-26/8,Chunk_1/b0c9d2329ad1606b|2018-08-10--22-42-26/8/video.hevc,37409194,True,True,True,1200,True,1200x3,True,1200x3,True,1200x4,1200,39017.678255,39077.627403,59.949148,20.000284,True,29.17283,30.580508,True,ok,validation
Chunk_1,b0c9d2329ad1606b|2018-08-10--22-42-26,9,Chunk_1/b0c9d2329ad1606b|2018-08-10--22-42-26/9,Chunk_1/b0c9d2329ad1606b|2018-08-10--22-42-26/9/video.hevc,37391210,True,True,True,1200,True,1200x3,True,1200x3,True,1200x4,1200,39077.677374,39137.626537,59.949163,20.000279,True,30.411815,32.727424,True,ok,validation
Chunk_1,b0c9d2329ad1606b|2018-08-10--22-42-26,10,Chunk_1/b0c9d2329ad1606b|2018-08-10--22-42-26/10,Chunk_1/b0c9d2329ad1606b|2018-08-10--22-42-26/10/video.hevc,37473578,True,True,True,1200,True,1200x3,True,1200x3,True,1200x4,1200,39137.676573,39197.625701,59.949128,20.000291,True,30.441864,33.169708,True,ok,validation
Chunk_1,b0c9d2329ad1606b|2018-08-10--22-42-26,12,Chunk_1/b0c9d2329ad1606b|2018-08-10--22-42-26/12,Chunk_1/b0c9d2329ad1606b|2018-08-10--22-42-26/12/video.hevc,37515370,True,True,True,1200,True,1200x3,True,1200x3,True,1200x4,1200,39257.674876,39317.624002,59.949126,20.000292,True,24.809845,31.594568,True,ok,validation
Chunk_1,b0c9d2329ad1606b|2018-08-14--10-32-01,26,Chunk_1/b0c9d2329ad1606b|2018-08-14--10-32-01/26,Chunk_1/b0c9d2329ad1606b|2018-08-14--10-32-01/26/video.hevc,37504810,True,True,True,1200,True,1200x3,True,1200x3,True,1200x4,1200,341871.290827,341931.239975,59.949148,20.000284,True,31.474582,32.833183,True,ok,test
Chunk_1,b0c9d2329ad1606b|2018-08-14--10-32-01,27,Chunk_1/b0c9d2329ad1606b|2018-08-14--10-32-01/27,Chunk_1/b0c9d2329ad1606b|2018-08-14--10-32-01/27/video.hevc,37505626,True,True,True,1199,True,1199x3,True,1199x3,True,1199x4,1199,341931.289985,341991.239144,59.949159,19.9836,True,31.951814,34.22357,True,ok,test
Chunk_1,b0c9d2329ad1606b|2018-08-14--10-32-01,28,Chunk_1/b0c9d2329ad1606b|2018-08-14--10-32-01/28,Chunk_1/b0c9d2329ad1606b|2018-08-14--10-32-01/28/video.hevc,37509210,True,True,True,1199,True,1199x3,True,1199x3,True,1199x4,1199,341991.289142,342051.238317,59.949175,19.983594,True,32.143554,34.023642,True,ok,test
Chunk_1,b0c9d2329ad1606b|2018-08-14--10-32-01,29,Chunk_1/b0c9d2329ad1606b|2018-08-14--10-32-01/29,Chunk_1/b0c9d2329ad1606b|2018-08-14--10-32-01/29/video.hevc,37502602,True,True,True,1200,True,1200x3,True,1200x3,True,1200x4,1200,342051.288346,342111.23746,59.949114,20.000296,True,31.5502,32.248899,True,ok,test
Chunk_1,b0c9d2329ad1606b|2018-08-14--10-32-01,30,Chunk_1/b0c9d2329ad1606b|2018-08-14--10-32-01/30,Chunk_1/b0c9d2329ad1606b|2018-08-14--10-32-01/30/video.hevc,37491082,True,True,True,1197,True,1197x3,True,1197x3,True,1197x4,1197,342111.287452,342171.236616,59.949164,19.950237,True,29.631949,31.324499,True,ok,test
Chunk_1,b0c9d2329ad1606b|2018-08-14--10-32-01,31,Chunk_1/b0c9d2329ad1606b|2018-08-14--10-32-01/31,Chunk_1/b0c9d2329ad1606b|2018-08-14--10-32-01/31/video.hevc,37498298,True,True,True,1200,True,1200x3,True,1200x3,True,1200x4,1200,342171.286611,342231.235775,59.949164,20.000279,True,28.195201,30.075978,True,ok,test
Chunk_1,b0c9d2329ad1606b|2018-08-14--10-32-01,32,Chunk_1/b0c9d2329ad1606b|2018-08-14--10-32-01/32,Chunk_1/b0c9d2329ad1606b|2018-08-14--10-32-01/32/video.hevc,37510442,True,True,True,1200,True,1200x3,True,1200x3,True,1200x4,1200,342231.285802,342291.234922,59.94912,20.000294,True,28.703653,30.424345,True,ok,test
Chunk_1,b0c9d2329ad1606b|2018-08-14--10-32-01,33,Chunk_1/b0c9d2329ad1606b|2018-08-14--10-32-01/33,Chunk_1/b0c9d2329ad1606b|2018-08-14--10-32-01/33/video.hevc,37521290,True,True,True,1200,True,1200x3,True,1200x3,True,1200x4,1200,342291.284926,342351.234079,59.949153,20.000283,True,28.050811,30.20239,True,ok,test
Chunk_1,b0c9d2329ad1606b|2018-08-14--10-32-01,34,Chunk_1/b0c9d2329ad1606b|2018-08-14--10-32-01/34,Chunk_1/b0c9d2329ad1606b|2018-08-14--10-32-01/34/video.hevc,37519450,True,True,True,1200,True,1200x3,True,1200x3,True,1200x4,1200,342351.284092,342411.233237,59.949145,20.000285,True,29.88658,31.31046,True,ok,test
Chunk_1,b0c9d2329ad1606b|2018-08-14--10-32-01,35,Chunk_1/b0c9d2329ad1606b|2018-08-14--10-32-01/35,Chunk_1/b0c9d2329ad1606b|2018-08-14--10-32-01/35/video.hevc,37528106,True,True,True,1200,True,1200x3,True,1200x3,True,1200x4,1200,342411.283239,342471.232392,59.949153,20.000283,True,27.007697,30.357367,True,ok,test
Chunk_1,b0c9d2329ad1606b|2018-08-14--10-32-01,36,Chunk_1/b0c9d2329ad1606b|2018-08-14--10-32-01/36,Chunk_1/b0c9d2329ad1606b|2018-08-14--10-32-01/36/video.hevc,37467130,True,True,True,1199,True,1199x3,True,1199x3,True,1199x4,1199,342471.282391,342531.231554,59.949163,19.983598,True,12.110799,24.649633,True,ok,test
Chunk_1,b0c9d2329ad1606b|2018-08-14--10-32-01,37,Chunk_1/b0c9d2329ad1606b|2018-08-14--10-32-01/37,Chunk_1/b0c9d2329ad1606b|2018-08-14--10-32-01/37/video.hevc,37516010,True,True,True,1200,True,1200x3,True,1200x3,True,1200x4,1200,342531.281549,342591.230716,59.949167,20.000278,True,7.3716,20.220975,True,ok,test
Chunk_1,b0c9d2329ad1606b|2018-08-14--10-32-01,38,Chunk_1/b0c9d2329ad1606b|2018-08-14--10-32-01/38,Chunk_1/b0c9d2329ad1606b|2018-08-14--10-32-01/38/video.hevc,37459178,True,True,True,1200,True,1200x3,True,1200x3,True,1200x4,1200,342591.280731,342651.229868,59.949137,20.000288,True,18.622309,21.323826,True,ok,test
Chunk_1,b0c9d2329ad1606b|2018-08-14--20-41-07,4,Chunk_1/b0c9d2329ad1606b|2018-08-14--20-41-07/4,Chunk_1/b0c9d2329ad1606b|2018-08-14--20-41-07/4/video.hevc,37564618,True,True,True,1200,True,1200x3,True,1200x3,True,1200x4,1200,377096.914083,377156.913211,59.999128,19.983624,True,16.796526,20.484729,True,ok,train
Chunk_1,b0c9d2329ad1606b|2018-08-14--20-41-07,5,Chunk_1/b0c9d2329ad1606b|2018-08-14--20-41-07/5,Chunk_1/b0c9d2329ad1606b|2018-08-14--20-41-07/5/video.hevc,37487546,True,True,True,1200,True,1200x3,True,1200x3,True,1200x4,1200,377156.963208,377216.912384,59.949176,20.000275,True,7.614701,14.441283,True,ok,train
Chunk_1,b0c9d2329ad1606b|2018-08-14--20-41-07,6,Chunk_1/b0c9d2329ad1606b|2018-08-14--20-41-07/6,Chunk_1/b0c9d2329ad1606b|2018-08-14--20-41-07/6/video.hevc,37454746,True,True,True,1200,True,1200x3,True,1200x3,True,1200x4,1200,377216.962367,377276.911523,59.949156,20.000282,True,16.206503,20.031324,True,ok,train
Chunk_1,b0c9d2329ad1606b|2018-08-14--20-41-07,7,Chunk_1/b0c9d2329ad1606b|2018-08-14--20-41-07/7,Chunk_1/b0c9d2329ad1606b|2018-08-14--20-41-07/7/video.hevc,37403194,True,True,True,1199,True,1199x3,True,1199x3,True,1199x4,1199,377276.961531,377336.86068,59.899149,20.000284,True,22.225337,25.708561,True,ok,train
Chunk_1,b0c9d2329ad1606b|2018-08-14--20-41-07,8,Chunk_1/b0c9d2329ad1606b|2018-08-14--20-41-07/8,Chunk_1/b0c9d2329ad1606b|2018-08-14--20-41-07/8/video.hevc,37558218,True,True,True,1201,True,1201x3,True,1201x3,True,1201x4,1201,377336.910684,377396.909837,59.999153,20.000282,True,26.402582,27.152535,True,ok,train
Chunk_1,b0c9d2329ad1606b|2018-08-14--20-41-07,9,Chunk_1/b0c9d2329ad1606b|2018-08-14--20-41-07/9,Chunk_1/b0c9d2329ad1606b|2018-08-14--20-41-07/9/video.hevc,37468922,True,True,True,1199,True,1199x3,True,1199x3,True,1199x4,1199,377396.959836,377456.909028,59.949192,19.983589,True,26.923482,27.194803,True,ok,train
Chunk_1,b0c9d2329ad1606b|2018-08-14--20-41-07,10,Chunk_1/b0c9d2329ad1606b|2018-08-14--20-41-07/10,Chunk_1/b0c9d2329ad1606b|2018-08-14--20-41-07/10/video.hevc,37397002,True,True,True,1199,True,1199x3,True,1199x3,True,1199x4,1199,377456.95899,377516.858168,59.899178,20.000274,True,27.208224,28.253793,True,ok,train
Chunk_1,b0c9d2329ad1606b|2018-08-14--20-41-07,11,Chunk_1/b0c9d2329ad1606b|2018-08-14--20-41-07/11,Chunk_1/b0c9d2329ad1606b|2018-08-14--20-41-07/11/video.hevc,37568954,True,True,True,1201,True,1201x3,True,1201x3,True,1201x4,1201,377516.90815,377576.907318,59.999168,20.000277,True,28.199018,28.803248,True,ok,train
Chunk_1,b0c9d2329ad1606b|2018-08-14--20-41-07,12,Chunk_1/b0c9d2329ad1606b|2018-08-14--20-41-07/12,Chunk_1/b0c9d2329ad1606b|2018-08-14--20-41-07/12/video.hevc,37524090,True,True,True,1199,True,1199x3,True,1199x3,True,1199x4,1199,377576.957302,377636.906479,59.949177,19.983594,True,28.839753,29.428951,True,ok,train
Chunk_1,b0c9d2329ad1606b|2018-08-14--20-41-07,13,Chunk_1/b0c9d2329ad1606b|2018-08-14--20-41-07/13,Chunk_1/b0c9d2329ad1606b|2018-08-14--20-41-07/13/video.hevc,37459226,True,True,True,1199,True,1199x3,True,1199x3,True,1199x4,1199,377636.956465,377696.905624,59.949159,19.9836,True,29.183412,29.505134,True,ok,train
Chunk_1,b0c9d2329ad1606b|2018-08-14--20-41-07,14,Chunk_1/b0c9d2329ad1606b|2018-08-14--20-41-07/14,Chunk_1/b0c9d2329ad1606b|2018-08-14--20-41-07/14/video.hevc,37474330,True,True,True,1200,True,1200x3,True,1200x3,True,1200x4,1200,377696.955626,377756.90478,59.949154,20.000282,True,29.162379,29.445573,True,ok,train
Chunk_1,b0c9d2329ad1606b|2018-08-14--20-41-07,15,Chunk_1/b0c9d2329ad1606b|2018-08-14--20-41-07/15,Chunk_1/b0c9d2329ad1606b|2018-08-14--20-41-07/15/video.hevc,37523018,True,True,True,1200,True,1200x3,True,1200x3,True,1200x4,1200,377756.954781,377816.903949,59.949168,20.000278,True,29.207293,29.471778,True,ok,train
Chunk_1,b0c9d2329ad1606b|2018-08-14--20-41-07,16,Chunk_1/b0c9d2329ad1606b|2018-08-14--20-41-07/16,Chunk_1/b0c9d2329ad1606b|2018-08-14--20-41-07/16/video.hevc,37392314,True,True,True,1199,True,1199x3,True,1199x3,True,1199x4,1199,377816.953938,377876.90311,59.949172,19.983595,True,29.195753,29.450657,True,ok,train
Chunk_1,b0c9d2329ad1606b|2018-08-15--09-01-03,16,Chunk_1/b0c9d2329ad1606b|2018-08-15--09-01-03/16,Chunk_1/b0c9d2329ad1606b|2018-08-15--09-01-03/16/video.hevc,37496330,True,True,True,1199,True,1199x3,True,1199x3,True,1199x4,1199,422213.185223,422273.134394,59.949171,19.983596,True,25.688584,27.460086,True,ok,train
Chunk_1,b0c9d2329ad1606b|2018-08-15--09-01-03,17,Chunk_1/b0c9d2329ad1606b|2018-08-15--09-01-03/17,Chunk_1/b0c9d2329ad1606b|2018-08-15--09-01-03/17/video.hevc,37472954,True,True,True,1200,True,1200x3,True,1200x3,True,1200x4,1200,422273.184377,422333.133553,59.949176,20.000275,True,25.829029,29.126469,True,ok,train
Chunk_1,b0c9d2329ad1606b|2018-08-15--09-01-03,18,Chunk_1/b0c9d2329ad1606b|2018-08-15--09-01-03/18,Chunk_1/b0c9d2329ad1606b|2018-08-15--09-01-03/18/video.hevc,37521178,True,True,True,1199,True,1199x3,True,1199x3,True,1199x4,1199,422333.183567,422393.132736,59.949169,19.983596,True,27.43548,28.603311,True,ok,train
Chunk_1,b0c9d2329ad1606b|2018-08-15--09-01-03,19,Chunk_1/b0c9d2329ad1606b|2018-08-15--09-01-03/19,Chunk_1/b0c9d2329ad1606b|2018-08-15--09-01-03/19/video.hevc,37539770,True,True,True,1200,True,1200x3,True,1200x3,True,1200x4,1200,422393.182705,422453.13187,59.949165,20.000279,True,28.41526,31.201174,True,ok,train
Chunk_1,b0c9d2329ad1606b|2018-08-15--09-01-03,20,Chunk_1/b0c9d2329ad1606b|2018-08-15--09-01-03/20,Chunk_1/b0c9d2329ad1606b|2018-08-15--09-01-03/20/video.hevc,37583450,True,True,True,1198,True,1198x3,True,1198x3,True,1198x4,1198,422453.181849,422513.131007,59.949158,19.966919,True,25.859823,28.13241,True,ok,train
Chunk_1,b0c9d2329ad1606b|2018-08-15--09-01-03,21,Chunk_1/b0c9d2329ad1606b|2018-08-15--09-01-03/21,Chunk_1/b0c9d2329ad1606b|2018-08-15--09-01-03/21/video.hevc,37537674,True,True,True,1200,True,1200x3,True,1200x3,True,1200x4,1200,422513.181008,422573.13017,59.949162,20.00028,True,31.166735,34.48264,True,ok,train
Chunk_1,b0c9d2329ad1606b|2018-08-15--09-01-03,22,Chunk_1/b0c9d2329ad1606b|2018-08-15--09-01-03/22,Chunk_1/b0c9d2329ad1606b|2018-08-15--09-01-03/22/video.hevc,37488922,True,True,True,1200,True,1200x3,True,1200x3,True,1200x4,1200,422573.180181,422633.129337,59.949156,20.000282,True,28.264685,29.885009,True,ok,train
Chunk_1,b0c9d2329ad1606b|2018-08-15--09-01-03,23,Chunk_1/b0c9d2329ad1606b|2018-08-15--09-01-03/23,Chunk_1/b0c9d2329ad1606b|2018-08-15--09-01-03/23/video.hevc,37522426,True,True,True,1200,True,1200x3,True,1200x3,True,1200x4,1200,422633.179323,422693.128504,59.949181,20.000273,True,29.101469,29.748028,True,ok,train
Chunk_1,b0c9d2329ad1606b|2018-08-16--21-52-30,5,Chunk_1/b0c9d2329ad1606b|2018-08-16--21-52-30/5,Chunk_1/b0c9d2329ad1606b|2018-08-16--21-52-30/5/video.hevc,37377018,True,True,True,1200,True,1200x3,True,1200x3,True,1200x4,1200,17494.046174,17553.995349,59.949175,20.000275,True,28.341534,32.640437,True,ok,train
Chunk_1,b0c9d2329ad1606b|2018-08-16--21-52-30,6,Chunk_1/b0c9d2329ad1606b|2018-08-16--21-52-30/6,Chunk_1/b0c9d2329ad1606b|2018-08-16--21-52-30/6/video.hevc,37471450,True,True,True,1200,True,1200x3,True,1200x3,True,1200x4,1200,17554.045325,17613.994494,59.949169,20.000277,True,32.294234,35.029945,True,ok,train
Chunk_1,b0c9d2329ad1606b|2018-08-16--21-52-30,8,Chunk_1/b0c9d2329ad1606b|2018-08-16--21-52-30/8,Chunk_1/b0c9d2329ad1606b|2018-08-16--21-52-30/8/video.hevc,37490778,True,True,True,1200,True,1200x3,True,1200x3,True,1200x4,1200,17674.043645,17733.992814,59.949169,20.000277,True,33.353552,33.799832,True,ok,train
Chunk_1,b0c9d2329ad1606b|2018-08-17--12-07-08,27,Chunk_1/b0c9d2329ad1606b|2018-08-17--12-07-08/27,Chunk_1/b0c9d2329ad1606b|2018-08-17--12-07-08/27/video.hevc,37579386,True,True,True,1201,True,1201x3,True,1201x3,True,1201x4,1201,70091.661669,70151.660836,59.999167,20.000278,True,31.513281,31.73588,True,ok,train
Chunk_1,b0c9d2329ad1606b|2018-08-17--12-07-08,28,Chunk_1/b0c9d2329ad1606b|2018-08-17--12-07-08/28,Chunk_1/b0c9d2329ad1606b|2018-08-17--12-07-08/28/video.hevc,37460554,True,True,True,1199,True,1199x3,True,1199x3,True,1199x4,1199,70151.710903,70211.609989,59.899086,20.000305,True,31.499401,31.810534,True,ok,train
Chunk_1,b0c9d2329ad1606b|2018-08-17--12-07-08,29,Chunk_1/b0c9d2329ad1606b|2018-08-17--12-07-08/29,Chunk_1/b0c9d2329ad1606b|2018-08-17--12-07-08/29/video.hevc,37502266,True,True,True,1200,True,1200x3,True,1200x3,True,1200x4,1200,70211.659986,70271.609169,59.949183,20.000273,True,31.486891,31.797581,True,ok,train
Chunk_1,b0c9d2329ad1606b|2018-08-17--12-07-08,30,Chunk_1/b0c9d2329ad1606b|2018-08-17--12-07-08/30,Chunk_1/b0c9d2329ad1606b|2018-08-17--12-07-08/30/video.hevc,37513226,True,True,True,1200,True,1200x3,True,1200x3,True,1200x4,1200,70271.659167,70331.608321,59.949154,20.000282,True,31.521895,31.761981,True,ok,train
Chunk_1,b0c9d2329ad1606b|2018-08-17--12-07-08,31,Chunk_1/b0c9d2329ad1606b|2018-08-17--12-07-08/31,Chunk_1/b0c9d2329ad1606b|2018-08-17--12-07-08/31/video.hevc,37514346,True,True,True,1200,True,1200x3,True,1200x3,True,1200x4,1200,70331.658304,70391.607477,59.949173,20.000276,True,30.165947,31.709732,True,ok,train
Chunk_1,b0c9d2329ad1606b|2018-08-17--12-07-08,32,Chunk_1/b0c9d2329ad1606b|2018-08-17--12-07-08/32,Chunk_1/b0c9d2329ad1606b|2018-08-17--12-07-08/32/video.hevc,37458602,True,True,True,1200,True,1200x3,True,1200x3,True,1200x4,1200,70391.657485,70451.606626,59.949141,20.000287,True,28.434864,29.645276,True,ok,train
Chunk_1,b0c9d2329ad1606b|2018-08-17--12-07-08,33,Chunk_1/b0c9d2329ad1606b|2018-08-17--12-07-08/33,Chunk_1/b0c9d2329ad1606b|2018-08-17--12-07-08/33/video.hevc,37470042,True,True,True,1200,True,1200x3,True,1200x3,True,1200x4,1200,70451.656619,70511.605774,59.949155,20.000282,True,29.107273,31.037656,True,ok,train
Chunk_1,b0c9d2329ad1606b|2018-08-17--12-07-08,34,Chunk_1/b0c9d2329ad1606b|2018-08-17--12-07-08/34,Chunk_1/b0c9d2329ad1606b|2018-08-17--12-07-08/34/video.hevc,37500522,True,True,True,1200,True,1200x3,True,1200x3,True,1200x4,1200,70511.655783,70571.604939,59.949156,20.000282,True,29.694359,31.903653,True,ok,train
Chunk_1,b0c9d2329ad1606b|2018-08-17--12-07-08,35,Chunk_1/b0c9d2329ad1606b|2018-08-17--12-07-08/35,Chunk_1/b0c9d2329ad1606b|2018-08-17--12-07-08/35/video.hevc,37461354,True,True,True,1200,True,1200x3,True,1200x3,True,1200x4,1200,70571.65493,70631.604092,59.949162,20.00028,True,27.151149,31.69547,True,ok,train
Chunk_1,b0c9d2329ad1606b|2018-08-17--12-07-08,36,Chunk_1/b0c9d2329ad1606b|2018-08-17--12-07-08/36,Chunk_1/b0c9d2329ad1606b|2018-08-17--12-07-08/36/video.hevc,37502762,True,True,True,1201,True,1201x3,True,1201x3,True,1201x4,1201,70631.654083,70691.653239,59.999156,20.000281,True,17.338876,25.761468,True,ok,train
Chunk_1,b0c9d2329ad1606b|2018-08-17--12-07-08,37,Chunk_1/b0c9d2329ad1606b|2018-08-17--12-07-08/37,Chunk_1/b0c9d2329ad1606b|2018-08-17--12-07-08/37/video.hevc,37428778,True,True,True,1199,True,1199x3,True,1199x3,True,1199x4,1199,70691.703241,70751.602405,59.899164,20.000279,True,3.405138,9.99691,True,ok,train
Chunk_1,b0c9d2329ad1606b|2018-08-17--12-07-08,38,Chunk_1/b0c9d2329ad1606b|2018-08-17--12-07-08/38,Chunk_1/b0c9d2329ad1606b|2018-08-17--12-07-08/38/video.hevc,37547642,True,True,True,1201,True,1201x3,True,1201x3,True,1201x4,1201,70751.652401,70811.651558,59.999157,20.000281,True,2.964231,9.005129,True,ok,train
Chunk_1,b0c9d2329ad1606b|2018-08-17--12-07-08,39,Chunk_1/b0c9d2329ad1606b|2018-08-17--12-07-08/39,Chunk_1/b0c9d2329ad1606b|2018-08-17--12-07-08/39/video.hevc,37452202,True,True,True,1200,True,1200x3,True,1200x3,True,1200x4,1200,70811.701558,70871.650728,59.94917,20.000277,True,0.137755,4.501202,True,ok,train
Chunk_1,b0c9d2329ad1606b|2018-08-17--12-07-08,40,Chunk_1/b0c9d2329ad1606b|2018-08-17--12-07-08/40,Chunk_1/b0c9d2329ad1606b|2018-08-17--12-07-08/40/video.hevc,37480602,True,True,True,1199,True,1199x3,True,1199x3,True,1199x4,1199,70871.700709,70931.59987,59.899161,20.00028,True,9.59027,18.134851,True,ok,train
Chunk_1,b0c9d2329ad1606b|2018-08-17--12-07-08,41,Chunk_1/b0c9d2329ad1606b|2018-08-17--12-07-08/41,Chunk_1/b0c9d2329ad1606b|2018-08-17--12-07-08/41/video.hevc,37561562,True,True,True,1201,True,1201x3,True,1201x3,True,1201x4,1201,70931.649877,70991.649029,59.999152,20.000283,True,15.940858,18.879885,True,ok,train
Chunk_1,b0c9d2329ad1606b|2018-08-17--14-17-47,5,Chunk_1/b0c9d2329ad1606b|2018-08-17--14-17-47/5,Chunk_1/b0c9d2329ad1606b|2018-08-17--14-17-47/5/video.hevc,37502762,True,True,True,1200,True,1200x3,True,1200x3,True,1200x4,1200,76610.525247,76670.474403,59.949156,20.000282,True,4.064483,19.136909,True,ok,test
Chunk_1,b0c9d2329ad1606b|2018-08-17--14-17-47,6,Chunk_1/b0c9d2329ad1606b|2018-08-17--14-17-47/6,Chunk_1/b0c9d2329ad1606b|2018-08-17--14-17-47/6/video.hevc,37493962,True,True,True,1200,True,1200x3,True,1200x3,True,1200x4,1200,76670.5244,76730.473568,59.949168,20.000278,True,6.268877,19.995352,True,ok,test
Chunk_1,b0c9d2329ad1606b|2018-08-17--14-17-47,7,Chunk_1/b0c9d2329ad1606b|2018-08-17--14-17-47/7,Chunk_1/b0c9d2329ad1606b|2018-08-17--14-17-47/7/video.hevc,37459434,True,True,True,1200,True,1200x3,True,1200x3,True,1200x4,1200,76730.523567,76790.472719,59.949152,20.000283,True,6.529123,14.573737,True,ok,test
Chunk_1,b0c9d2329ad1606b|2018-08-17--14-17-47,8,Chunk_1/b0c9d2329ad1606b|2018-08-17--14-17-47/8,Chunk_1/b0c9d2329ad1606b|2018-08-17--14-17-47/8/video.hevc,37458634,True,True,True,1200,True,1200x3,True,1200x3,True,1200x4,1200,76790.522721,76850.47188,59.949159,20.000281,True,18.354474,23.573841,True,ok,test
Chunk_1,b0c9d2329ad1606b|2018-08-17--14-17-47,9,Chunk_1/b0c9d2329ad1606b|2018-08-17--14-17-47/9,Chunk_1/b0c9d2329ad1606b|2018-08-17--14-17-47/9/video.hevc,37493978,True,True,True,1200,True,1200x3,True,1200x3,True,1200x4,1200,76850.521878,76910.471044,59.949166,20.000278,True,27.44106,29.478856,True,ok,test
Chunk_1,b0c9d2329ad1606b|2018-08-17--14-17-47,10,Chunk_1/b0c9d2329ad1606b|2018-08-17--14-17-47/10,Chunk_1/b0c9d2329ad1606b|2018-08-17--14-17-47/10/video.hevc,37557370,True,True,True,1200,True,1200x3,True,1200x3,True,1200x4,1200,76910.521047,76970.470192,59.949145,20.000285,True,28.943484,29.821479,True,ok,test
Chunk_1,b0c9d2329ad1606b|2018-08-17--14-17-47,11,Chunk_1/b0c9d2329ad1606b|2018-08-17--14-17-47/11,Chunk_1/b0c9d2329ad1606b|2018-08-17--14-17-47/11/video.hevc,37456266,True,True,True,1200,True,1200x3,True,1200x3,True,1200x4,1200,76970.520189,77030.469381,59.949192,20.00027,True,16.388129,29.212816,True,ok,test
Chunk_1,b0c9d2329ad1606b|2018-08-17--14-17-47,12,Chunk_1/b0c9d2329ad1606b|2018-08-17--14-17-47/12,Chunk_1/b0c9d2329ad1606b|2018-08-17--14-17-47/12/video.hevc,37498986,True,True,True,1200,True,1200x3,True,1200x3,True,1200x4,1200,77030.519347,77090.468519,59.949172,20.000276,True,6.745176,12.665268,True,ok,test
Chunk_1,b0c9d2329ad1606b|2018-08-17--14-17-47,13,Chunk_1/b0c9d2329ad1606b|2018-08-17--14-17-47/13,Chunk_1/b0c9d2329ad1606b|2018-08-17--14-17-47/13/video.hevc,37499898,True,True,True,1200,True,1200x3,True,1200x3,True,1200x4,1200,77090.518507,77150.467663,59.949156,20.000282,True,9.206741,13.853448,True,ok,test
Chunk_1,b0c9d2329ad1606b|2018-08-17--14-55-39,1,Chunk_1/b0c9d2329ad1606b|2018-08-17--14-55-39/1,Chunk_1/b0c9d2329ad1606b|2018-08-17--14-55-39/1/video.hevc,37438266,True,True,True,1200,True,1200x3,True,1200x3,True,1200x4,1200,78642.481726,78702.430882,59.949156,20.000282,True,8.161045,18.177945,True,ok,train
Chunk_1,b0c9d2329ad1606b|2018-08-17--14-55-39,2,Chunk_1/b0c9d2329ad1606b|2018-08-17--14-55-39/2,Chunk_1/b0c9d2329ad1606b|2018-08-17--14-55-39/2/video.hevc,37447722,True,True,True,1200,True,1200x3,True,1200x3,True,1200x4,1200,78702.480895,78762.430062,59.949167,20.000278,True,3.217191,9.2347,True,ok,train
Chunk_1,b0c9d2329ad1606b|2018-08-17--14-55-39,3,Chunk_1/b0c9d2329ad1606b|2018-08-17--14-55-39/3,Chunk_1/b0c9d2329ad1606b|2018-08-17--14-55-39/3/video.hevc,37515482,True,True,True,1200,True,1200x3,True,1200x3,True,1200x4,1200,78762.480041,78822.429214,59.949173,20.000276,True,2.516239,4.972186,True,ok,train
Chunk_1,b0c9d2329ad1606b|2018-08-17--14-55-39,4,Chunk_1/b0c9d2329ad1606b|2018-08-17--14-55-39/4,Chunk_1/b0c9d2329ad1606b|2018-08-17--14-55-39/4/video.hevc,37488602,True,True,True,1200,True,1200x3,True,1200x3,True,1200x4,1200,78822.47922,78882.428376,59.949156,20.000282,True,16.163977,27.657781,True,ok,train
Chunk_1,b0c9d2329ad1606b|2018-08-17--14-55-39,5,Chunk_1/b0c9d2329ad1606b|2018-08-17--14-55-39/5,Chunk_1/b0c9d2329ad1606b|2018-08-17--14-55-39/5/video.hevc,37552698,True,True,True,1200,True,1200x3,True,1200x3,True,1200x4,1200,78882.47838,78942.427505,59.949125,20.000292,True,29.272312,33.403461,True,ok,train
Chunk_1,b0c9d2329ad1606b|2018-08-17--14-55-39,6,Chunk_1/b0c9d2329ad1606b|2018-08-17--14-55-39/6,Chunk_1/b0c9d2329ad1606b|2018-08-17--14-55-39/6/video.hevc,37480842,True,True,True,1200,True,1200x3,True,1200x3,True,1200x4,1200,78942.47751,79002.426669,59.949159,20.000281,True,28.067158,32.649447,True,ok,train
Chunk_1,b0c9d2329ad1606b|2018-08-17--14-55-39,7,Chunk_1/b0c9d2329ad1606b|2018-08-17--14-55-39/7,Chunk_1/b0c9d2329ad1606b|2018-08-17--14-55-39/7/video.hevc,37471274,True,True,True,1200,True,1200x3,True,1200x3,True,1200x4,1200,79002.476671,79062.425821,59.94915,20.000284,True,10.23294,24.266686,True,ok,train
Chunk_1,b0c9d2329ad1606b|2018-08-17--14-55-39,8,Chunk_1/b0c9d2329ad1606b|2018-08-17--14-55-39/8,Chunk_1/b0c9d2329ad1606b|2018-08-17--14-55-39/8/video.hevc,37461738,True,True,True,1200,True,1200x3,True,1200x3,True,1200x4,1200,79062.475825,79122.424998,59.949173,20.000276,True,9.052927,16.789431,True,ok,train
Chunk_1,b0c9d2329ad1606b|2018-08-17--14-55-39,9,Chunk_1/b0c9d2329ad1606b|2018-08-17--14-55-39/9,Chunk_1/b0c9d2329ad1606b|2018-08-17--14-55-39/9/video.hevc,37523274,True,True,True,1200,True,1200x3,True,1200x3,True,1200x4,1200,79122.474973,79182.424136,59.949163,20.000279,True,13.36939,20.325077,True,ok,train
Chunk_2,b0c9d2329ad1606b|2018-08-18--18-20-55,37,Chunk_2/b0c9d2329ad1606b|2018-08-18--18-20-55/37,Chunk_2/b0c9d2329ad1606b|2018-08-18--18-20-55/37/video.hevc,37606554,True,True,True,1201,True,1201x3,True,1201x3,True,1201x4,1201,8877.360327,8937.359475,59.999148,20.000284,True,32.680942,33.402008,True,ok,train
Chunk_2,b0c9d2329ad1606b|2018-08-18--18-20-55,38,Chunk_2/b0c9d2329ad1606b|2018-08-18--18-20-55/38,Chunk_2/b0c9d2329ad1606b|2018-08-18--18-20-55/38/video.hevc,37509322,True,True,True,1199,True,1199x3,True,1199x3,True,1199x4,1199,8937.409477,8997.308652,59.899175,20.000275,True,32.835023,33.4176,True,ok,train
Chunk_2,b0c9d2329ad1606b|2018-08-18--18-20-55,39,Chunk_2/b0c9d2329ad1606b|2018-08-18--18-20-55/39,Chunk_2/b0c9d2329ad1606b|2018-08-18--18-20-55/39/video.hevc,37503434,True,True,True,1200,True,1200x3,True,1200x3,True,1200x4,1200,8997.358693,9057.307811,59.949118,20.000294,True,31.614706,33.4549,True,ok,train
Chunk_2,b0c9d2329ad1606b|2018-08-18--18-20-55,40,Chunk_2/b0c9d2329ad1606b|2018-08-18--18-20-55/40,Chunk_2/b0c9d2329ad1606b|2018-08-18--18-20-55/40/video.hevc,37526714,True,True,True,1198,True,1198x3,True,1198x3,True,1198x4,1198,9057.357795,9117.306952,59.949157,19.96692,True,29.783988,32.586027,True,ok,train
Chunk_2,b0c9d2329ad1606b|2018-08-18--18-20-55,41,Chunk_2/b0c9d2329ad1606b|2018-08-18--18-20-55/41,Chunk_2/b0c9d2329ad1606b|2018-08-18--18-20-55/41/video.hevc,37505578,True,True,True,1200,True,1200x3,True,1200x3,True,1200x4,1200,9117.356976,9177.306153,59.949177,20.000275,True,31.534956,33.649244,True,ok,train
Chunk_2,b0c9d2329ad1606b|2018-08-18--18-20-55,42,Chunk_2/b0c9d2329ad1606b|2018-08-18--18-20-55/42,Chunk_2/b0c9d2329ad1606b|2018-08-18--18-20-55/42/video.hevc,37516362,True,True,True,1199,True,1199x3,True,1199x3,True,1199x4,1199,9177.356103,9237.305301,59.949198,19.983587,True,30.849609,31.624719,True,ok,train
Chunk_2,b0c9d2329ad1606b|2018-08-18--18-20-55,43,Chunk_2/b0c9d2329ad1606b|2018-08-18--18-20-55/43,Chunk_2/b0c9d2329ad1606b|2018-08-18--18-20-55/43/video.hevc,37499882,True,True,True,1200,True,1200x3,True,1200x3,True,1200x4,1200,9237.355264,9297.304433,59.949169,20.000277,True,31.667879,33.349767,True,ok,train
Chunk_2,b0c9d2329ad1606b|2018-08-18--18-20-55,44,Chunk_2/b0c9d2329ad1606b|2018-08-18--18-20-55/44,Chunk_2/b0c9d2329ad1606b|2018-08-18--18-20-55/44/video.hevc,37557402,True,True,True,1200,True,1200x3,True,1200x3,True,1200x4,1200,9297.354418,9357.353582,59.999164,19.983612,True,30.664853,33.458924,True,ok,train
Chunk_2,b0c9d2329ad1606b|2018-08-18--18-20-55,45,Chunk_2/b0c9d2329ad1606b|2018-08-18--18-20-55/45,Chunk_2/b0c9d2329ad1606b|2018-08-18--18-20-55/45/video.hevc,37471962,True,True,True,1199,True,1199x3,True,1199x3,True,1199x4,1199,9357.403577,9417.302736,59.899159,20.000281,True,23.768216,31.488354,True,ok,train
Chunk_2,b0c9d2329ad1606b|2018-08-18--18-20-55,46,Chunk_2/b0c9d2329ad1606b|2018-08-18--18-20-55/46,Chunk_2/b0c9d2329ad1606b|2018-08-18--18-20-55/46/video.hevc,37438138,True,True,True,1197,True,1197x3,True,1197x3,True,1197x4,1197,9417.35282,9477.301892,59.949072,19.950267,True,4.940622,19.798256,True,ok,train
Chunk_2,b0c9d2329ad1606b|2018-08-18--18-20-55,47,Chunk_2/b0c9d2329ad1606b|2018-08-18--18-20-55/47,Chunk_2/b0c9d2329ad1606b|2018-08-18--18-20-55/47/video.hevc,37558042,True,True,True,1201,True,1201x3,True,1201x3,True,1201x4,1201,9477.351896,9537.351091,59.999195,20.000268,True,6.723399,18.516147,True,ok,train
Chunk_2,b0c9d2329ad1606b|2018-08-18--18-20-55,48,Chunk_2/b0c9d2329ad1606b|2018-08-18--18-20-55/48,Chunk_2/b0c9d2329ad1606b|2018-08-18--18-20-55/48/video.hevc,37487226,True,True,True,1198,True,1198x3,True,1198x3,True,1198x4,1198,9537.40105,9597.300205,59.899155,19.983587,True,5.594372,17.41938,True,ok,train
Chunk_2,b0c9d2329ad1606b|2018-08-24--18-40-57,4,Chunk_2/b0c9d2329ad1606b|2018-08-24--18-40-57/4,Chunk_2/b0c9d2329ad1606b|2018-08-24--18-40-57/4/video.hevc,37567418,True,True,True,1200,True,1200x3,True,1200x3,True,1200x4,1200,105221.444893,105281.394049,59.949156,20.000282,True,11.899845,16.674549,True,ok,train
Chunk_2,b0c9d2329ad1606b|2018-08-24--18-40-57,5,Chunk_2/b0c9d2329ad1606b|2018-08-24--18-40-57/5,Chunk_2/b0c9d2329ad1606b|2018-08-24--18-40-57/5/video.hevc,37515194,True,True,True,1200,True,1200x3,True,1200x3,True,1200x4,1200,105281.444052,105341.393207,59.949155,20.000282,True,11.191445,17.786117,True,ok,train
Chunk_2,b0c9d2329ad1606b|2018-08-24--18-40-57,6,Chunk_2/b0c9d2329ad1606b|2018-08-24--18-40-57/6,Chunk_2/b0c9d2329ad1606b|2018-08-24--18-40-57/6/video.hevc,37488586,True,True,True,1200,True,1200x3,True,1200x3,True,1200x4,1200,105341.443205,105401.392373,59.949168,20.000278,True,2.268828,13.927801,True,ok,train
Chunk_2,b0c9d2329ad1606b|2018-08-24--18-40-57,7,Chunk_2/b0c9d2329ad1606b|2018-08-24--18-40-57/7,Chunk_2/b0c9d2329ad1606b|2018-08-24--18-40-57/7/video.hevc,37498314,True,True,True,1200,True,1200x3,True,1200x3,True,1200x4,1200,105401.44239,105461.391535,59.949145,20.000285,True,16.552212,20.750281,True,ok,train
Chunk_2,b0c9d2329ad1606b|2018-08-24--18-40-57,8,Chunk_2/b0c9d2329ad1606b|2018-08-24--18-40-57/8,Chunk_2/b0c9d2329ad1606b|2018-08-24--18-40-57/8/video.hevc,37496842,True,True,True,1200,True,1200x3,True,1200x3,True,1200x4,1200,105461.441522,105521.390682,59.94916,20.00028,True,24.431622,28.327111,True,ok,train
Chunk_2,b0c9d2329ad1606b|2018-08-24--18-40-57,9,Chunk_2/b0c9d2329ad1606b|2018-08-24--18-40-57/9,Chunk_2/b0c9d2329ad1606b|2018-08-24--18-40-57/9/video.hevc,37540730,True,True,True,1200,True,1200x3,True,1200x3,True,1200x4,1200,105521.440673,105581.389832,59.949159,20.000281,True,27.923246,30.399744,True,ok,train
Chunk_2,b0c9d2329ad1606b|2018-08-24--18-40-57,10,Chunk_2/b0c9d2329ad1606b|2018-08-24--18-40-57/10,Chunk_2/b0c9d2329ad1606b|2018-08-24--18-40-57/10/video.hevc,37608010,True,True,True,1200,True,1200x3,True,1200x3,True,1200x4,1200,105581.439833,105641.38899,59.949157,20.000281,True,25.944484,28.050792,True,ok,train
Chunk_2,b0c9d2329ad1606b|2018-09-13--22-01-21,14,Chunk_2/b0c9d2329ad1606b|2018-09-13--22-01-21/14,Chunk_2/b0c9d2329ad1606b|2018-09-13--22-01-21/14/video.hevc,37430154,True,True,True,1200,True,1200x3,True,1200x3,True,1200x4,1200,34811.196915,34871.146074,59.949159,20.000281,True,16.440322,21.02669,True,ok,train
Chunk_2,b0c9d2329ad1606b|2018-09-13--22-01-21,15,Chunk_2/b0c9d2329ad1606b|2018-09-13--22-01-21/15,Chunk_2/b0c9d2329ad1606b|2018-09-13--22-01-21/15/video.hevc,37461914,True,True,True,1199,True,1199x3,True,1199x3,True,1199x4,1199,34871.196068,34931.095228,59.89916,20.00028,True,12.379372,20.973506,True,ok,train
Chunk_2,b0c9d2329ad1606b|2018-09-15--17-50-36,74,Chunk_2/b0c9d2329ad1606b|2018-09-15--17-50-36/74,Chunk_2/b0c9d2329ad1606b|2018-09-15--17-50-36/74/video.hevc,37474490,True,True,True,1200,True,1200x3,True,1200x3,True,1200x4,1200,31746.460556,31806.409695,59.949139,20.000287,True,32.461767,33.658532,True,ok,train
Chunk_2,b0c9d2329ad1606b|2018-09-15--17-50-36,75,Chunk_2/b0c9d2329ad1606b|2018-09-15--17-50-36/75,Chunk_2/b0c9d2329ad1606b|2018-09-15--17-50-36/75/video.hevc,37474650,True,True,True,1199,True,1199x3,True,1199x3,True,1199x4,1199,31806.45972,31866.408855,59.949135,19.983608,True,33.463876,33.714999,True,ok,train
Chunk_2,b0c9d2329ad1606b|2018-09-15--17-50-36,76,Chunk_2/b0c9d2329ad1606b|2018-09-15--17-50-36/76,Chunk_2/b0c9d2329ad1606b|2018-09-15--17-50-36/76/video.hevc,37502666,True,True,True,1199,True,1199x3,True,1199x3,True,1199x4,1199,31866.458858,31926.408007,59.949149,19.983603,True,31.680545,33.673972,True,ok,train
Chunk_2,b0c9d2329ad1606b|2018-09-15--17-50-36,77,Chunk_2/b0c9d2329ad1606b|2018-09-15--17-50-36/77,Chunk_2/b0c9d2329ad1606b|2018-09-15--17-50-36/77/video.hevc,37412394,True,True,True,1200,True,1200x3,True,1200x3,True,1200x4,1200,31926.458008,31986.407163,59.949155,20.000282,True,30.969163,34.958325,True,ok,train
Chunk_2,b0c9d2329ad1606b|2018-09-20--19-47-23,4,Chunk_2/b0c9d2329ad1606b|2018-09-20--19-47-23/4,Chunk_2/b0c9d2329ad1606b|2018-09-20--19-47-23/4/video.hevc,37474522,True,True,True,1200,True,1200x3,True,1200x3,True,1200x4,1200,1503.04773,1562.99687,59.94914,20.000287,True,16.822843,21.794897,True,ok,validation
Chunk_2,b0c9d2329ad1606b|2018-09-20--19-47-23,5,Chunk_2/b0c9d2329ad1606b|2018-09-20--19-47-23/5,Chunk_2/b0c9d2329ad1606b|2018-09-20--19-47-23/5/video.hevc,37510122,True,True,True,1200,True,1200x3,True,1200x3,True,1200x4,1200,1563.04687,1622.996023,59.949153,20.000283,True,8.448701,21.726584,True,ok,validation
Chunk_2,b0c9d2329ad1606b|2018-09-20--19-47-23,6,Chunk_2/b0c9d2329ad1606b|2018-09-20--19-47-23/6,Chunk_2/b0c9d2329ad1606b|2018-09-20--19-47-23/6/video.hevc,37417626,True,True,True,1200,True,1200x3,True,1200x3,True,1200x4,1200,1623.046025,1682.995175,59.94915,20.000284,True,4.618637,13.090703,True,ok,validation
Chunk_2,b0c9d2329ad1606b|2018-09-20--19-47-23,7,Chunk_2/b0c9d2329ad1606b|2018-09-20--19-47-23/7,Chunk_2/b0c9d2329ad1606b|2018-09-20--19-47-23/7/video.hevc,37477530,True,True,True,1200,True,1200x3,True,1200x3,True,1200x4,1200,1683.045178,1742.994337,59.949159,20.000281,True,3.320289,18.718467,True,ok,validation
Chunk_2,b0c9d2329ad1606b|2018-09-20--19-47-23,8,Chunk_2/b0c9d2329ad1606b|2018-09-20--19-47-23/8,Chunk_2/b0c9d2329ad1606b|2018-09-20--19-47-23/8/video.hevc,37533322,True,True,True,1199,True,1199x3,True,1199x3,True,1199x4,1199,1743.044334,1802.993496,59.949162,19.983599,True,23.948282,28.43774,True,ok,validation
Chunk_2,b0c9d2329ad1606b|2018-09-20--19-47-23,9,Chunk_2/b0c9d2329ad1606b|2018-09-20--19-47-23/9,Chunk_2/b0c9d2329ad1606b|2018-09-20--19-47-23/9/video.hevc,37429018,True,True,True,1200,True,1200x3,True,1200x3,True,1200x4,1200,1803.043518,1862.992652,59.949134,20.000289,True,28.446163,29.388006,True,ok,validation
Chunk_2,b0c9d2329ad1606b|2018-09-20--19-47-23,10,Chunk_2/b0c9d2329ad1606b|2018-09-20--19-47-23/10,Chunk_2/b0c9d2329ad1606b|2018-09-20--19-47-23/10/video.hevc,37452058,True,True,True,1200,True,1200x3,True,1200x3,True,1200x4,1200,1863.04266,1922.991829,59.949169,20.000277,True,28.416136,29.392419,True,ok,validation
Chunk_2,b0c9d2329ad1606b|2018-09-20--19-47-23,11,Chunk_2/b0c9d2329ad1606b|2018-09-20--19-47-23/11,Chunk_2/b0c9d2329ad1606b|2018-09-20--19-47-23/11/video.hevc,37461658,True,True,True,1200,True,1200x3,True,1200x3,True,1200x4,1200,1923.041825,1982.990968,59.949143,20.000286,True,29.072897,29.418014,True,ok,validation
Chunk_2,b0c9d2329ad1606b|2018-09-20--19-47-23,12,Chunk_2/b0c9d2329ad1606b|2018-09-20--19-47-23/12,Chunk_2/b0c9d2329ad1606b|2018-09-20--19-47-23/12/video.hevc,37407898,True,True,True,1199,True,1199x3,True,1199x3,True,1199x4,1199,1983.040968,2042.990119,59.949151,19.983602,True,29.51312,30.549787,True,ok,validation
Chunk_2,b0c9d2329ad1606b|2018-09-20--19-47-23,13,Chunk_2/b0c9d2329ad1606b|2018-09-20--19-47-23/13,Chunk_2/b0c9d2329ad1606b|2018-09-20--19-47-23/13/video.hevc,37561370,True,True,True,1200,True,1200x3,True,1200x3,True,1200x4,1200,2043.04012,2102.989282,59.949162,20.00028,True,30.32091,30.602453,True,ok,validation
Chunk_2,b0c9d2329ad1606b|2018-09-20--19-47-23,14,Chunk_2/b0c9d2329ad1606b|2018-09-20--19-47-23/14,Chunk_2/b0c9d2329ad1606b|2018-09-20--19-47-23/14/video.hevc,37493274,True,True,True,1200,True,1200x3,True,1200x3,True,1200x4,1200,2103.039285,2162.988475,59.94919,20.00027,True,30.306921,30.613794,True,ok,validation
Chunk_2,b0c9d2329ad1606b|2018-09-20--19-47-23,15,Chunk_2/b0c9d2329ad1606b|2018-09-20--19-47-23/15,Chunk_2/b0c9d2329ad1606b|2018-09-20--19-47-23/15/video.hevc,37413210,True,True,True,1200,True,1200x3,True,1200x3,True,1200x4,1200,2163.038436,2222.987595,59.949159,20.000281,True,30.296651,30.649054,True,ok,validation
Chunk_2,b0c9d2329ad1606b|2018-09-20--19-47-23,16,Chunk_2/b0c9d2329ad1606b|2018-09-20--19-47-23/16,Chunk_2/b0c9d2329ad1606b|2018-09-20--19-47-23/16/video.hevc,37415002,True,True,True,1200,True,1200x3,True,1200x3,True,1200x4,1200,2223.037592,2282.986752,59.94916,20.00028,True,30.295474,30.79295,True,ok,validation
Chunk_2,b0c9d2329ad1606b|2018-09-20--19-47-23,17,Chunk_2/b0c9d2329ad1606b|2018-09-20--19-47-23/17,Chunk_2/b0c9d2329ad1606b|2018-09-20--19-47-23/17/video.hevc,37397738,True,True,True,1200,True,1200x3,True,1200x3,True,1200x4,1200,2283.036754,2342.985916,59.949162,20.00028,True,30.331946,30.591423,True,ok,validation
Chunk_2,b0c9d2329ad1606b|2018-09-21--09-50-40,26,Chunk_2/b0c9d2329ad1606b|2018-09-21--09-50-40/26,Chunk_2/b0c9d2329ad1606b|2018-09-21--09-50-40/26/video.hevc,37463882,True,True,True,1200,True,1200x3,True,1200x3,True,1200x4,1200,1861.586687,1921.535846,59.949159,20.000281,True,31.8996,32.223805,True,ok,test
Chunk_2,b0c9d2329ad1606b|2018-09-21--09-50-40,27,Chunk_2/b0c9d2329ad1606b|2018-09-21--09-50-40/27,Chunk_2/b0c9d2329ad1606b|2018-09-21--09-50-40/27/video.hevc,37446058,True,True,True,1200,True,1200x3,True,1200x3,True,1200x4,1200,1921.585846,1981.535003,59.949157,20.000281,True,31.793351,32.243914,True,ok,test
Chunk_2,b0c9d2329ad1606b|2018-09-21--09-50-40,28,Chunk_2/b0c9d2329ad1606b|2018-09-21--09-50-40/28,Chunk_2/b0c9d2329ad1606b|2018-09-21--09-50-40/28/video.hevc,37485994,True,True,True,1200,True,1200x3,True,1200x3,True,1200x4,1200,1981.585,2041.534157,59.949157,20.000281,True,28.955163,32.084868,True,ok,test
Chunk_2,b0c9d2329ad1606b|2018-09-21--09-50-40,29,Chunk_2/b0c9d2329ad1606b|2018-09-21--09-50-40/29,Chunk_2/b0c9d2329ad1606b|2018-09-21--09-50-40/29/video.hevc,37511018,True,True,True,1200,True,1200x3,True,1200x3,True,1200x4,1200,2041.584157,2101.53332,59.949163,20.000279,True,31.956741,32.516078,True,ok,test
Chunk_2,b0c9d2329ad1606b|2018-09-21--09-50-40,30,Chunk_2/b0c9d2329ad1606b|2018-09-21--09-50-40/30,Chunk_2/b0c9d2329ad1606b|2018-09-21--09-50-40/30/video.hevc,37498186,True,True,True,1200,True,1200x3,True,1200x3,True,1200x4,1200,2101.583426,2161.532484,59.949058,20.000314,True,29.686242,31.643429,True,ok,test
Chunk_2,b0c9d2329ad1606b|2018-09-21--09-50-40,31,Chunk_2/b0c9d2329ad1606b|2018-09-21--09-50-40/31,Chunk_2/b0c9d2329ad1606b|2018-09-21--09-50-40/31/video.hevc,37458890,True,True,True,1198,True,1198x3,True,1198x3,True,1198x4,1198,2161.582508,2221.531647,59.949139,19.966926,True,31.168963,32.435474,True,ok,test
Chunk_2,b0c9d2329ad1606b|2018-09-21--09-50-40,32,Chunk_2/b0c9d2329ad1606b|2018-09-21--09-50-40/32,Chunk_2/b0c9d2329ad1606b|2018-09-21--09-50-40/32/video.hevc,37473754,True,True,True,1200,True,1200x3,True,1200x3,True,1200x4,1200,2221.581629,2281.530796,59.949167,20.000278,True,29.462092,31.573794,True,ok,test
Chunk_2,b0c9d2329ad1606b|2018-09-21--09-50-40,33,Chunk_2/b0c9d2329ad1606b|2018-09-21--09-50-40/33,Chunk_2/b0c9d2329ad1606b|2018-09-21--09-50-40/33/video.hevc,37509322,True,True,True,1200,True,1200x3,True,1200x3,True,1200x4,1200,2281.5808,2341.529963,59.949163,20.000279,True,29.44998,32.408226,True,ok,test
Chunk_2,b0c9d2329ad1606b|2018-09-21--09-50-40,34,Chunk_2/b0c9d2329ad1606b|2018-09-21--09-50-40/34,Chunk_2/b0c9d2329ad1606b|2018-09-21--09-50-40/34/video.hevc,37498234,True,True,True,1200,True,1200x3,True,1200x3,True,1200x4,1200,2341.57996,2401.529099,59.949139,20.000287,True,28.730755,30.650372,True,ok,test
Chunk_2,b0c9d2329ad1606b|2018-09-21--09-50-40,35,Chunk_2/b0c9d2329ad1606b|2018-09-21--09-50-40/35,Chunk_2/b0c9d2329ad1606b|2018-09-21--09-50-40/35/video.hevc,37520426,True,True,True,1200,True,1200x3,True,1200x3,True,1200x4,1200,2401.579105,2461.528258,59.949153,20.000283,True,16.624101,25.123965,True,ok,test
Chunk_2,b0c9d2329ad1606b|2018-09-21--09-50-40,36,Chunk_2/b0c9d2329ad1606b|2018-09-21--09-50-40/36,Chunk_2/b0c9d2329ad1606b|2018-09-21--09-50-40/36/video.hevc,37445690,True,True,True,1200,True,1200x3,True,1200x3,True,1200x4,1200,2461.578274,2521.527414,59.94914,20.000287,True,1.737929,8.066552,True,ok,test
Chunk_2,b0c9d2329ad1606b|2018-09-21--09-50-40,37,Chunk_2/b0c9d2329ad1606b|2018-09-21--09-50-40/37,Chunk_2/b0c9d2329ad1606b|2018-09-21--09-50-40/37/video.hevc,37531018,True,True,True,1200,True,1200x3,True,1200x3,True,1200x4,1200,2521.577415,2581.526576,59.949161,20.00028,True,12.874981,21.880598,True,ok,test
Chunk_2,b0c9d2329ad1606b|2018-09-21--23-18-39,0,Chunk_2/b0c9d2329ad1606b|2018-09-21--23-18-39/0,Chunk_2/b0c9d2329ad1606b|2018-09-21--23-18-39/0/video.hevc,37184122,True,True,True,1190,True,1190x3,True,1190x3,True,1190x4,1190,4651.380759,4710.829942,59.449183,20.000275,True,8.522585,20.340056,True,ok,train
Chunk_2,b0c9d2329ad1606b|2018-09-21--23-18-39,1,Chunk_2/b0c9d2329ad1606b|2018-09-21--23-18-39/1,Chunk_2/b0c9d2329ad1606b|2018-09-21--23-18-39/1/video.hevc,37553466,True,True,True,1200,True,1200x3,True,1200x3,True,1200x4,1200,4710.879917,4770.829069,59.949152,20.000283,True,7.387424,17.36547,True,ok,train
Chunk_2,b0c9d2329ad1606b|2018-09-21--23-18-39,2,Chunk_2/b0c9d2329ad1606b|2018-09-21--23-18-39/2,Chunk_2/b0c9d2329ad1606b|2018-09-21--23-18-39/2/video.hevc,37488234,True,True,True,1200,True,1200x3,True,1200x3,True,1200x4,1200,4770.879072,4830.828248,59.949176,20.000275,True,10.942319,21.842376,True,ok,train
Chunk_2,b0c9d2329ad1606b|2018-09-21--23-18-39,3,Chunk_2/b0c9d2329ad1606b|2018-09-21--23-18-39/3,Chunk_2/b0c9d2329ad1606b|2018-09-21--23-18-39/3/video.hevc,37447898,True,True,True,1200,True,1200x3,True,1200x3,True,1200x4,1200,4830.878242,4890.827408,59.949166,20.000278,True,22.399966,24.874846,True,ok,train
Chunk_2,b0c9d2329ad1606b|2018-09-21--23-18-39,4,Chunk_2/b0c9d2329ad1606b|2018-09-21--23-18-39/4,Chunk_2/b0c9d2329ad1606b|2018-09-21--23-18-39/4/video.hevc,37531658,True,True,True,1200,True,1200x3,True,1200x3,True,1200x4,1200,4890.877392,4950.826548,59.949156,20.000282,True,28.546572,29.731878,True,ok,train
Chunk_2,b0c9d2329ad1606b|2018-09-21--23-18-39,5,Chunk_2/b0c9d2329ad1606b|2018-09-21--23-18-39/5,Chunk_2/b0c9d2329ad1606b|2018-09-21--23-18-39/5/video.hevc,37480218,True,True,True,1199,True,1199x3,True,1199x3,True,1199x4,1199,4950.876546,5010.825707,59.949161,19.983599,True,29.348898,29.638523,True,ok,train
Chunk_2,b0c9d2329ad1606b|2018-09-21--23-18-39,6,Chunk_2/b0c9d2329ad1606b|2018-09-21--23-18-39/6,Chunk_2/b0c9d2329ad1606b|2018-09-21--23-18-39/6/video.hevc,37477834,True,True,True,1200,True,1200x3,True,1200x3,True,1200x4,1200,5010.875708,5070.824863,59.949155,20.000282,True,29.439344,29.719783,True,ok,train
Chunk_2,b0c9d2329ad1606b|2018-09-21--23-18-39,7,Chunk_2/b0c9d2329ad1606b|2018-09-21--23-18-39/7,Chunk_2/b0c9d2329ad1606b|2018-09-21--23-18-39/7/video.hevc,37396362,True,True,True,1199,True,1199x3,True,1199x3,True,1199x4,1199,5070.874863,5130.824022,59.949159,19.9836,True,29.485276,29.73663,True,ok,train
Chunk_2,b0c9d2329ad1606b|2018-09-21--23-18-39,8,Chunk_2/b0c9d2329ad1606b|2018-09-21--23-18-39/8,Chunk_2/b0c9d2329ad1606b|2018-09-21--23-18-39/8/video.hevc,37543242,True,True,True,1200,True,1200x3,True,1200x3,True,1200x4,1200,5130.874014,5190.823174,59.94916,20.00028,True,29.994289,33.104803,True,ok,train
Chunk_2,b0c9d2329ad1606b|2018-09-21--23-18-39,9,Chunk_2/b0c9d2329ad1606b|2018-09-21--23-18-39/9,Chunk_2/b0c9d2329ad1606b|2018-09-21--23-18-39/9/video.hevc,37402538,True,True,True,1200,True,1200x3,True,1200x3,True,1200x4,1200,5190.873175,5250.822336,59.949161,20.00028,True,32.468467,33.020998,True,ok,train
Chunk_2,b0c9d2329ad1606b|2018-09-21--23-18-39,10,Chunk_2/b0c9d2329ad1606b|2018-09-21--23-18-39/10,Chunk_2/b0c9d2329ad1606b|2018-09-21--23-18-39/10/video.hevc,37499450,True,True,True,1200,True,1200x3,True,1200x3,True,1200x4,1200,5250.872333,5310.821503,59.94917,20.000277,True,31.23867,32.122478,True,ok,train
Chunk_2,b0c9d2329ad1606b|2018-09-21--23-18-39,11,Chunk_2/b0c9d2329ad1606b|2018-09-21--23-18-39/11,Chunk_2/b0c9d2329ad1606b|2018-09-21--23-18-39/11/video.hevc,37407386,True,True,True,1200,True,1200x3,True,1200x3,True,1200x4,1200,5310.871486,5370.820645,59.949159,20.000281,True,31.721739,32.046553,True,ok,train
Chunk_2,b0c9d2329ad1606b|2018-09-21--23-18-39,12,Chunk_2/b0c9d2329ad1606b|2018-09-21--23-18-39/12,Chunk_2/b0c9d2329ad1606b|2018-09-21--23-18-39/12/video.hevc,37404314,True,True,True,1200,True,1200x3,True,1200x3,True,1200x4,1200,5370.870639,5430.819806,59.949167,20.000278,True,31.746014,31.9879,True,ok,train
Chunk_2,b0c9d2329ad1606b|2018-09-23--12-52-06,41,Chunk_2/b0c9d2329ad1606b|2018-09-23--12-52-06/41,Chunk_2/b0c9d2329ad1606b|2018-09-23--12-52-06/41/video.hevc,37483050,True,True,True,1200,True,1200x3,True,1200x3,True,1200x4,1200,5283.098055,5343.047214,59.949159,20.000281,True,20.206922,23.990416,True,ok,train
Chunk_2,b0c9d2329ad1606b|2018-09-23--12-52-06,42,Chunk_2/b0c9d2329ad1606b|2018-09-23--12-52-06/42,Chunk_2/b0c9d2329ad1606b|2018-09-23--12-52-06/42/video.hevc,37526122,True,True,True,1200,True,1200x3,True,1200x3,True,1200x4,1200,5343.097213,5403.04637,59.949157,20.000281,True,25.159676,31.21496,True,ok,train
Chunk_2,b0c9d2329ad1606b|2018-09-23--12-52-06,43,Chunk_2/b0c9d2329ad1606b|2018-09-23--12-52-06/43,Chunk_2/b0c9d2329ad1606b|2018-09-23--12-52-06/43/video.hevc,37469546,True,True,True,1200,True,1200x3,True,1200x3,True,1200x4,1200,5403.096371,5463.045534,59.949163,20.000279,True,28.037942,32.77192,True,ok,train
Chunk_2,b0c9d2329ad1606b|2018-09-23--12-52-06,44,Chunk_2/b0c9d2329ad1606b|2018-09-23--12-52-06/44,Chunk_2/b0c9d2329ad1606b|2018-09-23--12-52-06/44/video.hevc,37476282,True,True,True,1200,True,1200x3,True,1200x3,True,1200x4,1200,5463.095529,5523.044694,59.949165,20.000279,True,27.794453,30.60297,True,ok,train
Chunk_2,b0c9d2329ad1606b|2018-09-23--12-52-06,45,Chunk_2/b0c9d2329ad1606b|2018-09-23--12-52-06/45,Chunk_2/b0c9d2329ad1606b|2018-09-23--12-52-06/45/video.hevc,37442618,True,True,True,1199,True,1199x3,True,1199x3,True,1199x4,1199,5523.094706,5582.993866,59.89916,20.00028,True,28.814419,33.000324,True,ok,train
Chunk_2,b0c9d2329ad1606b|2018-09-23--12-52-06,46,Chunk_2/b0c9d2329ad1606b|2018-09-23--12-52-06/46,Chunk_2/b0c9d2329ad1606b|2018-09-23--12-52-06/46/video.hevc,37525610,True,True,True,1201,True,1201x3,True,1201x3,True,1201x4,1201,5583.043853,5643.043015,59.999162,20.000279,True,30.215063,31.222234,True,ok,train
Chunk_2,b0c9d2329ad1606b|2018-09-23--12-52-06,47,Chunk_2/b0c9d2329ad1606b|2018-09-23--12-52-06/47,Chunk_2/b0c9d2329ad1606b|2018-09-23--12-52-06/47/video.hevc,37493882,True,True,True,1200,True,1200x3,True,1200x3,True,1200x4,1200,5643.093025,5703.042153,59.949128,20.000291,True,25.600232,31.082807,True,ok,train
Chunk_2,b0c9d2329ad1606b|2018-09-23--12-52-06,48,Chunk_2/b0c9d2329ad1606b|2018-09-23--12-52-06/48,Chunk_2/b0c9d2329ad1606b|2018-09-23--12-52-06/48/video.hevc,37454330,True,True,True,1200,True,1200x3,True,1200x3,True,1200x4,1200,5703.092155,5763.041416,59.949261,20.000247,True,13.718219,20.324986,True,ok,train
Chunk_2,b0c9d2329ad1606b|2018-09-23--12-52-06,49,Chunk_2/b0c9d2329ad1606b|2018-09-23--12-52-06/49,Chunk_2/b0c9d2329ad1606b|2018-09-23--12-52-06/49/video.hevc,37502954,True,True,True,1200,True,1200x3,True,1200x3,True,1200x4,1200,5763.091328,5823.04047,59.949142,20.000286,True,3.595604,12.691158,True,ok,train
Chunk_2,b0c9d2329ad1606b|2018-09-23--12-52-06,50,Chunk_2/b0c9d2329ad1606b|2018-09-23--12-52-06/50,Chunk_2/b0c9d2329ad1606b|2018-09-23--12-52-06/50/video.hevc,37393498,True,True,True,1199,True,1199x3,True,1199x3,True,1199x4,1199,5823.090469,5883.039642,59.949173,19.983595,True,6.833693,19.444697,True,ok,train
Chunk_2,b0c9d2329ad1606b|2018-09-23--12-52-06,51,Chunk_2/b0c9d2329ad1606b|2018-09-23--12-52-06/51,Chunk_2/b0c9d2329ad1606b|2018-09-23--12-52-06/51/video.hevc,37505450,True,True,True,1200,True,1200x3,True,1200x3,True,1200x4,1200,5883.089645,5943.038803,59.949158,20.000281,True,12.576284,18.850937,True,ok,train
Chunk_2,b0c9d2329ad1606b|2018-09-23--23-24-40,2,Chunk_2/b0c9d2329ad1606b|2018-09-23--23-24-40/2,Chunk_2/b0c9d2329ad1606b|2018-09-23--23-24-40/2/video.hevc,37363914,True,True,True,1200,True,1200x3,True,1200x3,True,1200x4,1200,974.255192,1034.204397,59.949205,20.000265,True,18.892207,19.542826,True,ok,train
Chunk_2,b0c9d2329ad1606b|2018-09-23--23-24-40,3,Chunk_2/b0c9d2329ad1606b|2018-09-23--23-24-40/3,Chunk_2/b0c9d2329ad1606b|2018-09-23--23-24-40/3/video.hevc,37469434,True,True,True,1200,True,1200x3,True,1200x3,True,1200x4,1200,1034.254354,1094.203509,59.949155,20.000282,True,12.504742,19.372192,True,ok,train
Chunk_2,b0c9d2329ad1606b|2018-09-23--23-24-40,4,Chunk_2/b0c9d2329ad1606b|2018-09-23--23-24-40/4,Chunk_2/b0c9d2329ad1606b|2018-09-23--23-24-40/4/video.hevc,37454954,True,True,True,1200,True,1200x3,True,1200x3,True,1200x4,1200,1094.253508,1154.202756,59.949248,20.000251,True,11.737891,22.184882,True,ok,train
Chunk_2,b0c9d2329ad1606b|2018-09-23--23-24-40,5,Chunk_2/b0c9d2329ad1606b|2018-09-23--23-24-40/5,Chunk_2/b0c9d2329ad1606b|2018-09-23--23-24-40/5/video.hevc,37498778,True,True,True,1200,True,1200x3,True,1200x3,True,1200x4,1200,1154.252665,1214.201824,59.949159,20.000281,True,23.646499,27.15313,True,ok,train
Chunk_2,b0c9d2329ad1606b|2018-09-23--23-24-40,6,Chunk_2/b0c9d2329ad1606b|2018-09-23--23-24-40/6,Chunk_2/b0c9d2329ad1606b|2018-09-23--23-24-40/6/video.hevc,37508074,True,True,True,1200,True,1200x3,True,1200x3,True,1200x4,1200,1214.251877,1274.200997,59.94912,20.000294,True,27.731831,28.267832,True,ok,train
Chunk_2,b0c9d2329ad1606b|2018-09-23--23-24-40,7,Chunk_2/b0c9d2329ad1606b|2018-09-23--23-24-40/7,Chunk_2/b0c9d2329ad1606b|2018-09-23--23-24-40/7/video.hevc,37387866,True,True,True,1200,True,1200x3,True,1200x3,True,1200x4,1200,1274.250978,1334.20014,59.949162,20.00028,True,28.013541,28.278546,True,ok,train
Chunk_2,b0c9d2329ad1606b|2018-09-23--23-24-40,8,Chunk_2/b0c9d2329ad1606b|2018-09-23--23-24-40/8,Chunk_2/b0c9d2329ad1606b|2018-09-23--23-24-40/8/video.hevc,37543226,True,True,True,1200,True,1200x3,True,1200x3,True,1200x4,1200,1334.250137,1394.199296,59.949159,20.000281,True,28.052501,28.300682,True,ok,train
Chunk_2,b0c9d2329ad1606b|2018-09-23--23-24-40,9,Chunk_2/b0c9d2329ad1606b|2018-09-23--23-24-40/9,Chunk_2/b0c9d2329ad1606b|2018-09-23--23-24-40/9/video.hevc,37376122,True,True,True,1200,True,1200x3,True,1200x3,True,1200x4,1200,1394.249291,1454.198462,59.949171,20.000277,True,28.043154,28.350262,True,ok,train
Chunk_2,b0c9d2329ad1606b|2018-09-23--23-24-40,10,Chunk_2/b0c9d2329ad1606b|2018-09-23--23-24-40/10,Chunk_2/b0c9d2329ad1606b|2018-09-23--23-24-40/10/video.hevc,37595274,True,True,True,1200,True,1200x3,True,1200x3,True,1200x4,1200,1454.248454,1514.197623,59.949169,20.000277,True,28.098489,28.291668,True,ok,train
Chunk_2,b0c9d2329ad1606b|2018-09-23--23-24-40,11,Chunk_2/b0c9d2329ad1606b|2018-09-23--23-24-40/11,Chunk_2/b0c9d2329ad1606b|2018-09-23--23-24-40/11/video.hevc,37516874,True,True,True,1200,True,1200x3,True,1200x3,True,1200x4,1200,1514.247618,1574.196768,59.94915,20.000284,True,28.05079,28.31194,True,ok,train
Chunk_2,b0c9d2329ad1606b|2018-09-23--23-24-40,12,Chunk_2/b0c9d2329ad1606b|2018-09-23--23-24-40/12,Chunk_2/b0c9d2329ad1606b|2018-09-23--23-24-40/12/video.hevc,37376314,True,True,True,1200,True,1200x3,True,1200x3,True,1200x4,1200,1574.246762,1634.195928,59.949166,20.000278,True,28.012932,28.286518,True,ok,train
Chunk_2,b0c9d2329ad1606b|2018-09-23--23-24-40,13,Chunk_2/b0c9d2329ad1606b|2018-09-23--23-24-40/13,Chunk_2/b0c9d2329ad1606b|2018-09-23--23-24-40/13/video.hevc,37460074,True,True,True,1200,True,1200x3,True,1200x3,True,1200x4,1200,1634.245923,1694.195113,59.94919,20.00027,True,28.01718,28.287355,True,ok,train
Chunk_2,b0c9d2329ad1606b|2018-09-23--23-24-40,14,Chunk_2/b0c9d2329ad1606b|2018-09-23--23-24-40/14,Chunk_2/b0c9d2329ad1606b|2018-09-23--23-24-40/14/video.hevc,37469802,True,True,True,1200,True,1200x3,True,1200x3,True,1200x4,1200,1694.245078,1754.194236,59.949158,20.000281,True,28.091781,28.298795,True,ok,train
Chunk_2,b0c9d2329ad1606b|2018-09-24--12-49-08,27,Chunk_2/b0c9d2329ad1606b|2018-09-24--12-49-08/27,Chunk_2/b0c9d2329ad1606b|2018-09-24--12-49-08/27/video.hevc,37511322,True,True,True,1200,True,1200x3,True,1200x3,True,1200x4,1200,50742.644218,50802.593371,59.949153,20.000283,True,23.856,27.766394,True,ok,validation
Chunk_2,b0c9d2329ad1606b|2018-09-24--12-49-08,28,Chunk_2/b0c9d2329ad1606b|2018-09-24--12-49-08/28,Chunk_2/b0c9d2329ad1606b|2018-09-24--12-49-08/28/video.hevc,37466026,True,True,True,1200,True,1200x3,True,1200x3,True,1200x4,1200,50802.643459,50862.592534,59.949075,20.000309,True,29.897328,32.868829,True,ok,validation
Chunk_2,b0c9d2329ad1606b|2018-09-24--12-49-08,29,Chunk_2/b0c9d2329ad1606b|2018-09-24--12-49-08/29,Chunk_2/b0c9d2329ad1606b|2018-09-24--12-49-08/29/video.hevc,37505098,True,True,True,1200,True,1200x3,True,1200x3,True,1200x4,1200,50862.642537,50922.591689,59.949152,20.000283,True,32.091213,32.849865,True,ok,validation
Chunk_2,b0c9d2329ad1606b|2018-09-24--12-49-08,30,Chunk_2/b0c9d2329ad1606b|2018-09-24--12-49-08/30,Chunk_2/b0c9d2329ad1606b|2018-09-24--12-49-08/30/video.hevc,37479146,True,True,True,1200,True,1200x3,True,1200x3,True,1200x4,1200,50922.641697,50982.590847,59.94915,20.000284,True,32.30037,32.56405,True,ok,validation
Chunk_2,b0c9d2329ad1606b|2018-09-24--12-49-08,31,Chunk_2/b0c9d2329ad1606b|2018-09-24--12-49-08/31,Chunk_2/b0c9d2329ad1606b|2018-09-24--12-49-08/31/video.hevc,37494090,True,True,True,1200,True,1200x3,True,1200x3,True,1200x4,1200,50982.640867,51042.590011,59.949144,20.000286,True,31.22163,32.784149,True,ok,validation
Chunk_2,b0c9d2329ad1606b|2018-09-24--12-49-08,32,Chunk_2/b0c9d2329ad1606b|2018-09-24--12-49-08/32,Chunk_2/b0c9d2329ad1606b|2018-09-24--12-49-08/32/video.hevc,37445306,True,True,True,1199,True,1199x3,True,1199x3,True,1199x4,1199,51042.640044,51102.589159,59.949115,19.983614,True,23.50724,27.331364,True,ok,validation
Chunk_2,b0c9d2329ad1606b|2018-09-24--12-49-08,33,Chunk_2/b0c9d2329ad1606b|2018-09-24--12-49-08/33,Chunk_2/b0c9d2329ad1606b|2018-09-24--12-49-08/33/video.hevc,37467146,True,True,True,1200,True,1200x3,True,1200x3,True,1200x4,1200,51102.639159,51162.588321,59.949162,20.00028,True,22.392122,28.487275,True,ok,validation
Chunk_2,b0c9d2329ad1606b|2018-09-24--12-49-08,34,Chunk_2/b0c9d2329ad1606b|2018-09-24--12-49-08/34,Chunk_2/b0c9d2329ad1606b|2018-09-24--12-49-08/34/video.hevc,37485498,True,True,True,1200,True,1200x3,True,1200x3,True,1200x4,1200,51162.638319,51222.587474,59.949155,20.000282,True,2.387706,14.198094,True,ok,validation
Chunk_2,b0c9d2329ad1606b|2018-09-24--12-49-08,35,Chunk_2/b0c9d2329ad1606b|2018-09-24--12-49-08/35,Chunk_2/b0c9d2329ad1606b|2018-09-24--12-49-08/35/video.hevc,37501930,True,True,True,1200,True,1200x3,True,1200x3,True,1200x4,1200,51222.637476,51282.586647,59.949171,20.000277,True,17.277771,20.16732,True,ok,validation
Chunk_2,b0c9d2329ad1606b|2018-10-05--20-16-56,7,Chunk_2/b0c9d2329ad1606b|2018-10-05--20-16-56/7,Chunk_2/b0c9d2329ad1606b|2018-10-05--20-16-56/7/video.hevc,37502458,True,True,True,1200,True,1200x3,True,1200x3,True,1200x4,1200,26675.91473,26735.913862,59.999132,19.983622,True,28.019922,29.01535,True,ok,train
Chunk_2,b0c9d2329ad1606b|2018-10-05--20-16-56,8,Chunk_2/b0c9d2329ad1606b|2018-10-05--20-16-56/8,Chunk_2/b0c9d2329ad1606b|2018-10-05--20-16-56/8/video.hevc,37551562,True,True,True,1199,True,1199x3,True,1199x3,True,1199x4,1199,26735.963861,26795.863034,59.899173,20.000276,True,28.593013,28.858387,True,ok,train
Chunk_2,b0c9d2329ad1606b|2018-10-05--20-16-56,10,Chunk_2/b0c9d2329ad1606b|2018-10-05--20-16-56/10,Chunk_2/b0c9d2329ad1606b|2018-10-05--20-16-56/10/video.hevc,37390586,True,True,True,1199,True,1199x3,True,1199x3,True,1199x4,1199,26855.962168,26915.861326,59.899158,20.000281,True,28.058156,28.929773,True,ok,train
Chunk_2,b0c9d2329ad1606b|2018-10-05--20-16-56,11,Chunk_2/b0c9d2329ad1606b|2018-10-05--20-16-56/11,Chunk_2/b0c9d2329ad1606b|2018-10-05--20-16-56/11/video.hevc,37485130,True,True,True,1200,True,1200x3,True,1200x3,True,1200x4,1200,26915.911326,26975.860484,59.949158,20.000281,True,27.230027,27.840555,True,ok,train
Chunk_2,b0c9d2329ad1606b|2018-10-05--20-16-56,12,Chunk_2/b0c9d2329ad1606b|2018-10-05--20-16-56/12,Chunk_2/b0c9d2329ad1606b|2018-10-05--20-16-56/12/video.hevc,37473130,True,True,True,1200,True,1200x3,True,1200x3,True,1200x4,1200,26975.910482,27035.859639,59.949157,20.000281,True,27.301152,31.786037,True,ok,train
Chunk_2,b0c9d2329ad1606b|2018-10-05--20-16-56,13,Chunk_2/b0c9d2329ad1606b|2018-10-05--20-16-56/13,Chunk_2/b0c9d2329ad1606b|2018-10-05--20-16-56/13/video.hevc,37442330,True,True,True,1201,True,1201x3,True,1201x3,True,1201x4,1201,27035.909643,27095.9088,59.999157,20.000281,True,21.269053,24.654163,True,ok,train
Chunk_2,b0c9d2329ad1606b|2018-10-05--20-16-56,14,Chunk_2/b0c9d2329ad1606b|2018-10-05--20-16-56/14,Chunk_2/b0c9d2329ad1606b|2018-10-05--20-16-56/14/video.hevc,37476362,True,True,True,1200,True,1200x3,True,1200x3,True,1200x4,1200,27095.958793,27155.907958,59.949165,20.000279,True,24.089729,27.339499,True,ok,train
Chunk_2,b0c9d2329ad1606b|2018-10-05--20-46-40,7,Chunk_2/b0c9d2329ad1606b|2018-10-05--20-46-40/7,Chunk_2/b0c9d2329ad1606b|2018-10-05--20-46-40/7/video.hevc,37571434,True,True,True,1200,True,1200x3,True,1200x3,True,1200x4,1200,28459.636067,28519.585195,59.949128,20.000291,True,23.126285,25.897369,True,ok,train
Chunk_2,b0c9d2329ad1606b|2018-10-05--20-46-40,8,Chunk_2/b0c9d2329ad1606b|2018-10-05--20-46-40/8,Chunk_2/b0c9d2329ad1606b|2018-10-05--20-46-40/8/video.hevc,37426362,True,True,True,1200,True,1200x3,True,1200x3,True,1200x4,1200,28519.635197,28579.58438,59.949183,20.000273,True,25.202389,26.629977,True,ok,train
Chunk_2,b0c9d2329ad1606b|2018-10-05--20-46-40,9,Chunk_2/b0c9d2329ad1606b|2018-10-05--20-46-40/9,Chunk_2/b0c9d2329ad1606b|2018-10-05--20-46-40/9/video.hevc,37363738,True,True,True,1200,True,1200x3,True,1200x3,True,1200x4,1200,28579.634351,28639.58354,59.949189,20.000271,True,26.702306,28.34615,True,ok,train
Chunk_2,b0c9d2329ad1606b|2018-10-05--20-46-40,10,Chunk_2/b0c9d2329ad1606b|2018-10-05--20-46-40/10,Chunk_2/b0c9d2329ad1606b|2018-10-05--20-46-40/10/video.hevc,37449738,True,True,True,1200,True,1200x3,True,1200x3,True,1200x4,1200,28639.633529,28699.582667,59.949138,20.000288,True,29.100948,30.433655,True,ok,train
Chunk_2,b0c9d2329ad1606b|2018-10-05--20-46-40,11,Chunk_2/b0c9d2329ad1606b|2018-10-05--20-46-40/11,Chunk_2/b0c9d2329ad1606b|2018-10-05--20-46-40/11/video.hevc,37566186,True,True,True,1200,True,1200x3,True,1200x3,True,1200x4,1200,28699.632676,28759.581819,59.949143,20.000286,True,27.320863,28.882434,True,ok,train
Chunk_2,b0c9d2329ad1606b|2018-10-05--20-46-40,12,Chunk_2/b0c9d2329ad1606b|2018-10-05--20-46-40/12,Chunk_2/b0c9d2329ad1606b|2018-10-05--20-46-40/12/video.hevc,37547194,True,True,True,1200,True,1200x3,True,1200x3,True,1200x4,1200,28759.631821,28819.580982,59.949161,20.00028,True,27.572568,29.049743,True,ok,train
Chunk_2,b0c9d2329ad1606b|2018-10-05--20-46-40,13,Chunk_2/b0c9d2329ad1606b|2018-10-05--20-46-40/13,Chunk_2/b0c9d2329ad1606b|2018-10-05--20-46-40/13/video.hevc,37548106,True,True,True,1200,True,1200x3,True,1200x3,True,1200x4,1200,28819.630993,28879.580142,59.949149,20.000284,True,26.87578,27.737768,True,ok,train
Chunk_2,b0c9d2329ad1606b|2018-10-05--21-20-29,6,Chunk_2/b0c9d2329ad1606b|2018-10-05--21-20-29/6,Chunk_2/b0c9d2329ad1606b|2018-10-05--21-20-29/6/video.hevc,37493466,True,True,True,1200,True,1200x3,True,1200x3,True,1200x4,1200,30428.558068,30488.507222,59.949154,20.000282,True,28.822856,29.595759,True,ok,train
Chunk_2,b0c9d2329ad1606b|2018-10-05--21-20-29,7,Chunk_2/b0c9d2329ad1606b|2018-10-05--21-20-29/7,Chunk_2/b0c9d2329ad1606b|2018-10-05--21-20-29/7/video.hevc,37494730,True,True,True,1200,True,1200x3,True,1200x3,True,1200x4,1200,30488.557204,30548.506359,59.949155,20.000282,True,28.304371,29.692937,True,ok,train
Chunk_2,b0c9d2329ad1606b|2018-10-05--21-20-29,8,Chunk_2/b0c9d2329ad1606b|2018-10-05--21-20-29/8,Chunk_2/b0c9d2329ad1606b|2018-10-05--21-20-29/8/video.hevc,37502218,True,True,True,1199,True,1199x3,True,1199x3,True,1199x4,1199,30548.55636,30608.505518,59.949158,19.9836,True,26.40414,29.629275,True,ok,train
Chunk_2,b0c9d2329ad1606b|2018-10-05--21-20-29,9,Chunk_2/b0c9d2329ad1606b|2018-10-05--21-20-29/9,Chunk_2/b0c9d2329ad1606b|2018-10-05--21-20-29/9/video.hevc,37486218,True,True,True,1200,True,1200x3,True,1200x3,True,1200x4,1200,30608.555516,30668.504674,59.949158,20.000281,True,26.85426,29.386373,True,ok,train
Chunk_2,b0c9d2329ad1606b|2018-10-05--21-20-29,10,Chunk_2/b0c9d2329ad1606b|2018-10-05--21-20-29/10,Chunk_2/b0c9d2329ad1606b|2018-10-05--21-20-29/10/video.hevc,37552106,True,True,True,1200,True,1200x3,True,1200x3,True,1200x4,1200,30668.55469,30728.50383,59.94914,20.000287,True,27.59918,29.753126,True,ok,train
Chunk_2,b0c9d2329ad1606b|2018-10-05--21-20-29,11,Chunk_2/b0c9d2329ad1606b|2018-10-05--21-20-29/11,Chunk_2/b0c9d2329ad1606b|2018-10-05--21-20-29/11/video.hevc,37507786,True,True,True,1200,True,1200x3,True,1200x3,True,1200x4,1200,30728.553829,30788.502995,59.949166,20.000278,True,28.130022,30.204641,True,ok,train
Chunk_2,b0c9d2329ad1606b|2018-10-05--21-20-29,12,Chunk_2/b0c9d2329ad1606b|2018-10-05--21-20-29/12,Chunk_2/b0c9d2329ad1606b|2018-10-05--21-20-29/12/video.hevc,37380666,True,True,True,1200,True,1200x3,True,1200x3,True,1200x4,1200,30788.552986,30848.502144,59.949158,20.000281,True,24.291691,27.636239,True,ok,train
Chunk_2,b0c9d2329ad1606b|2018-10-05--21-20-29,13,Chunk_2/b0c9d2329ad1606b|2018-10-05--21-20-29/13,Chunk_2/b0c9d2329ad1606b|2018-10-05--21-20-29/13/video.hevc,37466218,True,True,True,1200,True,1200x3,True,1200x3,True,1200x4,1200,30848.552139,30908.501305,59.949166,20.000278,True,26.836504,28.900224,True,ok,train
Chunk_2,b0c9d2329ad1606b|2018-10-05--22-20-31,7,Chunk_2/b0c9d2329ad1606b|2018-10-05--22-20-31/7,Chunk_2/b0c9d2329ad1606b|2018-10-05--22-20-31/7/video.hevc,37560410,True,True,True,1199,True,1199x3,True,1199x3,True,1199x4,1199,34090.898868,34150.848027,59.949159,19.9836,True,26.468131,29.581948,True,ok,validation
Chunk_2,b0c9d2329ad1606b|2018-10-05--22-20-31,8,Chunk_2/b0c9d2329ad1606b|2018-10-05--22-20-31/8,Chunk_2/b0c9d2329ad1606b|2018-10-05--22-20-31/8/video.hevc,37450266,True,True,True,1200,True,1200x3,True,1200x3,True,1200x4,1200,34150.898019,34210.847225,59.949206,20.000265,True,27.158163,29.866485,True,ok,validation
Chunk_2,b0c9d2329ad1606b|2018-10-05--22-20-31,9,Chunk_2/b0c9d2329ad1606b|2018-10-05--22-20-31/9,Chunk_2/b0c9d2329ad1606b|2018-10-05--22-20-31/9/video.hevc,37358858,True,True,True,1200,True,1200x3,True,1200x3,True,1200x4,1200,34210.897182,34270.84634,59.949158,20.000281,True,29.456862,29.73673,True,ok,validation
Chunk_2,b0c9d2329ad1606b|2018-10-05--22-20-31,10,Chunk_2/b0c9d2329ad1606b|2018-10-05--22-20-31/10,Chunk_2/b0c9d2329ad1606b|2018-10-05--22-20-31/10/video.hevc,37562698,True,True,True,1200,True,1200x3,True,1200x3,True,1200x4,1200,34270.896337,34330.845496,59.949159,20.000281,True,28.73342,29.67808,True,ok,validation
Chunk_2,b0c9d2329ad1606b|2018-10-05--22-20-31,11,Chunk_2/b0c9d2329ad1606b|2018-10-05--22-20-31/11,Chunk_2/b0c9d2329ad1606b|2018-10-05--22-20-31/11/video.hevc,37457754,True,True,True,1200,True,1200x3,True,1200x3,True,1200x4,1200,34330.895514,34390.84465,59.949136,20.000288,True,29.007715,29.9094,True,ok,validation
Chunk_2,b0c9d2329ad1606b|2018-10-05--22-20-31,12,Chunk_2/b0c9d2329ad1606b|2018-10-05--22-20-31/12,Chunk_2/b0c9d2329ad1606b|2018-10-05--22-20-31/12/video.hevc,37500746,True,True,True,1200,True,1200x3,True,1200x3,True,1200x4,1200,34390.894727,34450.843806,59.949079,20.000307,True,29.19646,29.76884,True,ok,validation
Chunk_2,b0c9d2329ad1606b|2018-10-05--22-20-31,13,Chunk_2/b0c9d2329ad1606b|2018-10-05--22-20-31/13,Chunk_2/b0c9d2329ad1606b|2018-10-05--22-20-31/13/video.hevc,37499930,True,True,True,1200,True,1200x3,True,1200x3,True,1200x4,1200,34450.893805,34510.84297,59.949165,20.000279,True,22.625364,29.638177,True,ok,validation
Chunk_2,b0c9d2329ad1606b|2018-10-05--22-20-31,14,Chunk_2/b0c9d2329ad1606b|2018-10-05--22-20-31/14,Chunk_2/b0c9d2329ad1606b|2018-10-05--22-20-31/14/video.hevc,37458586,True,True,True,1200,True,1200x3,True,1200x3,True,1200x4,1200,34510.892968,34570.842121,59.949153,20.000283,True,8.418779,17.742341,True,ok,validation
Chunk_2,b0c9d2329ad1606b|2018-10-05--22-20-31,15,Chunk_2/b0c9d2329ad1606b|2018-10-05--22-20-31/15,Chunk_2/b0c9d2329ad1606b|2018-10-05--22-20-31/15/video.hevc,37552746,True,True,True,1200,True,1200x3,True,1200x3,True,1200x4,1200,34570.892123,34630.841282,59.949159,20.000281,True,4.80984,17.560616,True,ok,validation
Chunk_2,b0c9d2329ad1606b|2018-10-05--22-20-31,16,Chunk_2/b0c9d2329ad1606b|2018-10-05--22-20-31/16,Chunk_2/b0c9d2329ad1606b|2018-10-05--22-20-31/16/video.hevc,37522602,True,True,True,1200,True,1200x3,True,1200x3,True,1200x4,1200,34630.891282,34690.840447,59.949165,20.000279,True,17.369869,20.129476,True,ok,validation
Chunk_2,b0c9d2329ad1606b|2018-10-09--14-06-32,5,Chunk_2/b0c9d2329ad1606b|2018-10-09--14-06-32/5,Chunk_2/b0c9d2329ad1606b|2018-10-09--14-06-32/5/video.hevc,37507098,True,True,True,1200,True,1200x3,True,1200x3,True,1200x4,1200,10714.427894,10774.377049,59.949155,20.000282,True,9.623966,22.489487,True,ok,test
Chunk_2,b0c9d2329ad1606b|2018-10-09--14-06-32,6,Chunk_2/b0c9d2329ad1606b|2018-10-09--14-06-32/6,Chunk_2/b0c9d2329ad1606b|2018-10-09--14-06-32/6/video.hevc,37480490,True,True,True,1200,True,1200x3,True,1200x3,True,1200x4,1200,10774.42705,10834.376202,59.949152,20.000283,True,7.342696,18.046337,True,ok,test
Chunk_2,b0c9d2329ad1606b|2018-10-09--14-06-32,7,Chunk_2/b0c9d2329ad1606b|2018-10-09--14-06-32/7,Chunk_2/b0c9d2329ad1606b|2018-10-09--14-06-32/7/video.hevc,37480122,True,True,True,1200,True,1200x3,True,1200x3,True,1200x4,1200,10834.4262,10894.375373,59.949173,20.000276,True,0.290304,5.016654,True,ok,test
Chunk_2,b0c9d2329ad1606b|2018-10-09--14-06-32,8,Chunk_2/b0c9d2329ad1606b|2018-10-09--14-06-32/8,Chunk_2/b0c9d2329ad1606b|2018-10-09--14-06-32/8/video.hevc,37566906,True,True,True,1201,True,1201x3,True,1201x3,True,1201x4,1201,10894.425358,10954.424515,59.999157,20.000281,True,15.358013,29.483787,True,ok,test
Chunk_2,b0c9d2329ad1606b|2018-10-09--14-06-32,9,Chunk_2/b0c9d2329ad1606b|2018-10-09--14-06-32/9,Chunk_2/b0c9d2329ad1606b|2018-10-09--14-06-32/9/video.hevc,37435658,True,True,True,1199,True,1199x3,True,1199x3,True,1199x4,1199,10954.474513,11014.37367,59.899157,20.000281,True,30.461591,31.576887,True,ok,test
Chunk_2,b0c9d2329ad1606b|2018-10-09--14-06-32,10,Chunk_2/b0c9d2329ad1606b|2018-10-09--14-06-32/10,Chunk_2/b0c9d2329ad1606b|2018-10-09--14-06-32/10/video.hevc,37445162,True,True,True,1200,True,1200x3,True,1200x3,True,1200x4,1200,11014.423675,11074.372831,59.949156,20.000282,True,30.305305,31.625044,True,ok,test
Chunk_2,b0c9d2329ad1606b|2018-10-09--14-06-32,11,Chunk_2/b0c9d2329ad1606b|2018-10-09--14-06-32/11,Chunk_2/b0c9d2329ad1606b|2018-10-09--14-06-32/11/video.hevc,37567370,True,True,True,1201,True,1201x3,True,1201x3,True,1201x4,1201,11074.422835,11134.421988,59.999153,20.000282,True,27.740273,29.134079,True,ok,test
Chunk_2,b0c9d2329ad1606b|2018-10-09--14-06-32,12,Chunk_2/b0c9d2329ad1606b|2018-10-09--14-06-32/12,Chunk_2/b0c9d2329ad1606b|2018-10-09--14-06-32/12/video.hevc,37449018,True,True,True,1199,True,1199x3,True,1199x3,True,1199x4,1199,11134.471987,11194.371144,59.899157,20.000281,True,29.598731,30.743481,True,ok,test
Chunk_2,b0c9d2329ad1606b|2018-10-09--14-06-32,13,Chunk_2/b0c9d2329ad1606b|2018-10-09--14-06-32/13,Chunk_2/b0c9d2329ad1606b|2018-10-09--14-06-32/13/video.hevc,37485610,True,True,True,1199,True,1199x3,True,1199x3,True,1199x4,1199,11194.421142,11254.370315,59.949173,19.983595,True,30.745364,31.951042,True,ok,test
Chunk_2,b0c9d2329ad1606b|2018-10-09--14-06-32,14,Chunk_2/b0c9d2329ad1606b|2018-10-09--14-06-32/14,Chunk_2/b0c9d2329ad1606b|2018-10-09--14-06-32/14/video.hevc,37483018,True,True,True,1198,True,1198x3,True,1198x3,True,1198x4,1198,11254.420313,11314.369471,59.949158,19.966919,True,31.469656,32.473797,True,ok,test
Chunk_2,b0c9d2329ad1606b|2018-10-09--14-06-32,15,Chunk_2/b0c9d2329ad1606b|2018-10-09--14-06-32/15,Chunk_2/b0c9d2329ad1606b|2018-10-09--14-06-32/15/video.hevc,37483146,True,True,True,1200,True,1200x3,True,1200x3,True,1200x4,1200,11314.419456,11374.368616,59.94916,20.00028,True,31.009064,32.580526,True,ok,test
Chunk_2,b0c9d2329ad1606b|2018-10-09--14-06-32,16,Chunk_2/b0c9d2329ad1606b|2018-10-09--14-06-32/16,Chunk_2/b0c9d2329ad1606b|2018-10-09--14-06-32/16/video.hevc,37432874,True,True,True,1200,True,1200x3,True,1200x3,True,1200x4,1200,11374.418646,11434.367773,59.949127,20.000291,True,31.959709,32.67962,True,ok,test
Chunk_2,b0c9d2329ad1606b|2018-10-09--14-06-32,17,Chunk_2/b0c9d2329ad1606b|2018-10-09--14-06-32/17,Chunk_2/b0c9d2329ad1606b|2018-10-09--14-06-32/17/video.hevc,37557850,True,True,True,1201,True,1201x3,True,1201x3,True,1201x4,1201,11434.417784,11494.416933,59.999149,20.000284,True,29.89499,35.180132,True,ok,test
Chunk_2,b0c9d2329ad1606b|2018-10-09--15-48-37,11,Chunk_2/b0c9d2329ad1606b|2018-10-09--15-48-37/11,Chunk_2/b0c9d2329ad1606b|2018-10-09--15-48-37/11/video.hevc,37479850,True,True,True,1200,True,1200x3,True,1200x3,True,1200x4,1200,17199.418743,17259.36791,59.949167,20.000278,True,33.184289,33.489307,True,ok,train
Chunk_2,b0c9d2329ad1606b|2018-10-09--15-48-37,12,Chunk_2/b0c9d2329ad1606b|2018-10-09--15-48-37/12,Chunk_2/b0c9d2329ad1606b|2018-10-09--15-48-37/12/video.hevc,37482634,True,True,True,1200,True,1200x3,True,1200x3,True,1200x4,1200,17259.417892,17319.367072,59.94918,20.000274,True,33.153588,33.46921,True,ok,train
Chunk_2,b0c9d2329ad1606b|2018-10-09--15-48-37,13,Chunk_2/b0c9d2329ad1606b|2018-10-09--15-48-37/13,Chunk_2/b0c9d2329ad1606b|2018-10-09--15-48-37/13/video.hevc,37490010,True,True,True,1200,True,1200x3,True,1200x3,True,1200x4,1200,17319.417066,17379.366212,59.949146,20.000285,True,33.123001,33.415945,True,ok,train
Chunk_2,b0c9d2329ad1606b|2018-10-09--15-48-37,14,Chunk_2/b0c9d2329ad1606b|2018-10-09--15-48-37/14,Chunk_2/b0c9d2329ad1606b|2018-10-09--15-48-37/14/video.hevc,37480474,True,True,True,1200,True,1200x3,True,1200x3,True,1200x4,1200,17379.416211,17439.36537,59.949159,20.000281,True,32.428964,33.452779,True,ok,train
Chunk_2,b0c9d2329ad1606b|2018-10-09--15-48-37,15,Chunk_2/b0c9d2329ad1606b|2018-10-09--15-48-37/15,Chunk_2/b0c9d2329ad1606b|2018-10-09--15-48-37/15/video.hevc,37449978,True,True,True,1200,True,1200x3,True,1200x3,True,1200x4,1200,17439.41537,17499.364526,59.949156,20.000282,True,28.610423,29.978606,True,ok,train
Chunk_2,b0c9d2329ad1606b|2018-10-09--15-48-37,16,Chunk_2/b0c9d2329ad1606b|2018-10-09--15-48-37/16,Chunk_2/b0c9d2329ad1606b|2018-10-09--15-48-37/16/video.hevc,37495722,True,True,True,1199,True,1199x3,True,1199x3,True,1199x4,1199,17499.414529,17559.363684,59.949155,19.983601,True,28.807031,29.777324,True,ok,train
Chunk_2,b0c9d2329ad1606b|2018-10-09--15-48-37,17,Chunk_2/b0c9d2329ad1606b|2018-10-09--15-48-37/17,Chunk_2/b0c9d2329ad1606b|2018-10-09--15-48-37/17/video.hevc,37462890,True,True,True,1200,True,1200x3,True,1200x3,True,1200x4,1200,17559.413677,17619.362843,59.949166,20.000278,True,27.922007,29.608025,True,ok,train
Chunk_2,b0c9d2329ad1606b|2018-10-09--15-48-37,18,Chunk_2/b0c9d2329ad1606b|2018-10-09--15-48-37/18,Chunk_2/b0c9d2329ad1606b|2018-10-09--15-48-37/18/video.hevc,37499850,True,True,True,1200,True,1200x3,True,1200x3,True,1200x4,1200,17619.412868,17679.361994,59.949126,20.000292,True,29.165695,31.127928,True,ok,train
Chunk_2,b0c9d2329ad1606b|2018-10-09--15-48-37,19,Chunk_2/b0c9d2329ad1606b|2018-10-09--15-48-37/19,Chunk_2/b0c9d2329ad1606b|2018-10-09--15-48-37/19/video.hevc,37517914,True,True,True,1200,True,1200x3,True,1200x3,True,1200x4,1200,17679.412016,17739.361148,59.949132,20.00029,True,28.586125,31.706487,True,ok,train
Chunk_2,b0c9d2329ad1606b|2018-10-09--15-48-37,20,Chunk_2/b0c9d2329ad1606b|2018-10-09--15-48-37/20,Chunk_2/b0c9d2329ad1606b|2018-10-09--15-48-37/20/video.hevc,37447130,True,True,True,1200,True,1200x3,True,1200x3,True,1200x4,1200,17739.411166,17799.360319,59.949153,20.000283,True,8.036854,20.162125,True,ok,train
Chunk_2,b0c9d2329ad1606b|2018-10-09--15-48-37,21,Chunk_2/b0c9d2329ad1606b|2018-10-09--15-48-37/21,Chunk_2/b0c9d2329ad1606b|2018-10-09--15-48-37/21/video.hevc,37483770,True,True,True,1200,True,1200x3,True,1200x3,True,1200x4,1200,17799.41031,17859.359462,59.949152,20.000283,True,5.571092,9.68124,True,ok,train
Chunk_2,b0c9d2329ad1606b|2018-10-09--15-48-37,22,Chunk_2/b0c9d2329ad1606b|2018-10-09--15-48-37/22,Chunk_2/b0c9d2329ad1606b|2018-10-09--15-48-37/22/video.hevc,37449818,True,True,True,1200,True,1200x3,True,1200x3,True,1200x4,1200,17859.409462,17919.358622,59.94916,20.00028,True,2.696921,10.314615,True,ok,train
Chunk_2,b0c9d2329ad1606b|2018-10-09--15-48-37,23,Chunk_2/b0c9d2329ad1606b|2018-10-09--15-48-37/23,Chunk_2/b0c9d2329ad1606b|2018-10-09--15-48-37/23/video.hevc,37403754,True,True,True,1200,True,1200x3,True,1200x3,True,1200x4,1200,17919.408623,17979.357787,59.949164,20.000279,True,3.282899,14.640295,True,ok,train
Chunk_2,b0c9d2329ad1606b|2018-10-09--15-48-37,24,Chunk_2/b0c9d2329ad1606b|2018-10-09--15-48-37/24,Chunk_2/b0c9d2329ad1606b|2018-10-09--15-48-37/24/video.hevc,37523690,True,True,True,1200,True,1200x3,True,1200x3,True,1200x4,1200,17979.407783,18039.356945,59.949162,20.00028,True,11.311919,22.200517,True,ok,train
Chunk_2,b0c9d2329ad1606b|2018-10-09--15-48-37,25,Chunk_2/b0c9d2329ad1606b|2018-10-09--15-48-37/25,Chunk_2/b0c9d2329ad1606b|2018-10-09--15-48-37/25/video.hevc,37418234,True,True,True,1200,True,1200x3,True,1200x3,True,1200x4,1200,18039.406943,18099.356092,59.949149,20.000284,True,14.767339,24.59249,True,ok,train
Chunk_2,b0c9d2329ad1606b|2018-10-19--22-01-05,4,Chunk_2/b0c9d2329ad1606b|2018-10-19--22-01-05/4,Chunk_2/b0c9d2329ad1606b|2018-10-19--22-01-05/4/video.hevc,37465162,True,True,True,1200,True,1200x3,True,1200x3,True,1200x4,1200,44763.340589,44823.289733,59.949144,20.000286,True,15.54581,18.969582,True,ok,train
Chunk_2,b0c9d2329ad1606b|2018-10-19--22-01-05,5,Chunk_2/b0c9d2329ad1606b|2018-10-19--22-01-05/5,Chunk_2/b0c9d2329ad1606b|2018-10-19--22-01-05/5/video.hevc,37467914,True,True,True,1199,True,1199x3,True,1199x3,True,1199x4,1199,44823.33975,44883.288885,59.949135,19.983608,True,9.825461,16.118001,True,ok,train
Chunk_2,b0c9d2329ad1606b|2018-10-19--22-01-05,6,Chunk_2/b0c9d2329ad1606b|2018-10-19--22-01-05/6,Chunk_2/b0c9d2329ad1606b|2018-10-19--22-01-05/6/video.hevc,37489434,True,True,True,1200,True,1200x3,True,1200x3,True,1200x4,1200,44883.338901,44943.288051,59.94915,20.000284,True,18.432275,27.40015,True,ok,train
Chunk_2,b0c9d2329ad1606b|2018-10-19--22-01-05,7,Chunk_2/b0c9d2329ad1606b|2018-10-19--22-01-05/7,Chunk_2/b0c9d2329ad1606b|2018-10-19--22-01-05/7/video.hevc,37506698,True,True,True,1200,True,1200x3,True,1200x3,True,1200x4,1200,44943.338064,45003.287201,59.949137,20.000288,True,29.762812,30.511877,True,ok,train
Chunk_2,b0c9d2329ad1606b|2018-10-19--22-01-05,8,Chunk_2/b0c9d2329ad1606b|2018-10-19--22-01-05/8,Chunk_2/b0c9d2329ad1606b|2018-10-19--22-01-05/8/video.hevc,37528266,True,True,True,1200,True,1200x3,True,1200x3,True,1200x4,1200,45003.337201,45063.286359,59.949158,20.000281,True,31.430558,32.102421,True,ok,train
Chunk_2,b0c9d2329ad1606b|2018-10-19--22-01-05,9,Chunk_2/b0c9d2329ad1606b|2018-10-19--22-01-05/9,Chunk_2/b0c9d2329ad1606b|2018-10-19--22-01-05/9/video.hevc,37463114,True,True,True,1200,True,1200x3,True,1200x3,True,1200x4,1200,45063.336379,45123.285518,59.949139,20.000287,True,31.662036,32.014425,True,ok,train
Chunk_2,b0c9d2329ad1606b|2018-10-19--22-01-05,10,Chunk_2/b0c9d2329ad1606b|2018-10-19--22-01-05/10,Chunk_2/b0c9d2329ad1606b|2018-10-19--22-01-05/10/video.hevc,37364874,True,True,True,1199,True,1199x3,True,1199x3,True,1199x4,1199,45123.335518,45183.234683,59.899165,20.000279,True,32.402571,33.253731,True,ok,train
Chunk_2,b0c9d2329ad1606b|2018-10-19--22-01-05,11,Chunk_2/b0c9d2329ad1606b|2018-10-19--22-01-05/11,Chunk_2/b0c9d2329ad1606b|2018-10-19--22-01-05/11/video.hevc,37597290,True,True,True,1201,True,1201x3,True,1201x3,True,1201x4,1201,45183.284674,45243.28383,59.999156,20.000281,True,33.10864,33.337927,True,ok,train
Chunk_2,b0c9d2329ad1606b|2018-10-19--22-01-05,12,Chunk_2/b0c9d2329ad1606b|2018-10-19--22-01-05/12,Chunk_2/b0c9d2329ad1606b|2018-10-19--22-01-05/12/video.hevc,37504778,True,True,True,1200,True,1200x3,True,1200x3,True,1200x4,1200,45243.333843,45303.28299,59.949147,20.000285,True,27.574183,33.39878,True,ok,train
Chunk_2,b0c9d2329ad1606b|2018-10-22--11-21-08,30,Chunk_2/b0c9d2329ad1606b|2018-10-22--11-21-08/30,Chunk_2/b0c9d2329ad1606b|2018-10-22--11-21-08/30/video.hevc,37526378,True,True,True,1200,True,1200x3,True,1200x3,True,1200x4,1200,6649.821708,6709.770804,59.949096,20.000302,True,25.689036,28.849209,True,ok,train
Chunk_2,b0c9d2329ad1606b|2018-10-22--11-21-08,31,Chunk_2/b0c9d2329ad1606b|2018-10-22--11-21-08/31,Chunk_2/b0c9d2329ad1606b|2018-10-22--11-21-08/31/video.hevc,37502586,True,True,True,1199,True,1199x3,True,1199x3,True,1199x4,1199,6709.820771,6769.769939,59.949168,19.983597,True,25.943748,29.139906,True,ok,train
Chunk_2,b0c9d2329ad1606b|2018-10-22--11-21-08,32,Chunk_2/b0c9d2329ad1606b|2018-10-22--11-21-08/32,Chunk_2/b0c9d2329ad1606b|2018-10-22--11-21-08/32/video.hevc,37562042,True,True,True,1201,True,1201x3,True,1201x3,True,1201x4,1201,6769.819944,6829.819098,59.999154,20.000282,True,28.025858,29.405543,True,ok,train
Chunk_2,b0c9d2329ad1606b|2018-10-22--11-21-08,33,Chunk_2/b0c9d2329ad1606b|2018-10-22--11-21-08/33,Chunk_2/b0c9d2329ad1606b|2018-10-22--11-21-08/33/video.hevc,37512586,True,True,True,1200,True,1200x3,True,1200x3,True,1200x4,1200,6829.869082,6889.818243,59.949161,20.00028,True,27.06181,28.859512,True,ok,train
Chunk_2,b0c9d2329ad1606b|2018-10-22--11-21-08,34,Chunk_2/b0c9d2329ad1606b|2018-10-22--11-21-08/34,Chunk_2/b0c9d2329ad1606b|2018-10-22--11-21-08/34/video.hevc,37443562,True,True,True,1199,True,1199x3,True,1199x3,True,1199x4,1199,6889.868242,6949.7674,59.899158,20.000281,True,26.431468,28.328249,True,ok,train
Chunk_2,b0c9d2329ad1606b|2018-10-22--11-21-08,35,Chunk_2/b0c9d2329ad1606b|2018-10-22--11-21-08/35,Chunk_2/b0c9d2329ad1606b|2018-10-22--11-21-08/35/video.hevc,37560442,True,True,True,1201,True,1201x3,True,1201x3,True,1201x4,1201,6949.817402,7009.816554,59.999152,20.000283,True,28.251058,30.552104,True,ok,train
Chunk_2,b0c9d2329ad1606b|2018-10-22--11-21-08,36,Chunk_2/b0c9d2329ad1606b|2018-10-22--11-21-08/36,Chunk_2/b0c9d2329ad1606b|2018-10-22--11-21-08/36/video.hevc,37490986,True,True,True,1199,True,1199x3,True,1199x3,True,1199x4,1199,7009.866576,7069.765719,59.899143,20.000286,True,28.218116,29.166965,True,ok,train
Chunk_2,b0c9d2329ad1606b|2018-10-22--11-21-08,37,Chunk_2/b0c9d2329ad1606b|2018-10-22--11-21-08/37,Chunk_2/b0c9d2329ad1606b|2018-10-22--11-21-08/37/video.hevc,37552778,True,True,True,1201,True,1201x3,True,1201x3,True,1201x4,1201,7069.815712,7129.814876,59.999164,20.000279,True,19.291024,28.400239,True,ok,train
Chunk_2,b0c9d2329ad1606b|2018-10-22--11-21-08,38,Chunk_2/b0c9d2329ad1606b|2018-10-22--11-21-08/38,Chunk_2/b0c9d2329ad1606b|2018-10-22--11-21-08/38/video.hevc,37462218,True,True,True,1199,True,1199x3,True,1199x3,True,1199x4,1199,7129.864885,7189.764056,59.899171,20.000277,True,6.423707,19.756217,True,ok,train
Chunk_2,b0c9d2329ad1606b|2018-10-22--11-21-08,39,Chunk_2/b0c9d2329ad1606b|2018-10-22--11-21-08/39,Chunk_2/b0c9d2329ad1606b|2018-10-22--11-21-08/39/video.hevc,37523034,True,True,True,1201,True,1201x3,True,1201x3,True,1201x4,1201,7189.814057,7249.813214,59.999157,20.000281,True,4.133818,18.73806,True,ok,train
Chunk_2,b0c9d2329ad1606b|2018-10-22--11-21-08,40,Chunk_2/b0c9d2329ad1606b|2018-10-22--11-21-08/40,Chunk_2/b0c9d2329ad1606b|2018-10-22--11-21-08/40/video.hevc,37469306,True,True,True,1200,True,1200x3,True,1200x3,True,1200x4,1200,7249.863197,7309.812354,59.949157,20.000281,True,6.808686,16.96558,True,ok,train
Chunk_2,b0c9d2329ad1606b|2018-11-03--15-05-15,5,Chunk_2/b0c9d2329ad1606b|2018-11-03--15-05-15/5,Chunk_2/b0c9d2329ad1606b|2018-11-03--15-05-15/5/video.hevc,37464298,True,True,True,1200,True,1200x3,True,1200x3,True,1200x4,1200,16421.401475,16481.350628,59.949153,20.000283,True,10.700569,18.611702,True,ok,train
Chunk_2,b0c9d2329ad1606b|2018-11-03--15-33-09,4,Chunk_2/b0c9d2329ad1606b|2018-11-03--15-33-09/4,Chunk_2/b0c9d2329ad1606b|2018-11-03--15-33-09/4/video.hevc,37473242,True,True,True,1200,True,1200x3,True,1200x3,True,1200x4,1200,18035.144246,18095.093413,59.949167,20.000278,True,9.206634,17.234646,True,ok,test
Chunk_2,b0c9d2329ad1606b|2018-11-11--13-08-44,9,Chunk_2/b0c9d2329ad1606b|2018-11-11--13-08-44/9,Chunk_2/b0c9d2329ad1606b|2018-11-11--13-08-44/9/video.hevc,37467322,True,True,True,1200,True,1200x3,True,1200x3,True,1200x4,1200,267795.978701,267855.927858,59.949157,20.000281,True,4.463202,21.755221,True,ok,train
Chunk_2,b0c9d2329ad1606b|2018-11-11--13-08-44,10,Chunk_2/b0c9d2329ad1606b|2018-11-11--13-08-44/10,Chunk_2/b0c9d2329ad1606b|2018-11-11--13-08-44/10/video.hevc,37497290,True,True,True,1199,True,1199x3,True,1199x3,True,1199x4,1199,267855.977865,267915.927013,59.949148,19.983603,True,5.742079,22.043693,True,ok,train
Chunk_2,b0c9d2329ad1606b|2018-11-11--13-08-44,11,Chunk_2/b0c9d2329ad1606b|2018-11-11--13-08-44/11,Chunk_2/b0c9d2329ad1606b|2018-11-11--13-08-44/11/video.hevc,37438650,True,True,True,1200,True,1200x3,True,1200x3,True,1200x4,1200,267915.977011,267975.926169,59.949158,20.000281,True,5.874852,15.733696,True,ok,train
Chunk_2,b0c9d2329ad1606b|2018-11-11--13-08-44,12,Chunk_2/b0c9d2329ad1606b|2018-11-11--13-08-44/12,Chunk_2/b0c9d2329ad1606b|2018-11-11--13-08-44/12/video.hevc,37459834,True,True,True,1200,True,1200x3,True,1200x3,True,1200x4,1200,267975.976169,268035.92533,59.949161,20.00028,True,1.359984,9.961922,True,ok,train
Chunk_2,b0c9d2329ad1606b|2018-11-11--13-08-44,13,Chunk_2/b0c9d2329ad1606b|2018-11-11--13-08-44/13,Chunk_2/b0c9d2329ad1606b|2018-11-11--13-08-44/13/video.hevc,37467978,True,True,True,1200,True,1200x3,True,1200x3,True,1200x4,1200,268035.975327,268095.9245,59.949173,20.000276,True,0.027735,0.135403,True,ok,train
Chunk_2,b0c9d2329ad1606b|2018-11-11--13-08-44,14,Chunk_2/b0c9d2329ad1606b|2018-11-11--13-08-44/14,Chunk_2/b0c9d2329ad1606b|2018-11-11--13-08-44/14/video.hevc,37497722,True,True,True,1200,True,1200x3,True,1200x3,True,1200x4,1200,268095.974484,268155.923634,59.94915,20.000284,True,21.059055,30.761472,True,ok,train
Chunk_2,b0c9d2329ad1606b|2018-11-11--13-08-44,15,Chunk_2/b0c9d2329ad1606b|2018-11-11--13-08-44/15,Chunk_2/b0c9d2329ad1606b|2018-11-11--13-08-44/15/video.hevc,37500970,True,True,True,1200,True,1200x3,True,1200x3,True,1200x4,1200,268155.973662,268215.922815,59.949153,20.000283,True,31.79367,34.249123,True,ok,train
Chunk_2,b0c9d2329ad1606b|2018-11-11--13-08-44,16,Chunk_2/b0c9d2329ad1606b|2018-11-11--13-08-44/16,Chunk_2/b0c9d2329ad1606b|2018-11-11--13-08-44/16/video.hevc,37505290,True,True,True,1200,True,1200x3,True,1200x3,True,1200x4,1200,268215.972826,268275.921963,59.949137,20.000288,True,26.235539,30.083149,True,ok,train
Chunk_2,b0c9d2329ad1606b|2018-11-11--13-08-44,17,Chunk_2/b0c9d2329ad1606b|2018-11-11--13-08-44/17,Chunk_2/b0c9d2329ad1606b|2018-11-11--13-08-44/17/video.hevc,37503258,True,True,True,1200,True,1200x3,True,1200x3,True,1200x4,1200,268275.97199,268335.92111,59.94912,20.000294,True,24.022535,28.590838,True,ok,train
Chunk_2,b0c9d2329ad1606b|2018-11-11--13-08-44,18,Chunk_2/b0c9d2329ad1606b|2018-11-11--13-08-44/18,Chunk_2/b0c9d2329ad1606b|2018-11-11--13-08-44/18/video.hevc,37481242,True,True,True,1200,True,1200x3,True,1200x3,True,1200x4,1200,268335.971115,268395.920268,59.949153,20.000283,True,31.493104,34.231795,True,ok,train
Chunk_2,b0c9d2329ad1606b|2018-11-11--13-08-44,19,Chunk_2/b0c9d2329ad1606b|2018-11-11--13-08-44/19,Chunk_2/b0c9d2329ad1606b|2018-11-11--13-08-44/19/video.hevc,37502474,True,True,True,1200,True,1200x3,True,1200x3,True,1200x4,1200,268395.970286,268455.919429,59.949143,20.000286,True,27.784106,34.244019,True,ok,train
Chunk_2,b0c9d2329ad1606b|2018-11-11--13-08-44,20,Chunk_2/b0c9d2329ad1606b|2018-11-11--13-08-44/20,Chunk_2/b0c9d2329ad1606b|2018-11-11--13-08-44/20/video.hevc,37476730,True,True,True,1200,True,1200x3,True,1200x3,True,1200x4,1200,268455.969426,268515.918597,59.949171,20.000277,True,31.482214,35.876321,True,ok,train
Chunk_2,b0c9d2329ad1606b|2018-11-11--13-08-44,21,Chunk_2/b0c9d2329ad1606b|2018-11-11--13-08-44/21,Chunk_2/b0c9d2329ad1606b|2018-11-11--13-08-44/21/video.hevc,37531114,True,True,True,1200,True,1200x3,True,1200x3,True,1200x4,1200,268515.9686,268575.917742,59.949142,20.000286,True,32.787623,36.998465,True,ok,train
Chunk_2,b0c9d2329ad1606b|2018-11-11--13-08-44,22,Chunk_2/b0c9d2329ad1606b|2018-11-11--13-08-44/22,Chunk_2/b0c9d2329ad1606b|2018-11-11--13-08-44/22/video.hevc,37478970,True,True,True,1200,True,1200x3,True,1200x3,True,1200x4,1200,268575.96774,268635.916896,59.949156,20.000282,True,30.438176,31.77374,True,ok,train
Chunk_2,b0c9d2329ad1606b|2018-11-11--13-08-44,23,Chunk_2/b0c9d2329ad1606b|2018-11-11--13-08-44/23,Chunk_2/b0c9d2329ad1606b|2018-11-11--13-08-44/23/video.hevc,37481210,True,True,True,1199,True,1199x3,True,1199x3,True,1199x4,1199,268635.966896,268695.916087,59.949191,19.983589,True,30.629689,32.472382,True,ok,train
Chunk_3,99c94dc769b5d96e|2018-05-01--08-13-53,17,Chunk_3/99c94dc769b5d96e|2018-05-01--08-13-53/17,Chunk_3/99c94dc769b5d96e|2018-05-01--08-13-53/17/video.hevc,37478494,True,True,True,1200,True,1200x3,True,1200x3,True,1200x4,1200,1060.824843,1120.773984,59.949141,20.000287,True,8.874381,14.89888,True,ok,train
Chunk_3,99c94dc769b5d96e|2018-05-01--08-13-53,18,Chunk_3/99c94dc769b5d96e|2018-05-01--08-13-53/18,Chunk_3/99c94dc769b5d96e|2018-05-01--08-13-53/18/video.hevc,37472462,True,True,True,1200,True,1200x3,True,1200x3,True,1200x4,1200,1120.82399,1180.773147,59.949157,20.000281,True,18.360158,24.864728,True,ok,train
Chunk_3,99c94dc769b5d96e|2018-05-01--08-13-53,19,Chunk_3/99c94dc769b5d96e|2018-05-01--08-13-53/19,Chunk_3/99c94dc769b5d96e|2018-05-01--08-13-53/19/video.hevc,37482270,True,True,True,1200,True,1200x3,True,1200x3,True,1200x4,1200,1180.823149,1240.772316,59.949167,20.000278,True,24.431962,27.227757,True,ok,train
Chunk_3,99c94dc769b5d96e|2018-05-01--08-13-53,20,Chunk_3/99c94dc769b5d96e|2018-05-01--08-13-53/20,Chunk_3/99c94dc769b5d96e|2018-05-01--08-13-53/20/video.hevc,37492510,True,True,True,1200,True,1200x3,True,1200x3,True,1200x4,1200,1240.822306,1300.771455,59.949149,20.000284,True,27.12419,30.651915,True,ok,train
Chunk_3,99c94dc769b5d96e|2018-05-01--08-13-53,21,Chunk_3/99c94dc769b5d96e|2018-05-01--08-13-53/21,Chunk_3/99c94dc769b5d96e|2018-05-01--08-13-53/21/video.hevc,37492510,True,True,True,1200,True,1200x3,True,1200x3,True,1200x4,1200,1300.821452,1360.770616,59.949164,20.000279,True,26.24134,28.79545,True,ok,train
Chunk_3,99c94dc769b5d96e|2018-05-01--08-13-53,22,Chunk_3/99c94dc769b5d96e|2018-05-01--08-13-53/22,Chunk_3/99c94dc769b5d96e|2018-05-01--08-13-53/22/video.hevc,37433342,True,True,True,1200,True,1200x3,True,1200x3,True,1200x4,1200,1360.820621,1420.76978,59.949159,20.000281,True,26.64138,30.779481,True,ok,train
Chunk_3,99c94dc769b5d96e|2018-05-01--08-13-53,23,Chunk_3/99c94dc769b5d96e|2018-05-01--08-13-53/23,Chunk_3/99c94dc769b5d96e|2018-05-01--08-13-53/23/video.hevc,37463118,True,True,True,1200,True,1200x3,True,1200x3,True,1200x4,1200,1420.819775,1480.768932,59.949157,20.000281,True,10.8207,15.387491,True,ok,train
Chunk_3,99c94dc769b5d96e|2018-05-01--08-13-53,24,Chunk_3/99c94dc769b5d96e|2018-05-01--08-13-53/24,Chunk_3/99c94dc769b5d96e|2018-05-01--08-13-53/24/video.hevc,37495854,True,True,True,1200,True,1200x3,True,1200x3,True,1200x4,1200,1480.81896,1540.768116,59.949156,20.000282,True,10.233467,13.009168,True,ok,train
Chunk_3,99c94dc769b5d96e|2018-05-01--08-13-53,25,Chunk_3/99c94dc769b5d96e|2018-05-01--08-13-53/25,Chunk_3/99c94dc769b5d96e|2018-05-01--08-13-53/25/video.hevc,37483310,True,True,True,1200,True,1200x3,True,1200x3,True,1200x4,1200,1540.818101,1600.767239,59.949138,20.000288,True,11.136964,16.759706,True,ok,train
Chunk_3,99c94dc769b5d96e|2018-05-01--08-13-53,26,Chunk_3/99c94dc769b5d96e|2018-05-01--08-13-53/26,Chunk_3/99c94dc769b5d96e|2018-05-01--08-13-53/26/video.hevc,37460382,True,True,True,1200,True,1200x3,True,1200x3,True,1200x4,1200,1600.817249,1660.766399,59.94915,20.000284,True,13.947077,18.904943,True,ok,train
Chunk_3,99c94dc769b5d96e|2018-05-01--08-13-53,27,Chunk_3/99c94dc769b5d96e|2018-05-01--08-13-53/27,Chunk_3/99c94dc769b5d96e|2018-05-01--08-13-53/27/video.hevc,37471246,True,True,True,1200,True,1200x3,True,1200x3,True,1200x4,1200,1660.816407,1720.765567,59.94916,20.00028,True,23.915559,33.973918,True,ok,train
Chunk_3,99c94dc769b5d96e|2018-05-01--08-13-53,28,Chunk_3/99c94dc769b5d96e|2018-05-01--08-13-53/28,Chunk_3/99c94dc769b5d96e|2018-05-01--08-13-53/28/video.hevc,37466110,True,True,True,1200,True,1200x3,True,1200x3,True,1200x4,1200,1720.815563,1780.764712,59.949149,20.000284,True,33.805781,36.844659,True,ok,train
Chunk_3,99c94dc769b5d96e|2018-05-01--08-13-53,29,Chunk_3/99c94dc769b5d96e|2018-05-01--08-13-53/29,Chunk_3/99c94dc769b5d96e|2018-05-01--08-13-53/29/video.hevc,37487502,True,True,True,1200,True,1200x3,True,1200x3,True,1200x4,1200,1780.814717,1840.76388,59.949163,20.000279,True,30.683009,34.781691,True,ok,train
Chunk_3,99c94dc769b5d96e|2018-05-01--08-13-53,30,Chunk_3/99c94dc769b5d96e|2018-05-01--08-13-53/30,Chunk_3/99c94dc769b5d96e|2018-05-01--08-13-53/30/video.hevc,37495806,True,True,True,1200,True,1200x3,True,1200x3,True,1200x4,1200,1840.813878,1900.763023,59.949145,20.000285,True,30.0615,32.648615,True,ok,train
Chunk_3,99c94dc769b5d96e|2018-05-01--10-47-27,25,Chunk_3/99c94dc769b5d96e|2018-05-01--10-47-27/25,Chunk_3/99c94dc769b5d96e|2018-05-01--10-47-27/25/video.hevc,37446606,True,True,True,1200,True,1200x3,True,1200x3,True,1200x4,1200,10754.556621,10814.505767,59.949146,20.000285,True,29.732648,30.982797,True,ok,train
Chunk_3,99c94dc769b5d96e|2018-05-01--10-47-27,26,Chunk_3/99c94dc769b5d96e|2018-05-01--10-47-27/26,Chunk_3/99c94dc769b5d96e|2018-05-01--10-47-27/26/video.hevc,37508558,True,True,True,1200,True,1200x3,True,1200x3,True,1200x4,1200,10814.555792,10874.504917,59.949125,20.000292,True,30.278797,31.477395,True,ok,train
Chunk_3,99c94dc769b5d96e|2018-05-01--10-47-27,27,Chunk_3/99c94dc769b5d96e|2018-05-01--10-47-27/27,Chunk_3/99c94dc769b5d96e|2018-05-01--10-47-27/27/video.hevc,37446702,True,True,True,1200,True,1200x3,True,1200x3,True,1200x4,1200,10874.55492,10934.504077,59.949157,20.000281,True,29.562445,30.694922,True,ok,train
Chunk_3,99c94dc769b5d96e|2018-05-01--10-47-27,28,Chunk_3/99c94dc769b5d96e|2018-05-01--10-47-27/28,Chunk_3/99c94dc769b5d96e|2018-05-01--10-47-27/28/video.hevc,37509022,True,True,True,1200,True,1200x3,True,1200x3,True,1200x4,1200,10934.55408,10994.503241,59.949161,20.00028,True,32.203713,33.691484,True,ok,train
Chunk_3,99c94dc769b5d96e|2018-05-01--10-47-27,29,Chunk_3/99c94dc769b5d96e|2018-05-01--10-47-27/29,Chunk_3/99c94dc769b5d96e|2018-05-01--10-47-27/29/video.hevc,37491086,True,True,True,1200,True,1200x3,True,1200x3,True,1200x4,1200,10994.553232,11054.502399,59.949167,20.000278,True,30.248376,33.55955,True,ok,train
Chunk_3,99c94dc769b5d96e|2018-05-01--10-47-27,30,Chunk_3/99c94dc769b5d96e|2018-05-01--10-47-27/30,Chunk_3/99c94dc769b5d96e|2018-05-01--10-47-27/30/video.hevc,37497726,True,True,True,1200,True,1200x3,True,1200x3,True,1200x4,1200,11054.552398,11114.501547,59.949149,20.000284,True,29.647837,41.83849,True,ok,train
Chunk_3,99c94dc769b5d96e|2018-05-01--10-47-27,31,Chunk_3/99c94dc769b5d96e|2018-05-01--10-47-27/31,Chunk_3/99c94dc769b5d96e|2018-05-01--10-47-27/31/video.hevc,37478654,True,True,True,1200,True,1200x3,True,1200x3,True,1200x4,1200,11114.551552,11174.500708,59.949156,20.000282,True,37.468556,46.45468,True,ok,train
Chunk_3,99c94dc769b5d96e|2018-05-01--10-47-27,32,Chunk_3/99c94dc769b5d96e|2018-05-01--10-47-27/32,Chunk_3/99c94dc769b5d96e|2018-05-01--10-47-27/32/video.hevc,37528286,True,True,True,1201,True,1201x3,True,1201x3,True,1201x4,1201,11174.550711,11234.549869,59.999158,20.000281,True,31.630859,34.397962,True,ok,train
Chunk_3,99c94dc769b5d96e|2018-05-01--10-47-27,33,Chunk_3/99c94dc769b5d96e|2018-05-01--10-47-27/33,Chunk_3/99c94dc769b5d96e|2018-05-01--10-47-27/33/video.hevc,37497806,True,True,True,1200,True,1200x3,True,1200x3,True,1200x4,1200,11234.599857,11294.54902,59.949163,20.000279,True,29.051482,31.773686,True,ok,train
Chunk_3,99c94dc769b5d96e|2018-05-01--10-47-27,34,Chunk_3/99c94dc769b5d96e|2018-05-01--10-47-27/34,Chunk_3/99c94dc769b5d96e|2018-05-01--10-47-27/34/video.hevc,37512126,True,True,True,1200,True,1200x3,True,1200x3,True,1200x4,1200,11294.599024,11354.548214,59.94919,20.00027,True,24.435507,33.56006,True,ok,train
Chunk_3,99c94dc769b5d96e|2018-05-01--10-47-27,35,Chunk_3/99c94dc769b5d96e|2018-05-01--10-47-27/35,Chunk_3/99c94dc769b5d96e|2018-05-01--10-47-27/35/video.hevc,29399886,True,True,True,940,True,940x3,True,940x3,True,940x4,940,11354.598194,11401.547535,46.949341,20.000281,True,3.066973,17.415877,True,ok,train
Chunk_3,99c94dc769b5d96e|2018-05-01--11-24-52,0,Chunk_3/99c94dc769b5d96e|2018-05-01--11-24-52/0,Chunk_3/99c94dc769b5d96e|2018-05-01--11-24-52/0/video.hevc,37179966,True,True,True,1187,True,1187x3,True,1187x3,True,1187x4,1187,11500.126884,11559.426054,59.29917,20.00028,True,0.999112,6.82662,True,ok,train
Chunk_3,99c94dc769b5d96e|2018-05-01--11-24-52,1,Chunk_3/99c94dc769b5d96e|2018-05-01--11-24-52/1,Chunk_3/99c94dc769b5d96e|2018-05-01--11-24-52/1/video.hevc,37470318,True,True,True,1200,True,1200x3,True,1200x3,True,1200x4,1200,11559.476036,11619.425193,59.949157,20.000281,True,7.236046,17.572586,True,ok,train
Chunk_3,99c94dc769b5d96e|2018-05-01--11-24-52,2,Chunk_3/99c94dc769b5d96e|2018-05-01--11-24-52/2,Chunk_3/99c94dc769b5d96e|2018-05-01--11-24-52/2/video.hevc,37519182,True,True,True,1200,True,1200x3,True,1200x3,True,1200x4,1200,11619.475192,11679.424363,59.949171,20.000277,True,1.641952,16.99646,True,ok,train
Chunk_3,99c94dc769b5d96e|2018-05-01--11-24-52,3,Chunk_3/99c94dc769b5d96e|2018-05-01--11-24-52/3,Chunk_3/99c94dc769b5d96e|2018-05-01--11-24-52/3/video.hevc,37462046,True,True,True,1200,True,1200x3,True,1200x3,True,1200x4,1200,11679.474348,11739.423511,59.949163,20.000279,True,15.980166,22.680331,True,ok,train
Chunk_3,99c94dc769b5d96e|2018-05-02--11-32-52,7,Chunk_3/99c94dc769b5d96e|2018-05-02--11-32-52/7,Chunk_3/99c94dc769b5d96e|2018-05-02--11-32-52/7/video.hevc,37457902,True,True,True,1200,True,1200x3,True,1200x3,True,1200x4,1200,30164.92591,30224.875074,59.949164,20.000279,True,15.129865,22.476132,True,ok,train
Chunk_3,99c94dc769b5d96e|2018-05-02--11-32-52,8,Chunk_3/99c94dc769b5d96e|2018-05-02--11-32-52/8,Chunk_3/99c94dc769b5d96e|2018-05-02--11-32-52/8/video.hevc,37460270,True,True,True,1200,True,1200x3,True,1200x3,True,1200x4,1200,30224.925064,30284.87423,59.949166,20.000278,True,10.174922,16.856678,True,ok,train
Chunk_3,99c94dc769b5d96e|2018-05-02--11-32-52,9,Chunk_3/99c94dc769b5d96e|2018-05-02--11-32-52/9,Chunk_3/99c94dc769b5d96e|2018-05-02--11-32-52/9/video.hevc,32177982,True,True,True,1030,True,1030x3,True,1030x3,True,1030x4,1030,30284.924225,30336.373508,51.449283,20.000279,True,0.094187,2.819438,True,ok,train
Chunk_3,99c94dc769b5d96e|2018-05-02--11-42-52,0,Chunk_3/99c94dc769b5d96e|2018-05-02--11-42-52/0,Chunk_3/99c94dc769b5d96e|2018-05-02--11-42-52/0/video.hevc,37170942,True,True,True,1189,True,1189x3,True,1189x3,True,1189x4,1189,30345.685611,30405.084731,59.39912,20.000296,True,12.962746,27.416133,True,ok,validation
Chunk_3,99c94dc769b5d96e|2018-05-02--11-42-52,1,Chunk_3/99c94dc769b5d96e|2018-05-02--11-42-52/1,Chunk_3/99c94dc769b5d96e|2018-05-02--11-42-52/1/video.hevc,37487278,True,True,True,1200,True,1200x3,True,1200x3,True,1200x4,1200,30405.134723,30465.083884,59.949161,20.00028,True,29.833482,30.879645,True,ok,validation
Chunk_3,99c94dc769b5d96e|2018-05-02--11-42-52,2,Chunk_3/99c94dc769b5d96e|2018-05-02--11-42-52/2,Chunk_3/99c94dc769b5d96e|2018-05-02--11-42-52/2/video.hevc,37468606,True,True,True,1200,True,1200x3,True,1200x3,True,1200x4,1200,30465.133895,30525.083037,59.949142,20.000286,True,27.023596,30.503746,True,ok,validation
Chunk_3,99c94dc769b5d96e|2018-05-02--11-42-52,3,Chunk_3/99c94dc769b5d96e|2018-05-02--11-42-52/3,Chunk_3/99c94dc769b5d96e|2018-05-02--11-42-52/3/video.hevc,37512254,True,True,True,1200,True,1200x3,True,1200x3,True,1200x4,1200,30525.13305,30585.0822,59.94915,20.000284,True,25.430859,27.65707,True,ok,validation
Chunk_3,99c94dc769b5d96e|2018-05-02--11-42-52,4,Chunk_3/99c94dc769b5d96e|2018-05-02--11-42-52/4,Chunk_3/99c94dc769b5d96e|2018-05-02--11-42-52/4/video.hevc,37503806,True,True,True,1200,True,1200x3,True,1200x3,True,1200x4,1200,30585.132199,30645.081357,59.949158,20.000281,True,30.309482,30.980921,True,ok,validation
Chunk_3,99c94dc769b5d96e|2018-05-02--11-42-52,5,Chunk_3/99c94dc769b5d96e|2018-05-02--11-42-52/5,Chunk_3/99c94dc769b5d96e|2018-05-02--11-42-52/5/video.hevc,37493678,True,True,True,1200,True,1200x3,True,1200x3,True,1200x4,1200,30645.131352,30705.080516,59.949164,20.000279,True,30.679037,30.999675,True,ok,validation
Chunk_3,99c94dc769b5d96e|2018-05-02--11-42-52,6,Chunk_3/99c94dc769b5d96e|2018-05-02--11-42-52/6,Chunk_3/99c94dc769b5d96e|2018-05-02--11-42-52/6/video.hevc,37515886,True,True,True,1200,True,1200x3,True,1200x3,True,1200x4,1200,30705.130513,30765.079672,59.949159,20.000281,True,30.789315,32.269854,True,ok,validation
Chunk_3,99c94dc769b5d96e|2018-05-02--11-42-52,7,Chunk_3/99c94dc769b5d96e|2018-05-02--11-42-52/7,Chunk_3/99c94dc769b5d96e|2018-05-02--11-42-52/7/video.hevc,37456798,True,True,True,1200,True,1200x3,True,1200x3,True,1200x4,1200,30765.129669,30825.078826,59.949157,20.000281,True,30.5803,31.380085,True,ok,validation
Chunk_3,99c94dc769b5d96e|2018-05-02--11-42-52,8,Chunk_3/99c94dc769b5d96e|2018-05-02--11-42-52/8,Chunk_3/99c94dc769b5d96e|2018-05-02--11-42-52/8/video.hevc,37564286,True,True,True,1201,True,1201x3,True,1201x3,True,1201x4,1201,30825.128832,30885.127987,59.999155,20.000282,True,29.424996,30.558998,True,ok,validation
Chunk_3,99c94dc769b5d96e|2018-05-02--11-42-52,9,Chunk_3/99c94dc769b5d96e|2018-05-02--11-42-52/9,Chunk_3/99c94dc769b5d96e|2018-05-02--11-42-52/9/video.hevc,37443182,True,True,True,1199,True,1199x3,True,1199x3,True,1199x4,1199,30885.177978,30945.077139,59.899161,20.00028,True,11.801635,27.626343,True,ok,validation
Chunk_3,99c94dc769b5d96e|2018-05-02--16-01-39,59,Chunk_3/99c94dc769b5d96e|2018-05-02--16-01-39/59,Chunk_3/99c94dc769b5d96e|2018-05-02--16-01-39/59/video.hevc,37505534,True,True,True,1200,True,1200x3,True,1200x3,True,1200x4,1200,49412.44905,49472.398202,59.949152,20.000283,True,24.26879,29.075384,True,ok,test
Chunk_3,99c94dc769b5d96e|2018-05-02--16-01-39,60,Chunk_3/99c94dc769b5d96e|2018-05-02--16-01-39/60,Chunk_3/99c94dc769b5d96e|2018-05-02--16-01-39/60/video.hevc,37472110,True,True,True,1200,True,1200x3,True,1200x3,True,1200x4,1200,49472.448207,49532.39737,59.949163,20.000279,True,11.906626,24.941507,True,ok,test
Chunk_3,99c94dc769b5d96e|2018-05-02--16-01-39,61,Chunk_3/99c94dc769b5d96e|2018-05-02--16-01-39/61,Chunk_3/99c94dc769b5d96e|2018-05-02--16-01-39/61/video.hevc,37515198,True,True,True,1200,True,1200x3,True,1200x3,True,1200x4,1200,49532.447366,49592.396527,59.949161,20.00028,True,13.550061,17.948462,True,ok,test
Chunk_3,99c94dc769b5d96e|2018-05-02--16-01-39,62,Chunk_3/99c94dc769b5d96e|2018-05-02--16-01-39/62,Chunk_3/99c94dc769b5d96e|2018-05-02--16-01-39/62/video.hevc,37449534,True,True,True,1200,True,1200x3,True,1200x3,True,1200x4,1200,49592.446526,49652.395686,59.94916,20.00028,True,19.072008,25.108559,True,ok,test
Chunk_3,99c94dc769b5d96e|2018-05-02--16-01-39,63,Chunk_3/99c94dc769b5d96e|2018-05-02--16-01-39/63,Chunk_3/99c94dc769b5d96e|2018-05-02--16-01-39/63/video.hevc,37487982,True,True,True,1200,True,1200x3,True,1200x3,True,1200x4,1200,49652.445685,49712.394843,59.949158,20.000281,True,17.1132,26.95065,True,ok,test
Chunk_3,99c94dc769b5d96e|2018-05-02--16-01-39,64,Chunk_3/99c94dc769b5d96e|2018-05-02--16-01-39/64,Chunk_3/99c94dc769b5d96e|2018-05-02--16-01-39/64/video.hevc,37487774,True,True,True,1200,True,1200x3,True,1200x3,True,1200x4,1200,49712.444836,49772.394002,59.949166,20.000278,True,28.585686,30.779548,True,ok,test
Chunk_3,99c94dc769b5d96e|2018-05-02--16-01-39,65,Chunk_3/99c94dc769b5d96e|2018-05-02--16-01-39/65,Chunk_3/99c94dc769b5d96e|2018-05-02--16-01-39/65/video.hevc,37492494,True,True,True,1200,True,1200x3,True,1200x3,True,1200x4,1200,49772.443987,49832.393147,59.94916,20.00028,True,23.086494,26.730195,True,ok,test
Chunk_3,99c94dc769b5d96e|2018-05-02--16-01-39,66,Chunk_3/99c94dc769b5d96e|2018-05-02--16-01-39/66,Chunk_3/99c94dc769b5d96e|2018-05-02--16-01-39/66/video.hevc,37482062,True,True,True,1200,True,1200x3,True,1200x3,True,1200x4,1200,49832.443149,49892.392301,59.949152,20.000283,True,29.779588,36.409588,True,ok,test
Chunk_3,99c94dc769b5d96e|2018-05-02--16-01-39,67,Chunk_3/99c94dc769b5d96e|2018-05-02--16-01-39/67,Chunk_3/99c94dc769b5d96e|2018-05-02--16-01-39/67/video.hevc,37483486,True,True,True,1200,True,1200x3,True,1200x3,True,1200x4,1200,49892.442303,49952.391455,59.949152,20.000283,True,26.973371,30.064694,True,ok,test
Chunk_3,99c94dc769b5d96e|2018-05-02--16-01-39,68,Chunk_3/99c94dc769b5d96e|2018-05-02--16-01-39/68,Chunk_3/99c94dc769b5d96e|2018-05-02--16-01-39/68/video.hevc,37481054,True,True,True,1200,True,1200x3,True,1200x3,True,1200x4,1200,49952.44147,50012.390622,59.949152,20.000283,True,6.912636,17.826454,True,ok,test
Chunk_3,99c94dc769b5d96e|2018-05-02--16-01-39,69,Chunk_3/99c94dc769b5d96e|2018-05-02--16-01-39/69,Chunk_3/99c94dc769b5d96e|2018-05-02--16-01-39/69/video.hevc,37442270,True,True,True,1200,True,1200x3,True,1200x3,True,1200x4,1200,50012.440624,50072.389781,59.949157,20.000281,True,4.253969,7.987772,True,ok,test
Chunk_3,99c94dc769b5d96e|2018-05-02--16-01-39,70,Chunk_3/99c94dc769b5d96e|2018-05-02--16-01-39/70,Chunk_3/99c94dc769b5d96e|2018-05-02--16-01-39/70/video.hevc,37423326,True,True,True,1200,True,1200x3,True,1200x3,True,1200x4,1200,50072.439775,50132.388947,59.949172,20.000276,True,4.019977,14.172926,True,ok,test
Chunk_3,99c94dc769b5d96e|2018-05-02--16-01-39,71,Chunk_3/99c94dc769b5d96e|2018-05-02--16-01-39/71,Chunk_3/99c94dc769b5d96e|2018-05-02--16-01-39/71/video.hevc,37477070,True,True,True,1200,True,1200x3,True,1200x3,True,1200x4,1200,50132.438932,50192.388092,59.94916,20.00028,True,0.212482,2.139174,True,ok,test
Chunk_3,99c94dc769b5d96e|2018-05-02--16-01-39,72,Chunk_3/99c94dc769b5d96e|2018-05-02--16-01-39/72,Chunk_3/99c94dc769b5d96e|2018-05-02--16-01-39/72/video.hevc,37453086,True,True,True,1200,True,1200x3,True,1200x3,True,1200x4,1200,50192.43809,50252.387247,59.949157,20.000281,True,9.093974,19.338533,True,ok,test
Chunk_3,99c94dc769b5d96e|2018-05-02--16-01-39,73,Chunk_3/99c94dc769b5d96e|2018-05-02--16-01-39/73,Chunk_3/99c94dc769b5d96e|2018-05-02--16-01-39/73/video.hevc,37462926,True,True,True,1200,True,1200x3,True,1200x3,True,1200x4,1200,50252.437264,50312.386405,59.949141,20.000287,True,16.514957,21.473721,True,ok,test
Chunk_3,99c94dc769b5d96e|2018-05-02--19-07-03,5,Chunk_3/99c94dc769b5d96e|2018-05-02--19-07-03/5,Chunk_3/99c94dc769b5d96e|2018-05-02--19-07-03/5/video.hevc,37459038,True,True,True,1200,True,1200x3,True,1200x3,True,1200x4,1200,57296.018359,57355.967528,59.949169,20.000277,True,10.802513,18.098227,True,ok,train
Chunk_3,99c94dc769b5d96e|2018-05-02--19-07-03,6,Chunk_3/99c94dc769b5d96e|2018-05-02--19-07-03/6,Chunk_3/99c94dc769b5d96e|2018-05-02--19-07-03/6/video.hevc,37485742,True,True,True,1200,True,1200x3,True,1200x3,True,1200x4,1200,57356.017514,57415.96668,59.949166,20.000278,True,6.2976,15.514721,True,ok,train
Chunk_3,99c94dc769b5d96e|2018-05-02--20-07-13,2,Chunk_3/99c94dc769b5d96e|2018-05-02--20-07-13/2,Chunk_3/99c94dc769b5d96e|2018-05-02--20-07-13/2/video.hevc,37514590,True,True,True,1200,True,1200x3,True,1200x3,True,1200x4,1200,60726.405344,60786.354503,59.949159,20.000281,True,5.425123,16.754408,True,ok,train
Chunk_3,99c94dc769b5d96e|2018-05-02--20-07-13,3,Chunk_3/99c94dc769b5d96e|2018-05-02--20-07-13/3,Chunk_3/99c94dc769b5d96e|2018-05-02--20-07-13/3/video.hevc,37490174,True,True,True,1200,True,1200x3,True,1200x3,True,1200x4,1200,60786.404499,60846.353663,59.949164,20.000279,True,1.972651,13.852289,True,ok,train
Chunk_3,99c94dc769b5d96e|2018-05-03--08-13-12,8,Chunk_3/99c94dc769b5d96e|2018-05-03--08-13-12/8,Chunk_3/99c94dc769b5d96e|2018-05-03--08-13-12/8/video.hevc,37483534,True,True,True,1200,True,1200x3,True,1200x3,True,1200x4,1200,27248.103821,27308.052978,59.949157,20.000281,True,5.75336,19.995871,True,ok,train
Chunk_3,99c94dc769b5d96e|2018-05-03--08-13-12,9,Chunk_3/99c94dc769b5d96e|2018-05-03--08-13-12/9,Chunk_3/99c94dc769b5d96e|2018-05-03--08-13-12/9/video.hevc,37445902,True,True,True,1199,True,1199x3,True,1199x3,True,1199x4,1199,27308.102976,27368.002143,59.899167,20.000278,True,4.790012,19.447777,True,ok,train
Chunk_3,99c94dc769b5d96e|2018-05-03--08-13-12,10,Chunk_3/99c94dc769b5d96e|2018-05-03--08-13-12/10,Chunk_3/99c94dc769b5d96e|2018-05-03--08-13-12/10/video.hevc,37592606,True,True,True,1202,True,1202x3,True,1202x3,True,1202x4,1202,27368.052144,27428.101294,60.04915,20.000283,True,6.441924,15.971221,True,ok,train
Chunk_3,99c94dc769b5d96e|2018-05-03--08-13-12,11,Chunk_3/99c94dc769b5d96e|2018-05-03--08-13-12/11,Chunk_3/99c94dc769b5d96e|2018-05-03--08-13-12/11/video.hevc,37439294,True,True,True,1200,True,1200x3,True,1200x3,True,1200x4,1200,27428.151314,27488.100468,59.949154,20.000282,True,8.516523,19.977128,True,ok,train
Chunk_3,99c94dc769b5d96e|2018-05-03--08-13-12,12,Chunk_3/99c94dc769b5d96e|2018-05-03--08-13-12/12,Chunk_3/99c94dc769b5d96e|2018-05-03--08-13-12/12/video.hevc,37481518,True,True,True,1199,True,1199x3,True,1199x3,True,1199x4,1199,27488.150461,27548.049606,59.899145,20.000285,True,22.900355,30.435259,True,ok,train
Chunk_3,99c94dc769b5d96e|2018-05-03--08-13-12,13,Chunk_3/99c94dc769b5d96e|2018-05-03--08-13-12/13,Chunk_3/99c94dc769b5d96e|2018-05-03--08-13-12/13/video.hevc,37572750,True,True,True,1201,True,1201x3,True,1201x3,True,1201x4,1201,27548.09961,27608.098771,59.999161,20.00028,True,29.317117,30.63205,True,ok,train
Chunk_3,99c94dc769b5d96e|2018-05-03--08-13-12,14,Chunk_3/99c94dc769b5d96e|2018-05-03--08-13-12/14,Chunk_3/99c94dc769b5d96e|2018-05-03--08-13-12/14/video.hevc,37488686,True,True,True,1200,True,1200x3,True,1200x3,True,1200x4,1200,27608.14876,27668.097927,59.949167,20.000278,True,27.689035,30.240153,True,ok,train
Chunk_3,99c94dc769b5d96e|2018-05-03--08-13-12,15,Chunk_3/99c94dc769b5d96e|2018-05-03--08-13-12/15,Chunk_3/99c94dc769b5d96e|2018-05-03--08-13-12/15/video.hevc,37525150,True,True,True,1200,True,1200x3,True,1200x3,True,1200x4,1200,27668.147927,27728.097084,59.949157,20.000281,True,22.418308,30.58082,True,ok,train
Chunk_3,99c94dc769b5d96e|2018-05-03--08-13-12,16,Chunk_3/99c94dc769b5d96e|2018-05-03--08-13-12/16,Chunk_3/99c94dc769b5d96e|2018-05-03--08-13-12/16/video.hevc,37502766,True,True,True,1200,True,1200x3,True,1200x3,True,1200x4,1200,27728.147081,27788.096231,59.94915,20.000284,True,13.146549,26.374733,True,ok,train
Chunk_3,99c94dc769b5d96e|2018-05-03--08-13-12,17,Chunk_3/99c94dc769b5d96e|2018-05-03--08-13-12/17,Chunk_3/99c94dc769b5d96e|2018-05-03--08-13-12/17/video.hevc,37493086,True,True,True,1200,True,1200x3,True,1200x3,True,1200x4,1200,27788.146236,27848.09539,59.949154,20.000282,True,11.561247,18.946671,True,ok,train
Chunk_3,99c94dc769b5d96e|2018-05-03--08-13-12,18,Chunk_3/99c94dc769b5d96e|2018-05-03--08-13-12/18,Chunk_3/99c94dc769b5d96e|2018-05-03--08-13-12/18/video.hevc,37482382,True,True,True,1200,True,1200x3,True,1200x3,True,1200x4,1200,27848.145398,27908.094549,59.949151,20.000283,True,10.551484,15.023972,True,ok,train
Chunk_3,99c94dc769b5d96e|2018-05-03--08-13-12,19,Chunk_3/99c94dc769b5d96e|2018-05-03--08-13-12/19,Chunk_3/99c94dc769b5d96e|2018-05-03--08-13-12/19/video.hevc,37457774,True,True,True,1200,True,1200x3,True,1200x3,True,1200x4,1200,27908.144544,27968.093698,59.949154,20.000282,True,7.214773,17.350921,True,ok,train
Chunk_3,99c94dc769b5d96e|2018-05-03--08-13-12,20,Chunk_3/99c94dc769b5d96e|2018-05-03--08-13-12/20,Chunk_3/99c94dc769b5d96e|2018-05-03--08-13-12/20/video.hevc,37473950,True,True,True,1200,True,1200x3,True,1200x3,True,1200x4,1200,27968.143707,28028.092859,59.949152,20.000283,True,14.647311,21.836078,True,ok,train
Chunk_3,99c94dc769b5d96e|2018-05-03--08-13-12,21,Chunk_3/99c94dc769b5d96e|2018-05-03--08-13-12/21,Chunk_3/99c94dc769b5d96e|2018-05-03--08-13-12/21/video.hevc,37494654,True,True,True,1200,True,1200x3,True,1200x3,True,1200x4,1200,28028.142864,28088.09202,59.949156,20.000282,True,23.518985,30.674182,True,ok,train
Chunk_3,99c94dc769b5d96e|2018-05-03--08-13-12,22,Chunk_3/99c94dc769b5d96e|2018-05-03--08-13-12/22,Chunk_3/99c94dc769b5d96e|2018-05-03--08-13-12/22/video.hevc,37527758,True,True,True,1200,True,1200x3,True,1200x3,True,1200x4,1200,28088.142015,28148.091172,59.949157,20.000281,True,30.375027,31.140613,True,ok,train
Chunk_3,99c94dc769b5d96e|2018-05-03--08-13-12,23,Chunk_3/99c94dc769b5d96e|2018-05-03--08-13-12/23,Chunk_3/99c94dc769b5d96e|2018-05-03--08-13-12/23/video.hevc,37493454,True,True,True,1200,True,1200x3,True,1200x3,True,1200x4,1200,28148.141178,28208.090334,59.949156,20.000282,True,30.981232,31.440817,True,ok,train
Chunk_3,99c94dc769b5d96e|2018-05-03--08-13-12,24,Chunk_3/99c94dc769b5d96e|2018-05-03--08-13-12/24,Chunk_3/99c94dc769b5d96e|2018-05-03--08-13-12/24/video.hevc,37495518,True,True,True,1200,True,1200x3,True,1200x3,True,1200x4,1200,28208.140342,28268.089498,59.949156,20.000282,True,30.980919,31.355886,True,ok,train
Chunk_3,99c94dc769b5d96e|2018-05-03--09-25-46,24,Chunk_3/99c94dc769b5d96e|2018-05-03--09-25-46/24,Chunk_3/99c94dc769b5d96e|2018-05-03--09-25-46/24/video.hevc,37503230,True,True,True,1199,True,1199x3,True,1199x3,True,1199x4,1199,32561.881537,32621.830691,59.949154,19.983601,True,31.183501,31.368383,True,ok,validation
Chunk_3,99c94dc769b5d96e|2018-05-03--09-25-46,25,Chunk_3/99c94dc769b5d96e|2018-05-03--09-25-46/25,Chunk_3/99c94dc769b5d96e|2018-05-03--09-25-46/25/video.hevc,37503070,True,True,True,1200,True,1200x3,True,1200x3,True,1200x4,1200,32621.880692,32681.829852,59.94916,20.00028,True,31.297487,31.556073,True,ok,validation
Chunk_3,99c94dc769b5d96e|2018-05-03--09-25-46,26,Chunk_3/99c94dc769b5d96e|2018-05-03--09-25-46/26,Chunk_3/99c94dc769b5d96e|2018-05-03--09-25-46/26/video.hevc,37494926,True,True,True,1200,True,1200x3,True,1200x3,True,1200x4,1200,32681.879843,32741.829006,59.949163,20.000279,True,30.979325,31.573304,True,ok,validation
Chunk_3,99c94dc769b5d96e|2018-05-03--09-25-46,27,Chunk_3/99c94dc769b5d96e|2018-05-03--09-25-46/27,Chunk_3/99c94dc769b5d96e|2018-05-03--09-25-46/27/video.hevc,37471726,True,True,True,1200,True,1200x3,True,1200x3,True,1200x4,1200,32741.879009,32801.82816,59.949151,20.000283,True,31.109139,31.459938,True,ok,validation
Chunk_3,99c94dc769b5d96e|2018-05-03--09-25-46,28,Chunk_3/99c94dc769b5d96e|2018-05-03--09-25-46/28,Chunk_3/99c94dc769b5d96e|2018-05-03--09-25-46/28/video.hevc,37473278,True,True,True,1199,True,1199x3,True,1199x3,True,1199x4,1199,32801.878214,32861.777318,59.899104,20.000299,True,31.023962,31.419652,True,ok,validation
Chunk_3,99c94dc769b5d96e|2018-05-03--09-25-46,29,Chunk_3/99c94dc769b5d96e|2018-05-03--09-25-46/29,Chunk_3/99c94dc769b5d96e|2018-05-03--09-25-46/29/video.hevc,37551182,True,True,True,1201,True,1201x3,True,1201x3,True,1201x4,1201,32861.827313,32921.826478,59.999165,20.000278,True,29.420513,31.250424,True,ok,validation
Chunk_3,99c94dc769b5d96e|2018-05-03--09-25-46,30,Chunk_3/99c94dc769b5d96e|2018-05-03--09-25-46/30,Chunk_3/99c94dc769b5d96e|2018-05-03--09-25-46/30/video.hevc,37464910,True,True,True,1200,True,1200x3,True,1200x3,True,1200x4,1200,32921.876479,32981.825632,59.949153,20.000283,True,30.990064,31.553474,True,ok,validation
Chunk_3,99c94dc769b5d96e|2018-05-03--09-25-46,33,Chunk_3/99c94dc769b5d96e|2018-05-03--09-25-46/33,Chunk_3/99c94dc769b5d96e|2018-05-03--09-25-46/33/video.hevc,37395470,True,True,True,1200,True,1200x3,True,1200x3,True,1200x4,1200,33101.873945,33161.823099,59.949154,20.000282,True,9.212242,22.749172,True,ok,validation
Chunk_3,99c94dc769b5d96e|2018-05-03--09-25-46,34,Chunk_3/99c94dc769b5d96e|2018-05-03--09-25-46/34,Chunk_3/99c94dc769b5d96e|2018-05-03--09-25-46/34/video.hevc,37452334,True,True,True,1199,True,1199x3,True,1199x3,True,1199x4,1199,33161.873104,33221.772263,59.899159,20.000281,True,8.610925,14.136042,True,ok,validation
Chunk_3,99c94dc769b5d96e|2018-05-03--09-25-46,36,Chunk_3/99c94dc769b5d96e|2018-05-03--09-25-46/36,Chunk_3/99c94dc769b5d96e|2018-05-03--09-25-46/36/video.hevc,37489694,True,True,True,1200,True,1200x3,True,1200x3,True,1200x4,1200,33281.871417,33341.820571,59.949154,20.000282,True,7.695561,16.525111,True,ok,validation
Chunk_3,99c94dc769b5d96e|2018-05-05--11-09-01,5,Chunk_3/99c94dc769b5d96e|2018-05-05--11-09-01/5,Chunk_3/99c94dc769b5d96e|2018-05-05--11-09-01/5/video.hevc,37511230,True,True,True,1200,True,1200x3,True,1200x3,True,1200x4,1200,406.505547,466.454701,59.949154,20.000282,True,11.454246,21.530705,True,ok,train
Chunk_3,99c94dc769b5d96e|2018-05-05--11-09-01,6,Chunk_3/99c94dc769b5d96e|2018-05-05--11-09-01/6,Chunk_3/99c94dc769b5d96e|2018-05-05--11-09-01/6/video.hevc,37439758,True,True,True,1200,True,1200x3,True,1200x3,True,1200x4,1200,466.504709,526.45387,59.949161,20.00028,True,5.748696,14.244228,True,ok,train
Chunk_3,99c94dc769b5d96e|2018-05-05--11-09-01,7,Chunk_3/99c94dc769b5d96e|2018-05-05--11-09-01/7,Chunk_3/99c94dc769b5d96e|2018-05-05--11-09-01/7/video.hevc,37451854,True,True,True,1200,True,1200x3,True,1200x3,True,1200x4,1200,526.503863,586.453019,59.949156,20.000282,True,0.033364,0.131295,True,ok,train
Chunk_3,99c94dc769b5d96e|2018-05-05--11-09-01,8,Chunk_3/99c94dc769b5d96e|2018-05-05--11-09-01/8,Chunk_3/99c94dc769b5d96e|2018-05-05--11-09-01/8/video.hevc,37489934,True,True,True,1200,True,1200x3,True,1200x3,True,1200x4,1200,586.503019,646.452173,59.949154,20.000282,True,14.351245,26.59923,True,ok,train
Chunk_3,99c94dc769b5d96e|2018-05-05--11-09-01,9,Chunk_3/99c94dc769b5d96e|2018-05-05--11-09-01/9,Chunk_3/99c94dc769b5d96e|2018-05-05--11-09-01/9/video.hevc,37481422,True,True,True,1200,True,1200x3,True,1200x3,True,1200x4,1200,646.502171,706.451333,59.949162,20.00028,True,28.20336,35.436805,True,ok,train
Chunk_3,99c94dc769b5d96e|2018-05-05--11-09-01,10,Chunk_3/99c94dc769b5d96e|2018-05-05--11-09-01/10,Chunk_3/99c94dc769b5d96e|2018-05-05--11-09-01/10/video.hevc,37496030,True,True,True,1200,True,1200x3,True,1200x3,True,1200x4,1200,706.501333,766.450489,59.949156,20.000282,True,30.364757,36.49208,True,ok,train
Chunk_3,99c94dc769b5d96e|2018-05-05--11-09-01,11,Chunk_3/99c94dc769b5d96e|2018-05-05--11-09-01/11,Chunk_3/99c94dc769b5d96e|2018-05-05--11-09-01/11/video.hevc,37475390,True,True,True,1200,True,1200x3,True,1200x3,True,1200x4,1200,766.500492,826.449643,59.949151,20.000283,True,22.001788,26.641512,True,ok,train
Chunk_3,99c94dc769b5d96e|2018-05-05--11-09-01,12,Chunk_3/99c94dc769b5d96e|2018-05-05--11-09-01/12,Chunk_3/99c94dc769b5d96e|2018-05-05--11-09-01/12/video.hevc,37497822,True,True,True,1200,True,1200x3,True,1200x3,True,1200x4,1200,826.499643,886.448799,59.949156,20.000282,True,25.752334,29.789889,True,ok,train
Chunk_3,99c94dc769b5d96e|2018-05-05--11-09-01,13,Chunk_3/99c94dc769b5d96e|2018-05-05--11-09-01/13,Chunk_3/99c94dc769b5d96e|2018-05-05--11-09-01/13/video.hevc,37553678,True,True,True,1201,True,1201x3,True,1201x3,True,1201x4,1201,886.498814,946.49797,59.999156,20.000281,True,30.180629,32.468911,True,ok,train
Chunk_3,99c94dc769b5d96e|2018-05-05--11-09-01,14,Chunk_3/99c94dc769b5d96e|2018-05-05--11-09-01/14,Chunk_3/99c94dc769b5d96e|2018-05-05--11-09-01/14/video.hevc,37433374,True,True,True,1199,True,1199x3,True,1199x3,True,1199x4,1199,946.547954,1006.447131,59.899177,20.000275,True,27.583483,32.300345,True,ok,train
Chunk_3,99c94dc769b5d96e|2018-05-05--11-09-01,15,Chunk_3/99c94dc769b5d96e|2018-05-05--11-09-01/15,Chunk_3/99c94dc769b5d96e|2018-05-05--11-09-01/15/video.hevc,37578158,True,True,True,1201,True,1201x3,True,1201x3,True,1201x4,1201,1006.497114,1066.496274,59.99916,20.00028,True,33.361063,34.285483,True,ok,train
Chunk_3,99c94dc769b5d96e|2018-05-05--11-09-01,16,Chunk_3/99c94dc769b5d96e|2018-05-05--11-09-01/16,Chunk_3/99c94dc769b5d96e|2018-05-05--11-09-01/16/video.hevc,37424382,True,True,True,1199,True,1199x3,True,1199x3,True,1199x4,1199,1066.54627,1126.44544,59.89917,20.000277,True,29.498799,32.909067,True,ok,train
Chunk_3,99c94dc769b5d96e|2018-05-05--11-09-01,17,Chunk_3/99c94dc769b5d96e|2018-05-05--11-09-01/17,Chunk_3/99c94dc769b5d96e|2018-05-05--11-09-01/17/video.hevc,37521662,True,True,True,1201,True,1201x3,True,1201x3,True,1201x4,1201,1126.495425,1186.494585,59.99916,20.00028,True,31.497431,33.780631,True,ok,train
Chunk_3,99c94dc769b5d96e|2018-05-05--11-09-01,18,Chunk_3/99c94dc769b5d96e|2018-05-05--11-09-01/18,Chunk_3/99c94dc769b5d96e|2018-05-05--11-09-01/18/video.hevc,37473582,True,True,True,1200,True,1200x3,True,1200x3,True,1200x4,1200,1186.544588,1246.493744,59.949156,20.000282,True,32.529034,34.070481,True,ok,train
Chunk_3,99c94dc769b5d96e|2018-05-05--16-36-30,6,Chunk_3/99c94dc769b5d96e|2018-05-05--16-36-30/6,Chunk_3/99c94dc769b5d96e|2018-05-05--16-36-30/6/video.hevc,37490062,True,True,True,1200,True,1200x3,True,1200x3,True,1200x4,1200,394.956747,454.905899,59.949152,20.000283,True,32.210369,36.18253,True,ok,train
Chunk_3,99c94dc769b5d96e|2018-05-05--16-36-30,7,Chunk_3/99c94dc769b5d96e|2018-05-05--16-36-30/7,Chunk_3/99c94dc769b5d96e|2018-05-05--16-36-30/7/video.hevc,37485262,True,True,True,1200,True,1200x3,True,1200x3,True,1200x4,1200,454.955904,514.905059,59.949155,20.000282,True,37.003987,41.170492,True,ok,train
Chunk_3,99c94dc769b5d96e|2018-05-05--16-36-30,8,Chunk_3/99c94dc769b5d96e|2018-05-05--16-36-30/8,Chunk_3/99c94dc769b5d96e|2018-05-05--16-36-30/8/video.hevc,37487262,True,True,True,1200,True,1200x3,True,1200x3,True,1200x4,1200,514.955063,574.904215,59.949152,20.000283,True,34.272433,35.565772,True,ok,train
Chunk_3,99c94dc769b5d96e|2018-05-05--16-36-30,9,Chunk_3/99c94dc769b5d96e|2018-05-05--16-36-30/9,Chunk_3/99c94dc769b5d96e|2018-05-05--16-36-30/9/video.hevc,37544654,True,True,True,1201,True,1201x3,True,1201x3,True,1201x4,1201,574.954222,634.953377,59.999155,20.000282,True,33.49455,37.296583,True,ok,train
Chunk_3,99c94dc769b5d96e|2018-05-05--16-36-30,10,Chunk_3/99c94dc769b5d96e|2018-05-05--16-36-30/10,Chunk_3/99c94dc769b5d96e|2018-05-05--16-36-30/10/video.hevc,37473518,True,True,True,1199,True,1199x3,True,1199x3,True,1199x4,1199,635.003376,694.902535,59.899159,20.000281,True,29.155598,31.803757,True,ok,train
Chunk_3,99c94dc769b5d96e|2018-05-05--16-36-30,11,Chunk_3/99c94dc769b5d96e|2018-05-05--16-36-30/11,Chunk_3/99c94dc769b5d96e|2018-05-05--16-36-30/11/video.hevc,37510878,True,True,True,1200,True,1200x3,True,1200x3,True,1200x4,1200,694.952525,754.901679,59.949154,20.000282,True,28.654111,37.089213,True,ok,train
Chunk_3,99c94dc769b5d96e|2018-05-05--16-36-30,12,Chunk_3/99c94dc769b5d96e|2018-05-05--16-36-30/12,Chunk_3/99c94dc769b5d96e|2018-05-05--16-36-30/12/video.hevc,37512206,True,True,True,1200,True,1200x3,True,1200x3,True,1200x4,1200,754.951689,814.900839,59.94915,20.000284,True,33.197852,37.04273,True,ok,train
Chunk_3,99c94dc769b5d96e|2018-05-05--16-36-30,13,Chunk_3/99c94dc769b5d96e|2018-05-05--16-36-30/13,Chunk_3/99c94dc769b5d96e|2018-05-05--16-36-30/13/video.hevc,37495038,True,True,True,1200,True,1200x3,True,1200x3,True,1200x4,1200,814.950843,874.900013,59.94917,20.000277,True,31.532824,33.933472,True,ok,train
Chunk_3,99c94dc769b5d96e|2018-05-05--16-36-30,14,Chunk_3/99c94dc769b5d96e|2018-05-05--16-36-30/14,Chunk_3/99c94dc769b5d96e|2018-05-05--16-36-30/14/video.hevc,37532510,True,True,True,1201,True,1201x3,True,1201x3,True,1201x4,1201,874.95001,934.949158,59.999148,20.000284,True,29.588699,34.120283,True,ok,train
Chunk_3,99c94dc769b5d96e|2018-05-05--16-36-30,15,Chunk_3/99c94dc769b5d96e|2018-05-05--16-36-30/15,Chunk_3/99c94dc769b5d96e|2018-05-05--16-36-30/15/video.hevc,37459678,True,True,True,1199,True,1199x3,True,1199x3,True,1199x4,1199,934.999159,994.89832,59.899161,20.00028,True,7.222584,13.685102,True,ok,train
Chunk_3,99c94dc769b5d96e|2018-05-05--16-36-30,16,Chunk_3/99c94dc769b5d96e|2018-05-05--16-36-30/16,Chunk_3/99c94dc769b5d96e|2018-05-05--16-36-30/16/video.hevc,37469150,True,True,True,1200,True,1200x3,True,1200x3,True,1200x4,1200,994.948316,1054.897475,59.949159,20.000281,True,6.25984,10.590455,True,ok,train
Chunk_3,99c94dc769b5d96e|2018-05-05--16-36-30,17,Chunk_3/99c94dc769b5d96e|2018-05-05--16-36-30/17,Chunk_3/99c94dc769b5d96e|2018-05-05--16-36-30/17/video.hevc,37543998,True,True,True,1200,True,1200x3,True,1200x3,True,1200x4,1200,1054.947471,1114.896628,59.949157,20.000281,True,4.37714,15.966289,True,ok,train
Chunk_3,99c94dc769b5d96e|2018-05-05--16-36-30,18,Chunk_3/99c94dc769b5d96e|2018-05-05--16-36-30/18,Chunk_3/99c94dc769b5d96e|2018-05-05--16-36-30/18/video.hevc,37467006,True,True,True,1200,True,1200x3,True,1200x3,True,1200x4,1200,1114.946625,1174.895809,59.949184,20.000272,True,17.45235,22.730089,True,ok,train
Chunk_3,99c94dc769b5d96e|2018-05-12--15-03-33,16,Chunk_3/99c94dc769b5d96e|2018-05-12--15-03-33/16,Chunk_3/99c94dc769b5d96e|2018-05-12--15-03-33/16/video.hevc,37514814,True,True,True,1200,True,1200x3,True,1200x3,True,1200x4,1200,7764.800385,7824.749555,59.94917,20.000277,True,14.366983,22.445802,True,ok,train
Chunk_3,99c94dc769b5d96e|2018-05-12--15-45-29,3,Chunk_3/99c94dc769b5d96e|2018-05-12--15-45-29/3,Chunk_3/99c94dc769b5d96e|2018-05-12--15-45-29/3/video.hevc,37439214,True,True,True,1199,True,1199x3,True,1199x3,True,1199x4,1199,9500.831205,9560.730338,59.899133,20.000289,True,3.709051,11.750775,True,ok,validation
Chunk_3,99c94dc769b5d96e|2018-05-12--15-45-29,4,Chunk_3/99c94dc769b5d96e|2018-05-12--15-45-29/4,Chunk_3/99c94dc769b5d96e|2018-05-12--15-45-29/4/video.hevc,37515102,True,True,True,1201,True,1201x3,True,1201x3,True,1201x4,1201,9560.78035,9620.779497,59.999147,20.000284,True,11.618061,15.099448,True,ok,validation
Chunk_3,99c94dc769b5d96e|2018-05-13--12-07-39,18,Chunk_3/99c94dc769b5d96e|2018-05-13--12-07-39/18,Chunk_3/99c94dc769b5d96e|2018-05-13--12-07-39/18/video.hevc,37481006,True,True,True,1200,True,1200x3,True,1200x3,True,1200x4,1200,83730.429388,83790.378614,59.949226,20.000258,True,8.240069,20.167269,True,ok,test
Chunk_3,99c94dc769b5d96e|2018-05-13--12-07-39,19,Chunk_3/99c94dc769b5d96e|2018-05-13--12-07-39/19,Chunk_3/99c94dc769b5d96e|2018-05-13--12-07-39/19/video.hevc,37457902,True,True,True,1200,True,1200x3,True,1200x3,True,1200x4,1200,83790.428558,83850.377694,59.949136,20.000288,True,12.563269,15.97075,True,ok,test
Chunk_3,99c94dc769b5d96e|2018-05-13--12-07-39,20,Chunk_3/99c94dc769b5d96e|2018-05-13--12-07-39/20,Chunk_3/99c94dc769b5d96e|2018-05-13--12-07-39/20/video.hevc,37485918,True,True,True,1200,True,1200x3,True,1200x3,True,1200x4,1200,83850.427698,83910.376856,59.949158,20.000281,True,24.207776,28.318662,True,ok,test
Chunk_3,99c94dc769b5d96e|2018-05-13--12-07-39,21,Chunk_3/99c94dc769b5d96e|2018-05-13--12-07-39/21,Chunk_3/99c94dc769b5d96e|2018-05-13--12-07-39/21/video.hevc,37483630,True,True,True,1200,True,1200x3,True,1200x3,True,1200x4,1200,83910.426857,83970.376013,59.949156,20.000282,True,28.947515,35.74226,True,ok,test
Chunk_3,99c94dc769b5d96e|2018-05-13--12-07-39,22,Chunk_3/99c94dc769b5d96e|2018-05-13--12-07-39/22,Chunk_3/99c94dc769b5d96e|2018-05-13--12-07-39/22/video.hevc,37467438,True,True,True,1200,True,1200x3,True,1200x3,True,1200x4,1200,83970.426006,84030.375174,59.949168,20.000278,True,26.892304,31.089748,True,ok,test
Chunk_3,99c94dc769b5d96e|2018-05-13--12-07-39,23,Chunk_3/99c94dc769b5d96e|2018-05-13--12-07-39/23,Chunk_3/99c94dc769b5d96e|2018-05-13--12-07-39/23/video.hevc,37542878,True,True,True,1201,True,1201x3,True,1201x3,True,1201x4,1201,84030.425184,84090.424329,59.999145,20.000285,True,28.17405,33.577511,True,ok,test
Chunk_3,99c94dc769b5d96e|2018-05-13--12-07-39,24,Chunk_3/99c94dc769b5d96e|2018-05-13--12-07-39/24,Chunk_3/99c94dc769b5d96e|2018-05-13--12-07-39/24/video.hevc,37477438,True,True,True,1200,True,1200x3,True,1200x3,True,1200x4,1200,84090.474329,84150.423487,59.949158,20.000281,True,32.012662,33.181695,True,ok,test
Chunk_3,99c94dc769b5d96e|2018-05-13--12-07-39,25,Chunk_3/99c94dc769b5d96e|2018-05-13--12-07-39/25,Chunk_3/99c94dc769b5d96e|2018-05-13--12-07-39/25/video.hevc,37517390,True,True,True,1200,True,1200x3,True,1200x3,True,1200x4,1200,84150.473483,84210.422643,59.94916,20.00028,True,27.781467,36.472572,True,ok,test
Chunk_3,99c94dc769b5d96e|2018-05-13--12-07-39,26,Chunk_3/99c94dc769b5d96e|2018-05-13--12-07-39/26,Chunk_3/99c94dc769b5d96e|2018-05-13--12-07-39/26/video.hevc,37473182,True,True,True,1199,True,1199x3,True,1199x3,True,1199x4,1199,84210.472642,84270.371797,59.899155,20.000282,True,33.05578,37.631304,True,ok,test
Chunk_3,99c94dc769b5d96e|2018-05-13--12-07-39,27,Chunk_3/99c94dc769b5d96e|2018-05-13--12-07-39/27,Chunk_3/99c94dc769b5d96e|2018-05-13--12-07-39/27/video.hevc,37516142,True,True,True,1200,True,1200x3,True,1200x3,True,1200x4,1200,84270.421795,84330.370951,59.949156,20.000282,True,30.274855,33.665558,True,ok,test
Chunk_3,99c94dc769b5d96e|2018-05-13--12-07-39,28,Chunk_3/99c94dc769b5d96e|2018-05-13--12-07-39/28,Chunk_3/99c94dc769b5d96e|2018-05-13--12-07-39/28/video.hevc,37487198,True,True,True,1200,True,1200x3,True,1200x3,True,1200x4,1200,84330.420983,84390.370131,59.949148,20.000284,True,29.865482,31.664818,True,ok,test
Chunk_3,99c94dc769b5d96e|2018-05-13--12-07-39,29,Chunk_3/99c94dc769b5d96e|2018-05-13--12-07-39/29,Chunk_3/99c94dc769b5d96e|2018-05-13--12-07-39/29/video.hevc,37467550,True,True,True,1200,True,1200x3,True,1200x3,True,1200x4,1200,84390.420107,84450.369282,59.949175,20.000275,True,30.051001,35.149624,True,ok,test
Chunk_3,99c94dc769b5d96e|2018-05-13--20-53-38,23,Chunk_3/99c94dc769b5d96e|2018-05-13--20-53-38/23,Chunk_3/99c94dc769b5d96e|2018-05-13--20-53-38/23/video.hevc,37453278,True,True,True,1200,True,1200x3,True,1200x3,True,1200x4,1200,115588.039064,115647.988209,59.949145,20.000285,True,27.324659,30.372509,True,ok,train
Chunk_3,99c94dc769b5d96e|2018-05-13--20-53-38,24,Chunk_3/99c94dc769b5d96e|2018-05-13--20-53-38/24,Chunk_3/99c94dc769b5d96e|2018-05-13--20-53-38/24/video.hevc,37490542,True,True,True,1200,True,1200x3,True,1200x3,True,1200x4,1200,115648.03821,115707.987391,59.949181,20.000273,True,28.733051,30.071343,True,ok,train
Chunk_3,99c94dc769b5d96e|2018-05-13--20-53-38,25,Chunk_3/99c94dc769b5d96e|2018-05-13--20-53-38/25,Chunk_3/99c94dc769b5d96e|2018-05-13--20-53-38/25/video.hevc,37486078,True,True,True,1200,True,1200x3,True,1200x3,True,1200x4,1200,115708.037361,115767.986526,59.949165,20.000279,True,28.913597,30.190215,True,ok,train
Chunk_3,99c94dc769b5d96e|2018-05-13--20-53-38,26,Chunk_3/99c94dc769b5d96e|2018-05-13--20-53-38/26,Chunk_3/99c94dc769b5d96e|2018-05-13--20-53-38/26/video.hevc,37531710,True,True,True,1201,True,1201x3,True,1201x3,True,1201x4,1201,115768.036517,115828.035677,59.99916,20.00028,True,30.622533,31.463906,True,ok,train
Chunk_3,99c94dc769b5d96e|2018-05-13--20-53-38,27,Chunk_3/99c94dc769b5d96e|2018-05-13--20-53-38/27,Chunk_3/99c94dc769b5d96e|2018-05-13--20-53-38/27/video.hevc,37454062,True,True,True,1199,True,1199x3,True,1199x3,True,1199x4,1199,115828.08569,115887.98484,59.89915,20.000284,True,28.672382,31.206079,True,ok,train
Chunk_3,99c94dc769b5d96e|2018-05-13--20-53-38,28,Chunk_3/99c94dc769b5d96e|2018-05-13--20-53-38/28,Chunk_3/99c94dc769b5d96e|2018-05-13--20-53-38/28/video.hevc,37512318,True,True,True,1201,True,1201x3,True,1201x3,True,1201x4,1201,115888.034855,115948.034007,59.999152,20.000283,True,26.34767,29.528966,True,ok,train
Chunk_3,99c94dc769b5d96e|2018-05-13--20-53-38,29,Chunk_3/99c94dc769b5d96e|2018-05-13--20-53-38/29,Chunk_3/99c94dc769b5d96e|2018-05-13--20-53-38/29/video.hevc,37508718,True,True,True,1200,True,1200x3,True,1200x3,True,1200x4,1200,115948.083994,116008.033165,59.949171,20.000277,True,29.066847,29.904364,True,ok,train
Chunk_3,99c94dc769b5d96e|2018-05-13--20-53-38,30,Chunk_3/99c94dc769b5d96e|2018-05-13--20-53-38/30,Chunk_3/99c94dc769b5d96e|2018-05-13--20-53-38/30/video.hevc,37439630,True,True,True,1199,True,1199x3,True,1199x3,True,1199x4,1199,116008.083156,116067.98231,59.899154,20.000282,True,28.043341,30.39361,True,ok,train
Chunk_3,99c94dc769b5d96e|2018-05-13--20-53-38,31,Chunk_3/99c94dc769b5d96e|2018-05-13--20-53-38/31,Chunk_3/99c94dc769b5d96e|2018-05-13--20-53-38/31/video.hevc,37537486,True,True,True,1201,True,1201x3,True,1201x3,True,1201x4,1201,116068.032308,116128.031477,59.999169,20.000277,True,28.944772,30.754467,True,ok,train
Chunk_3,99c94dc769b5d96e|2018-05-13--20-53-38,32,Chunk_3/99c94dc769b5d96e|2018-05-13--20-53-38/32,Chunk_3/99c94dc769b5d96e|2018-05-13--20-53-38/32/video.hevc,37474078,True,True,True,1200,True,1200x3,True,1200x3,True,1200x4,1200,116128.081482,116188.030634,59.949152,20.000283,True,24.402986,29.169872,True,ok,train
Chunk_3,99c94dc769b5d96e|2018-05-13--20-53-38,33,Chunk_3/99c94dc769b5d96e|2018-05-13--20-53-38/33,Chunk_3/99c94dc769b5d96e|2018-05-13--20-53-38/33/video.hevc,37492254,True,True,True,1200,True,1200x3,True,1200x3,True,1200x4,1200,116188.080616,116248.029776,59.94916,20.00028,True,7.418098,20.357391,True,ok,train
Chunk_3,99c94dc769b5d96e|2018-05-13--20-53-38,34,Chunk_3/99c94dc769b5d96e|2018-05-13--20-53-38/34,Chunk_3/99c94dc769b5d96e|2018-05-13--20-53-38/34/video.hevc,37547326,True,True,True,1200,True,1200x3,True,1200x3,True,1200x4,1200,116248.079789,116308.02893,59.949141,20.000287,True,14.608577,18.05616,True,ok,train
Chunk_3,99c94dc769b5d96e|2018-05-18--10-58-35,22,Chunk_3/99c94dc769b5d96e|2018-05-18--10-58-35/22,Chunk_3/99c94dc769b5d96e|2018-05-18--10-58-35/22/video.hevc,37483454,True,True,True,1200,True,1200x3,True,1200x3,True,1200x4,1200,86084.837478,86144.786639,59.949161,20.00028,True,32.614244,34.459231,True,ok,train
Chunk_3,99c94dc769b5d96e|2018-05-18--10-58-35,23,Chunk_3/99c94dc769b5d96e|2018-05-18--10-58-35/23,Chunk_3/99c94dc769b5d96e|2018-05-18--10-58-35/23/video.hevc,37544798,True,True,True,1200,True,1200x3,True,1200x3,True,1200x4,1200,86144.836643,86204.785808,59.949165,20.000279,True,32.467389,34.511638,True,ok,train
Chunk_3,99c94dc769b5d96e|2018-05-18--10-58-35,24,Chunk_3/99c94dc769b5d96e|2018-05-18--10-58-35/24,Chunk_3/99c94dc769b5d96e|2018-05-18--10-58-35/24/video.hevc,37481374,True,True,True,1200,True,1200x3,True,1200x3,True,1200x4,1200,86204.835798,86264.784952,59.949154,20.000282,True,31.971568,34.297986,True,ok,train
Chunk_3,99c94dc769b5d96e|2018-05-18--10-58-35,25,Chunk_3/99c94dc769b5d96e|2018-05-18--10-58-35/25,Chunk_3/99c94dc769b5d96e|2018-05-18--10-58-35/25/video.hevc,37500814,True,True,True,1200,True,1200x3,True,1200x3,True,1200x4,1200,86264.834955,86324.784122,59.949167,20.000278,True,32.18003,34.454353,True,ok,train
Chunk_3,99c94dc769b5d96e|2018-05-18--10-58-35,26,Chunk_3/99c94dc769b5d96e|2018-05-18--10-58-35/26,Chunk_3/99c94dc769b5d96e|2018-05-18--10-58-35/26/video.hevc,37500990,True,True,True,1200,True,1200x3,True,1200x3,True,1200x4,1200,86324.834113,86384.783269,59.949156,20.000282,True,33.680514,34.503523,True,ok,train
Chunk_3,99c94dc769b5d96e|2018-05-18--10-58-35,27,Chunk_3/99c94dc769b5d96e|2018-05-18--10-58-35/27,Chunk_3/99c94dc769b5d96e|2018-05-18--10-58-35/27/video.hevc,37469134,True,True,True,1200,True,1200x3,True,1200x3,True,1200x4,1200,86384.833283,86444.782426,59.949143,20.000286,True,31.928648,33.731136,True,ok,train
Chunk_3,99c94dc769b5d96e|2018-05-18--10-58-35,28,Chunk_3/99c94dc769b5d96e|2018-05-18--10-58-35/28,Chunk_3/99c94dc769b5d96e|2018-05-18--10-58-35/28/video.hevc,37493470,True,True,True,1200,True,1200x3,True,1200x3,True,1200x4,1200,86444.832425,86504.781597,59.949172,20.000276,True,32.710403,34.583242,True,ok,train
Chunk_3,99c94dc769b5d96e|2018-05-18--10-58-35,29,Chunk_3/99c94dc769b5d96e|2018-05-18--10-58-35/29,Chunk_3/99c94dc769b5d96e|2018-05-18--10-58-35/29/video.hevc,37499454,True,True,True,1200,True,1200x3,True,1200x3,True,1200x4,1200,86504.831579,86564.780738,59.949159,20.000281,True,29.869876,32.020937,True,ok,train
Chunk_3,99c94dc769b5d96e|2018-05-18--10-58-35,30,Chunk_3/99c94dc769b5d96e|2018-05-18--10-58-35/30,Chunk_3/99c94dc769b5d96e|2018-05-18--10-58-35/30/video.hevc,37495966,True,True,True,1200,True,1200x3,True,1200x3,True,1200x4,1200,86564.83075,86624.779893,59.949143,20.000286,True,22.74731,29.903929,True,ok,train
Chunk_3,99c94dc769b5d96e|2018-05-18--10-58-35,31,Chunk_3/99c94dc769b5d96e|2018-05-18--10-58-35/31,Chunk_3/99c94dc769b5d96e|2018-05-18--10-58-35/31/video.hevc,37518766,True,True,True,1200,True,1200x3,True,1200x3,True,1200x4,1200,86624.829893,86684.779052,59.949159,20.000281,True,4.856101,11.265015,True,ok,train
Chunk_3,99c94dc769b5d96e|2018-05-18--10-58-35,32,Chunk_3/99c94dc769b5d96e|2018-05-18--10-58-35/32,Chunk_3/99c94dc769b5d96e|2018-05-18--10-58-35/32/video.hevc,37468910,True,True,True,1200,True,1200x3,True,1200x3,True,1200x4,1200,86684.829051,86744.778216,59.949165,20.000279,True,4.867557,19.587377,True,ok,train
Chunk_3,99c94dc769b5d96e|2018-05-18--10-58-35,33,Chunk_3/99c94dc769b5d96e|2018-05-18--10-58-35/33,Chunk_3/99c94dc769b5d96e|2018-05-18--10-58-35/33/video.hevc,37453726,True,True,True,1200,True,1200x3,True,1200x3,True,1200x4,1200,86744.828223,86804.777402,59.949179,20.000274,True,19.310529,21.375767,True,ok,train
Chunk_3,99c94dc769b5d96e|2018-05-18--16-00-42,52,Chunk_3/99c94dc769b5d96e|2018-05-18--16-00-42/52,Chunk_3/99c94dc769b5d96e|2018-05-18--16-00-42/52/video.hevc,37468126,True,True,True,1199,True,1199x3,True,1199x3,True,1199x4,1199,106010.54947,106070.448625,59.899155,20.000282,True,29.051531,31.735301,True,ok,train
Chunk_3,99c94dc769b5d96e|2018-05-18--16-00-42,53,Chunk_3/99c94dc769b5d96e|2018-05-18--16-00-42/53,Chunk_3/99c94dc769b5d96e|2018-05-18--16-00-42/53/video.hevc,37551710,True,True,True,1201,True,1201x3,True,1201x3,True,1201x4,1201,106070.498628,106130.497789,59.999161,20.00028,True,31.926495,33.082844,True,ok,train
Chunk_3,99c94dc769b5d96e|2018-05-18--16-00-42,54,Chunk_3/99c94dc769b5d96e|2018-05-18--16-00-42/54,Chunk_3/99c94dc769b5d96e|2018-05-18--16-00-42/54/video.hevc,37486846,True,True,True,1200,True,1200x3,True,1200x3,True,1200x4,1200,106130.547789,106190.496939,59.94915,20.000284,True,29.854286,32.596663,True,ok,train
Chunk_3,99c94dc769b5d96e|2018-05-18--16-00-42,55,Chunk_3/99c94dc769b5d96e|2018-05-18--16-00-42/55,Chunk_3/99c94dc769b5d96e|2018-05-18--16-00-42/55/video.hevc,37485310,True,True,True,1200,True,1200x3,True,1200x3,True,1200x4,1200,106190.546938,106250.496097,59.949159,20.000281,True,14.736095,28.977327,True,ok,train
Chunk_3,99c94dc769b5d96e|2018-05-18--16-00-42,56,Chunk_3/99c94dc769b5d96e|2018-05-18--16-00-42/56,Chunk_3/99c94dc769b5d96e|2018-05-18--16-00-42/56/video.hevc,37466910,True,True,True,1200,True,1200x3,True,1200x3,True,1200x4,1200,106250.546114,106310.495258,59.949144,20.000286,True,2.671323,5.789989,True,ok,train
Chunk_3,99c94dc769b5d96e|2018-05-18--16-00-42,57,Chunk_3/99c94dc769b5d96e|2018-05-18--16-00-42/57,Chunk_3/99c94dc769b5d96e|2018-05-18--16-00-42/57/video.hevc,37531534,True,True,True,1200,True,1200x3,True,1200x3,True,1200x4,1200,106310.545259,106370.49441,59.949151,20.000283,True,4.445938,10.942051,True,ok,train
Chunk_3,99c94dc769b5d96e|2018-05-18--16-00-42,58,Chunk_3/99c94dc769b5d96e|2018-05-18--16-00-42/58,Chunk_3/99c94dc769b5d96e|2018-05-18--16-00-42/58/video.hevc,37485582,True,True,True,1200,True,1200x3,True,1200x3,True,1200x4,1200,106370.544425,106430.493598,59.949173,20.000276,True,5.026705,10.96311,True,ok,train
Chunk_3,99c94dc769b5d96e|2018-05-18--16-00-42,59,Chunk_3/99c94dc769b5d96e|2018-05-18--16-00-42/59,Chunk_3/99c94dc769b5d96e|2018-05-18--16-00-42/59/video.hevc,37479886,True,True,True,1200,True,1200x3,True,1200x3,True,1200x4,1200,106430.54357,106490.49273,59.94916,20.00028,True,12.84989,15.870087,True,ok,train
Chunk_3,99c94dc769b5d96e|2018-05-18--16-00-42,60,Chunk_3/99c94dc769b5d96e|2018-05-18--16-00-42/60,Chunk_3/99c94dc769b5d96e|2018-05-18--16-00-42/60/video.hevc,37479630,True,True,True,1200,True,1200x3,True,1200x3,True,1200x4,1200,106490.542735,106550.491887,59.949152,20.000283,True,8.617525,15.525368,True,ok,train
Chunk_3,99c94dc769b5d96e|2018-05-18--16-00-42,61,Chunk_3/99c94dc769b5d96e|2018-05-18--16-00-42/61,Chunk_3/99c94dc769b5d96e|2018-05-18--16-00-42/61/video.hevc,37485326,True,True,True,1200,True,1200x3,True,1200x3,True,1200x4,1200,106550.541884,106610.491051,59.949167,20.000278,True,13.109287,16.073063,True,ok,train
Chunk_3,99c94dc769b5d96e|2018-05-18--16-00-42,62,Chunk_3/99c94dc769b5d96e|2018-05-18--16-00-42/62,Chunk_3/99c94dc769b5d96e|2018-05-18--16-00-42/62/video.hevc,37467230,True,True,True,1200,True,1200x3,True,1200x3,True,1200x4,1200,106610.541044,106670.490212,59.949168,20.000278,True,16.206588,24.081003,True,ok,train
Chunk_3,99c94dc769b5d96e|2018-05-18--16-00-42,63,Chunk_3/99c94dc769b5d96e|2018-05-18--16-00-42/63,Chunk_3/99c94dc769b5d96e|2018-05-18--16-00-42/63/video.hevc,37489934,True,True,True,1200,True,1200x3,True,1200x3,True,1200x4,1200,106670.540276,106730.489354,59.949078,20.000308,True,23.677395,28.180883,True,ok,train
Chunk_3,99c94dc769b5d96e|2018-05-18--16-00-42,64,Chunk_3/99c94dc769b5d96e|2018-05-18--16-00-42/64,Chunk_3/99c94dc769b5d96e|2018-05-18--16-00-42/64/video.hevc,37492718,True,True,True,1200,True,1200x3,True,1200x3,True,1200x4,1200,106730.539371,106790.488505,59.949134,20.000289,True,24.903522,26.316044,True,ok,train
Chunk_3,99c94dc769b5d96e|2018-05-18--16-00-42,65,Chunk_3/99c94dc769b5d96e|2018-05-18--16-00-42/65,Chunk_3/99c94dc769b5d96e|2018-05-18--16-00-42/65/video.hevc,37485854,True,True,True,1200,True,1200x3,True,1200x3,True,1200x4,1200,106790.538521,106850.487669,59.949148,20.000284,True,27.194963,35.006394,True,ok,train
Chunk_3,99c94dc769b5d96e|2018-05-18--16-00-42,66,Chunk_3/99c94dc769b5d96e|2018-05-18--16-00-42/66,Chunk_3/99c94dc769b5d96e|2018-05-18--16-00-42/66/video.hevc,37498670,True,True,True,1200,True,1200x3,True,1200x3,True,1200x4,1200,106850.537695,106910.486855,59.94916,20.00028,True,26.208155,40.313041,True,ok,train
Chunk_3,99c94dc769b5d96e|2018-05-18--16-00-42,67,Chunk_3/99c94dc769b5d96e|2018-05-18--16-00-42/67,Chunk_3/99c94dc769b5d96e|2018-05-18--16-00-42/67/video.hevc,37449118,True,True,True,1200,True,1200x3,True,1200x3,True,1200x4,1200,106910.536836,106970.485994,59.949158,20.000281,True,12.847522,23.798023,True,ok,train
Chunk_3,99c94dc769b5d96e|2018-05-18--16-00-42,68,Chunk_3/99c94dc769b5d96e|2018-05-18--16-00-42/68,Chunk_3/99c94dc769b5d96e|2018-05-18--16-00-42/68/video.hevc,37474590,True,True,True,1200,True,1200x3,True,1200x3,True,1200x4,1200,106970.535991,107030.485159,59.949168,20.000278,True,3.492809,6.634553,True,ok,train
Chunk_3,99c94dc769b5d96e|2018-05-18--16-00-42,69,Chunk_3/99c94dc769b5d96e|2018-05-18--16-00-42/69,Chunk_3/99c94dc769b5d96e|2018-05-18--16-00-42/69/video.hevc,37539822,True,True,True,1200,True,1200x3,True,1200x3,True,1200x4,1200,107030.535164,107090.484302,59.949138,20.000288,True,3.837292,9.309544,True,ok,train
Chunk_3,99c94dc769b5d96e|2018-05-18--16-00-42,70,Chunk_3/99c94dc769b5d96e|2018-05-18--16-00-42/70,Chunk_3/99c94dc769b5d96e|2018-05-18--16-00-42/70/video.hevc,37463390,True,True,True,1200,True,1200x3,True,1200x3,True,1200x4,1200,107090.534302,107150.483471,59.949169,20.000277,True,1.009913,5.548399,True,ok,train
Chunk_3,99c94dc769b5d96e|2018-05-18--16-00-42,71,Chunk_3/99c94dc769b5d96e|2018-05-18--16-00-42/71,Chunk_3/99c94dc769b5d96e|2018-05-18--16-00-42/71/video.hevc,37433582,True,True,True,1200,True,1200x3,True,1200x3,True,1200x4,1200,107150.533448,107210.482617,59.949169,20.000277,True,9.677486,17.964043,True,ok,train
Chunk_3,99c94dc769b5d96e|2018-05-18--16-00-42,72,Chunk_3/99c94dc769b5d96e|2018-05-18--16-00-42/72,Chunk_3/99c94dc769b5d96e|2018-05-18--16-00-42/72/video.hevc,37536014,True,True,True,1200,True,1200x3,True,1200x3,True,1200x4,1200,107210.532616,107270.481763,59.949147,20.000285,True,6.397804,18.074222,True,ok,train
Chunk_3,99c94dc769b5d96e|2018-06-02--21-21-45,4,Chunk_3/99c94dc769b5d96e|2018-06-02--21-21-45/4,Chunk_3/99c94dc769b5d96e|2018-06-02--21-21-45/4/video.hevc,37461214,True,True,True,1200,True,1200x3,True,1200x3,True,1200x4,1200,32906.031098,32965.980276,59.949178,20.000274,True,9.35241,20.231116,True,ok,train
Chunk_3,99c94dc769b5d96e|2018-06-02--21-21-45,5,Chunk_3/99c94dc769b5d96e|2018-06-02--21-21-45/5,Chunk_3/99c94dc769b5d96e|2018-06-02--21-21-45/5/video.hevc,37562974,True,True,True,1200,True,1200x3,True,1200x3,True,1200x4,1200,32966.03025,33025.979415,59.949165,20.000279,True,3.764282,24.145163,True,ok,train
Chunk_3,99c94dc769b5d96e|2018-06-02--21-21-45,6,Chunk_3/99c94dc769b5d96e|2018-06-02--21-21-45/6,Chunk_3/99c94dc769b5d96e|2018-06-02--21-21-45/6/video.hevc,37463742,True,True,True,1200,True,1200x3,True,1200x3,True,1200x4,1200,33026.029413,33085.978569,59.949156,20.000282,True,7.71355,18.715932,True,ok,train
Chunk_3,99c94dc769b5d96e|2018-06-02--21-21-45,7,Chunk_3/99c94dc769b5d96e|2018-06-02--21-21-45/7,Chunk_3/99c94dc769b5d96e|2018-06-02--21-21-45/7/video.hevc,37570878,True,True,True,1201,True,1201x3,True,1201x3,True,1201x4,1201,33086.028571,33146.027719,59.999148,20.000284,True,0.023333,0.106634,True,ok,train
Chunk_3,99c94dc769b5d96e|2018-06-02--21-21-45,8,Chunk_3/99c94dc769b5d96e|2018-06-02--21-21-45/8,Chunk_3/99c94dc769b5d96e|2018-06-02--21-21-45/8/video.hevc,37440830,True,True,True,1199,True,1199x3,True,1199x3,True,1199x4,1199,33146.077734,33205.976888,59.899154,20.000282,True,5.458877,19.989237,True,ok,train
Chunk_3,99c94dc769b5d96e|2018-06-02--21-21-45,9,Chunk_3/99c94dc769b5d96e|2018-06-02--21-21-45/9,Chunk_3/99c94dc769b5d96e|2018-06-02--21-21-45/9/video.hevc,37524494,True,True,True,1201,True,1201x3,True,1201x3,True,1201x4,1201,33206.026883,33266.026037,59.999154,20.000282,True,23.12638,25.122704,True,ok,train
Chunk_3,99c94dc769b5d96e|2018-06-02--21-21-45,10,Chunk_3/99c94dc769b5d96e|2018-06-02--21-21-45/10,Chunk_3/99c94dc769b5d96e|2018-06-02--21-21-45/10/video.hevc,37411054,True,True,True,1199,True,1199x3,True,1199x3,True,1199x4,1199,33266.076041,33325.975202,59.899161,20.00028,True,25.400192,27.157901,True,ok,train
Chunk_3,99c94dc769b5d96e|2018-06-02--21-21-45,11,Chunk_3/99c94dc769b5d96e|2018-06-02--21-21-45/11,Chunk_3/99c94dc769b5d96e|2018-06-02--21-21-45/11/video.hevc,37524862,True,True,True,1201,True,1201x3,True,1201x3,True,1201x4,1201,33326.025207,33386.024373,59.999166,20.000278,True,25.905419,27.013863,True,ok,train
Chunk_3,99c94dc769b5d96e|2018-06-02--21-21-45,12,Chunk_3/99c94dc769b5d96e|2018-06-02--21-21-45/12,Chunk_3/99c94dc769b5d96e|2018-06-02--21-21-45/12/video.hevc,37450542,True,True,True,1199,True,1199x3,True,1199x3,True,1199x4,1199,33386.074367,33445.973523,59.899156,20.000282,True,13.978522,27.632411,True,ok,train
Chunk_3,99c94dc769b5d96e|2018-06-02--21-21-45,13,Chunk_3/99c94dc769b5d96e|2018-06-02--21-21-45/13,Chunk_3/99c94dc769b5d96e|2018-06-02--21-21-45/13/video.hevc,37517438,True,True,True,1200,True,1200x3,True,1200x3,True,1200x4,1200,33446.023515,33505.972682,59.949167,20.000278,True,2.174036,8.728252,True,ok,train
Chunk_3,99c94dc769b5d96e|2018-06-02--21-21-45,14,Chunk_3/99c94dc769b5d96e|2018-06-02--21-21-45/14,Chunk_3/99c94dc769b5d96e|2018-06-02--21-21-45/14/video.hevc,37480606,True,True,True,1200,True,1200x3,True,1200x3,True,1200x4,1200,33506.022665,33565.971823,59.949158,20.000281,True,4.817257,9.533498,True,ok,train
Chunk_3,99c94dc769b5d96e|2018-06-02--21-21-45,15,Chunk_3/99c94dc769b5d96e|2018-06-02--21-21-45/15,Chunk_3/99c94dc769b5d96e|2018-06-02--21-21-45/15/video.hevc,37530078,True,True,True,1201,True,1201x3,True,1201x3,True,1201x4,1201,33566.021834,33626.020985,59.999151,20.000283,True,3.035958,12.944498,True,ok,train
Chunk_3,99c94dc769b5d96e|2018-06-02--21-21-45,16,Chunk_3/99c94dc769b5d96e|2018-06-02--21-21-45/16,Chunk_3/99c94dc769b5d96e|2018-06-02--21-21-45/16/video.hevc,37382110,True,True,True,1199,True,1199x3,True,1199x3,True,1199x4,1199,33626.070978,33685.970151,59.899173,20.000276,True,9.703644,18.765104,True,ok,train
Chunk_3,99c94dc769b5d96e|2018-06-02--21-21-45,17,Chunk_3/99c94dc769b5d96e|2018-06-02--21-21-45/17,Chunk_3/99c94dc769b5d96e|2018-06-02--21-21-45/17/video.hevc,37459582,True,True,True,1200,True,1200x3,True,1200x3,True,1200x4,1200,33686.020136,33745.969327,59.949191,20.00027,True,24.223409,25.706865,True,ok,train
Chunk_3,99c94dc769b5d96e|2018-06-02--21-21-45,18,Chunk_3/99c94dc769b5d96e|2018-06-02--21-21-45/18,Chunk_3/99c94dc769b5d96e|2018-06-02--21-21-45/18/video.hevc,37430062,True,True,True,1200,True,1200x3,True,1200x3,True,1200x4,1200,33746.019298,33805.968472,59.949174,20.000276,True,25.083382,25.638131,True,ok,train
Chunk_3,99c94dc769b5d96e|2018-06-02--21-21-45,19,Chunk_3/99c94dc769b5d96e|2018-06-02--21-21-45/19,Chunk_3/99c94dc769b5d96e|2018-06-02--21-21-45/19/video.hevc,37478974,True,True,True,1200,True,1200x3,True,1200x3,True,1200x4,1200,33806.018453,33865.967638,59.949185,20.000272,True,26.299571,29.384937,True,ok,train
Chunk_3,99c94dc769b5d96e|2018-06-02--21-21-45,20,Chunk_3/99c94dc769b5d96e|2018-06-02--21-21-45/20,Chunk_3/99c94dc769b5d96e|2018-06-02--21-21-45/20/video.hevc,37532878,True,True,True,1201,True,1201x3,True,1201x3,True,1201x4,1201,33866.017625,33926.016769,59.999144,20.000285,True,8.99354,25.672577,True,ok,train
Chunk_3,99c94dc769b5d96e|2018-06-02--21-21-45,21,Chunk_3/99c94dc769b5d96e|2018-06-02--21-21-45/21,Chunk_3/99c94dc769b5d96e|2018-06-02--21-21-45/21/video.hevc,37388222,True,True,True,1199,True,1199x3,True,1199x3,True,1199x4,1199,33926.066762,33985.96592,59.899158,20.000281,True,15.697416,18.741656,True,ok,train
Chunk_3,99c94dc769b5d96e|2018-06-11--17-34-11,13,Chunk_3/99c94dc769b5d96e|2018-06-11--17-34-11/13,Chunk_3/99c94dc769b5d96e|2018-06-11--17-34-11/13/video.hevc,37509662,True,True,True,1200,True,1200x3,True,1200x3,True,1200x4,1200,5576.440358,5636.38954,59.949182,20.000273,True,27.670097,29.010044,True,ok,test
Chunk_3,99c94dc769b5d96e|2018-06-11--17-34-11,14,Chunk_3/99c94dc769b5d96e|2018-06-11--17-34-11/14,Chunk_3/99c94dc769b5d96e|2018-06-11--17-34-11/14/video.hevc,37477422,True,True,True,1200,True,1200x3,True,1200x3,True,1200x4,1200,5636.439555,5696.388673,59.949118,20.000294,True,28.325092,28.706056,True,ok,test
Chunk_3,99c94dc769b5d96e|2018-06-11--17-34-11,15,Chunk_3/99c94dc769b5d96e|2018-06-11--17-34-11/15,Chunk_3/99c94dc769b5d96e|2018-06-11--17-34-11/15/video.hevc,37479998,True,True,True,1200,True,1200x3,True,1200x3,True,1200x4,1200,5696.438697,5756.387844,59.949147,20.000285,True,28.256923,28.663355,True,ok,test
Chunk_3,99c94dc769b5d96e|2018-06-12--00-59-15,7,Chunk_3/99c94dc769b5d96e|2018-06-12--00-59-15/7,Chunk_3/99c94dc769b5d96e|2018-06-12--00-59-15/7/video.hevc,37546142,True,True,True,1200,True,1200x3,True,1200x3,True,1200x4,1200,31920.277047,31980.226189,59.949142,20.000286,True,26.250235,26.570652,True,ok,train
Chunk_3,99c94dc769b5d96e|2018-06-12--00-59-15,8,Chunk_3/99c94dc769b5d96e|2018-06-12--00-59-15/8,Chunk_3/99c94dc769b5d96e|2018-06-12--00-59-15/8/video.hevc,37498302,True,True,True,1200,True,1200x3,True,1200x3,True,1200x4,1200,31980.276194,32040.225352,59.949158,20.000281,True,26.255836,26.646458,True,ok,train
Chunk_3,99c94dc769b5d96e|2018-06-12--00-59-15,9,Chunk_3/99c94dc769b5d96e|2018-06-12--00-59-15/9,Chunk_3/99c94dc769b5d96e|2018-06-12--00-59-15/9/video.hevc,37477502,True,True,True,1200,True,1200x3,True,1200x3,True,1200x4,1200,32040.275359,32100.224507,59.949148,20.000284,True,26.101552,26.241157,True,ok,train
Chunk_3,99c94dc769b5d96e|2018-06-12--00-59-15,10,Chunk_3/99c94dc769b5d96e|2018-06-12--00-59-15/10,Chunk_3/99c94dc769b5d96e|2018-06-12--00-59-15/10/video.hevc,37474174,True,True,True,1200,True,1200x3,True,1200x3,True,1200x4,1200,32100.274506,32160.223667,59.949161,20.00028,True,19.794443,26.519802,True,ok,train
Chunk_3,99c94dc769b5d96e|2018-06-12--00-59-15,11,Chunk_3/99c94dc769b5d96e|2018-06-12--00-59-15/11,Chunk_3/99c94dc769b5d96e|2018-06-12--00-59-15/11/video.hevc,37478126,True,True,True,1200,True,1200x3,True,1200x3,True,1200x4,1200,32160.273689,32220.222831,59.949142,20.000286,True,9.843224,16.495019,True,ok,train
Chunk_3,99c94dc769b5d96e|2018-06-12--00-59-15,12,Chunk_3/99c94dc769b5d96e|2018-06-12--00-59-15/12,Chunk_3/99c94dc769b5d96e|2018-06-12--00-59-15/12/video.hevc,37518766,True,True,True,1200,True,1200x3,True,1200x3,True,1200x4,1200,32220.272822,32280.22198,59.949158,20.000281,True,16.831208,18.320732,True,ok,train
Chunk_4,99c94dc769b5d96e|2018-06-09--19-18-40,30,Chunk_4/99c94dc769b5d96e|2018-06-09--19-18-40/30,Chunk_4/99c94dc769b5d96e|2018-06-09--19-18-40/30/video.hevc,37490126,True,True,True,1199,True,1199x3,True,1199x3,True,1199x4,1199,26921.503742,26981.4029,59.899158,20.000281,True,27.369594,37.722958,True,ok,train
Chunk_4,99c94dc769b5d96e|2018-06-09--19-18-40,31,Chunk_4/99c94dc769b5d96e|2018-06-09--19-18-40/31,Chunk_4/99c94dc769b5d96e|2018-06-09--19-18-40/31/video.hevc,37458094,True,True,True,1200,True,1200x3,True,1200x3,True,1200x4,1200,26981.452899,27041.40205,59.949151,20.000283,True,3.968642,25.038584,True,ok,train
Chunk_4,99c94dc769b5d96e|2018-06-09--19-18-40,32,Chunk_4/99c94dc769b5d96e|2018-06-09--19-18-40/32,Chunk_4/99c94dc769b5d96e|2018-06-09--19-18-40/32/video.hevc,37569070,True,True,True,1201,True,1201x3,True,1201x3,True,1201x4,1201,27041.452055,27101.45121,59.999155,20.000282,True,13.453077,16.413681,True,ok,train
Chunk_4,99c94dc769b5d96e|2018-06-09--19-18-40,33,Chunk_4/99c94dc769b5d96e|2018-06-09--19-18-40/33,Chunk_4/99c94dc769b5d96e|2018-06-09--19-18-40/33/video.hevc,37421806,True,True,True,1200,True,1200x3,True,1200x3,True,1200x4,1200,27101.501215,27161.450372,59.949157,20.000281,True,8.867686,15.010388,True,ok,train
Chunk_4,99c94dc769b5d96e|2018-06-09--19-18-40,34,Chunk_4/99c94dc769b5d96e|2018-06-09--19-18-40/34,Chunk_4/99c94dc769b5d96e|2018-06-09--19-18-40/34/video.hevc,37535438,True,True,True,1200,True,1200x3,True,1200x3,True,1200x4,1200,27161.500367,27221.449547,59.94918,20.000274,True,4.09083,9.95422,True,ok,train
Chunk_4,99c94dc769b5d96e|2018-06-09--19-18-40,35,Chunk_4/99c94dc769b5d96e|2018-06-09--19-18-40/35,Chunk_4/99c94dc769b5d96e|2018-06-09--19-18-40/35/video.hevc,37459214,True,True,True,1200,True,1200x3,True,1200x3,True,1200x4,1200,27221.499527,27281.448675,59.949148,20.000284,True,1.465013,6.486602,True,ok,train
Chunk_4,99c94dc769b5d96e|2018-06-09--19-18-40,36,Chunk_4/99c94dc769b5d96e|2018-06-09--19-18-40/36,Chunk_4/99c94dc769b5d96e|2018-06-09--19-18-40/36/video.hevc,37446270,True,True,True,1200,True,1200x3,True,1200x3,True,1200x4,1200,27281.498674,27341.447858,59.949184,20.000272,True,0.046529,0.357218,True,ok,train
Chunk_4,99c94dc769b5d96e|2018-06-09--19-18-40,37,Chunk_4/99c94dc769b5d96e|2018-06-09--19-18-40/37,Chunk_4/99c94dc769b5d96e|2018-06-09--19-18-40/37/video.hevc,37408334,True,True,True,1200,True,1200x3,True,1200x3,True,1200x4,1200,27341.497831,27401.446997,59.949166,20.000278,True,0.106781,0.782499,True,ok,train
Chunk_4,99c94dc769b5d96e|2018-06-09--19-18-40,38,Chunk_4/99c94dc769b5d96e|2018-06-09--19-18-40/38,Chunk_4/99c94dc769b5d96e|2018-06-09--19-18-40/38/video.hevc,37457006,True,True,True,1200,True,1200x3,True,1200x3,True,1200x4,1200,27401.496996,27461.446156,59.94916,20.00028,True,0.125024,1.256398,True,ok,train
Chunk_4,99c94dc769b5d96e|2018-06-09--19-18-40,39,Chunk_4/99c94dc769b5d96e|2018-06-09--19-18-40/39,Chunk_4/99c94dc769b5d96e|2018-06-09--19-18-40/39/video.hevc,37433726,True,True,True,1200,True,1200x3,True,1200x3,True,1200x4,1200,27461.496152,27521.445312,59.94916,20.00028,True,0.085874,0.760065,True,ok,train
Chunk_4,99c94dc769b5d96e|2018-06-09--19-18-40,40,Chunk_4/99c94dc769b5d96e|2018-06-09--19-18-40/40,Chunk_4/99c94dc769b5d96e|2018-06-09--19-18-40/40/video.hevc,37443742,True,True,True,1200,True,1200x3,True,1200x3,True,1200x4,1200,27521.495302,27581.444468,59.949166,20.000278,True,0.118563,1.042151,True,ok,train
Chunk_4,99c94dc769b5d96e|2018-06-09--19-18-40,41,Chunk_4/99c94dc769b5d96e|2018-06-09--19-18-40/41,Chunk_4/99c94dc769b5d96e|2018-06-09--19-18-40/41/video.hevc,37516990,True,True,True,1200,True,1200x3,True,1200x3,True,1200x4,1200,27581.49446,27641.443631,59.949171,20.000277,True,0.051102,0.607018,True,ok,train
Chunk_4,99c94dc769b5d96e|2018-06-09--19-18-40,42,Chunk_4/99c94dc769b5d96e|2018-06-09--19-18-40/42,Chunk_4/99c94dc769b5d96e|2018-06-09--19-18-40/42/video.hevc,37435006,True,True,True,1200,True,1200x3,True,1200x3,True,1200x4,1200,27641.493635,27701.442776,59.949141,20.000287,True,0.243068,1.300683,True,ok,train
Chunk_4,99c94dc769b5d96e|2018-06-09--19-18-40,43,Chunk_4/99c94dc769b5d96e|2018-06-09--19-18-40/43,Chunk_4/99c94dc769b5d96e|2018-06-09--19-18-40/43/video.hevc,37466782,True,True,True,1200,True,1200x3,True,1200x3,True,1200x4,1200,27701.492786,27761.441934,59.949148,20.000284,True,0.166031,1.154509,True,ok,train
Chunk_4,99c94dc769b5d96e|2018-06-09--19-18-40,45,Chunk_4/99c94dc769b5d96e|2018-06-09--19-18-40/45,Chunk_4/99c94dc769b5d96e|2018-06-09--19-18-40/45/video.hevc,37472862,True,True,True,1200,True,1200x3,True,1200x3,True,1200x4,1200,27821.491117,27881.440251,59.949134,20.000289,True,0.758152,5.081629,True,ok,train
Chunk_4,99c94dc769b5d96e|2018-06-09--19-18-40,46,Chunk_4/99c94dc769b5d96e|2018-06-09--19-18-40/46,Chunk_4/99c94dc769b5d96e|2018-06-09--19-18-40/46/video.hevc,37474190,True,True,True,1200,True,1200x3,True,1200x3,True,1200x4,1200,27881.490242,27941.439406,59.949164,20.000279,True,0.029681,0.084875,True,ok,train
Chunk_4,99c94dc769b5d96e|2018-06-09--19-18-40,47,Chunk_4/99c94dc769b5d96e|2018-06-09--19-18-40/47,Chunk_4/99c94dc769b5d96e|2018-06-09--19-18-40/47/video.hevc,37478398,True,True,True,1200,True,1200x3,True,1200x3,True,1200x4,1200,27941.489405,28001.438561,59.949156,20.000282,True,0.029198,0.097742,True,ok,train
Chunk_4,99c94dc769b5d96e|2018-06-09--19-18-40,48,Chunk_4/99c94dc769b5d96e|2018-06-09--19-18-40/48,Chunk_4/99c94dc769b5d96e|2018-06-09--19-18-40/48/video.hevc,37470094,True,True,True,1200,True,1200x3,True,1200x3,True,1200x4,1200,28001.488564,28061.437721,59.949157,20.000281,True,0.026765,0.097743,True,ok,train
Chunk_4,99c94dc769b5d96e|2018-06-09--19-18-40,49,Chunk_4/99c94dc769b5d96e|2018-06-09--19-18-40/49,Chunk_4/99c94dc769b5d96e|2018-06-09--19-18-40/49/video.hevc,37470030,True,True,True,1200,True,1200x3,True,1200x3,True,1200x4,1200,28061.487716,28121.436878,59.949162,20.00028,True,0.030797,0.105309,True,ok,train
Chunk_4,99c94dc769b5d96e|2018-06-09--19-18-40,50,Chunk_4/99c94dc769b5d96e|2018-06-09--19-18-40/50,Chunk_4/99c94dc769b5d96e|2018-06-09--19-18-40/50/video.hevc,37466462,True,True,True,1200,True,1200x3,True,1200x3,True,1200x4,1200,28121.486922,28181.436056,59.949134,20.000289,True,0.027509,0.104071,True,ok,train
Chunk_4,99c94dc769b5d96e|2018-06-09--19-18-40,51,Chunk_4/99c94dc769b5d96e|2018-06-09--19-18-40/51,Chunk_4/99c94dc769b5d96e|2018-06-09--19-18-40/51/video.hevc,37449550,True,True,True,1200,True,1200x3,True,1200x3,True,1200x4,1200,28181.486031,28241.435194,59.949163,20.000279,True,0.030172,0.103019,True,ok,train
Chunk_4,99c94dc769b5d96e|2018-06-09--19-18-40,52,Chunk_4/99c94dc769b5d96e|2018-06-09--19-18-40/52,Chunk_4/99c94dc769b5d96e|2018-06-09--19-18-40/52/video.hevc,37476094,True,True,True,1200,True,1200x3,True,1200x3,True,1200x4,1200,28241.485192,28301.434347,59.949155,20.000282,True,0.030195,0.087289,True,ok,train
Chunk_4,99c94dc769b5d96e|2018-06-09--19-18-40,53,Chunk_4/99c94dc769b5d96e|2018-06-09--19-18-40/53,Chunk_4/99c94dc769b5d96e|2018-06-09--19-18-40/53/video.hevc,37522062,True,True,True,1200,True,1200x3,True,1200x3,True,1200x4,1200,28301.484344,28361.433509,59.949165,20.000279,True,0.071626,1.226934,True,ok,train
Chunk_4,99c94dc769b5d96e|2018-06-09--19-18-40,55,Chunk_4/99c94dc769b5d96e|2018-06-09--19-18-40/55,Chunk_4/99c94dc769b5d96e|2018-06-09--19-18-40/55/video.hevc,37469278,True,True,True,1200,True,1200x3,True,1200x3,True,1200x4,1200,28421.482659,28481.431826,59.949167,20.000278,True,13.031989,28.150536,True,ok,train
Chunk_4,99c94dc769b5d96e|2018-06-09--19-18-40,56,Chunk_4/99c94dc769b5d96e|2018-06-09--19-18-40/56,Chunk_4/99c94dc769b5d96e|2018-06-09--19-18-40/56/video.hevc,37504110,True,True,True,1200,True,1200x3,True,1200x3,True,1200x4,1200,28481.481815,28541.430977,59.949162,20.00028,True,31.35767,34.160148,True,ok,train
Chunk_4,99c94dc769b5d96e|2018-06-12--18-52-46,0,Chunk_4/99c94dc769b5d96e|2018-06-12--18-52-46/0,Chunk_4/99c94dc769b5d96e|2018-06-12--18-52-46/0/video.hevc,37148446,True,True,True,1190,True,1190x3,True,1190x3,True,1190x4,1190,36.260985,95.710116,59.449131,20.000292,True,15.091604,24.047943,True,ok,train
Chunk_4,99c94dc769b5d96e|2018-06-15--19-55-32,6,Chunk_4/99c94dc769b5d96e|2018-06-15--19-55-32/6,Chunk_4/99c94dc769b5d96e|2018-06-15--19-55-32/6/video.hevc,37495406,True,True,True,1200,True,1200x3,True,1200x3,True,1200x4,1200,34179.280229,34239.229397,59.949168,20.000278,True,13.642929,19.668873,True,ok,train
Chunk_4,99c94dc769b5d96e|2018-06-15--19-55-32,7,Chunk_4/99c94dc769b5d96e|2018-06-15--19-55-32/7,Chunk_4/99c94dc769b5d96e|2018-06-15--19-55-32/7/video.hevc,37514814,True,True,True,1200,True,1200x3,True,1200x3,True,1200x4,1200,34239.279389,34299.228556,59.949167,20.000278,True,9.380226,15.76354,True,ok,train
Chunk_4,99c94dc769b5d96e|2018-06-15--19-55-32,8,Chunk_4/99c94dc769b5d96e|2018-06-15--19-55-32/8,Chunk_4/99c94dc769b5d96e|2018-06-15--19-55-32/8/video.hevc,37443102,True,True,True,1200,True,1200x3,True,1200x3,True,1200x4,1200,34299.278547,34359.227707,59.94916,20.00028,True,12.119439,22.377085,True,ok,train
Chunk_4,99c94dc769b5d96e|2018-06-15--19-55-32,9,Chunk_4/99c94dc769b5d96e|2018-06-15--19-55-32/9,Chunk_4/99c94dc769b5d96e|2018-06-15--19-55-32/9/video.hevc,37441774,True,True,True,1200,True,1200x3,True,1200x3,True,1200x4,1200,34359.277707,34419.226869,59.949162,20.00028,True,25.56368,29.469062,True,ok,train
Chunk_4,99c94dc769b5d96e|2018-06-15--19-55-32,10,Chunk_4/99c94dc769b5d96e|2018-06-15--19-55-32/10,Chunk_4/99c94dc769b5d96e|2018-06-15--19-55-32/10/video.hevc,37468286,True,True,True,1200,True,1200x3,True,1200x3,True,1200x4,1200,34419.276865,34479.226037,59.949172,20.000276,True,29.064273,29.271334,True,ok,train
Chunk_4,99c94dc769b5d96e|2018-06-15--19-55-32,11,Chunk_4/99c94dc769b5d96e|2018-06-15--19-55-32/11,Chunk_4/99c94dc769b5d96e|2018-06-15--19-55-32/11/video.hevc,37512990,True,True,True,1200,True,1200x3,True,1200x3,True,1200x4,1200,34479.276025,34539.225207,59.949182,20.000273,True,29.123341,29.546425,True,ok,train
Chunk_4,99c94dc769b5d96e|2018-06-15--19-55-32,12,Chunk_4/99c94dc769b5d96e|2018-06-15--19-55-32/12,Chunk_4/99c94dc769b5d96e|2018-06-15--19-55-32/12/video.hevc,37510062,True,True,True,1200,True,1200x3,True,1200x3,True,1200x4,1200,34539.275193,34599.224345,59.949152,20.000283,True,28.148501,29.390438,True,ok,train
Chunk_4,99c94dc769b5d96e|2018-06-15--19-55-32,13,Chunk_4/99c94dc769b5d96e|2018-06-15--19-55-32/13,Chunk_4/99c94dc769b5d96e|2018-06-15--19-55-32/13/video.hevc,37481966,True,True,True,1200,True,1200x3,True,1200x3,True,1200x4,1200,34599.274355,34659.223497,59.949142,20.000286,True,29.128598,29.575169,True,ok,train
Chunk_4,99c94dc769b5d96e|2018-06-15--19-55-32,14,Chunk_4/99c94dc769b5d96e|2018-06-15--19-55-32/14,Chunk_4/99c94dc769b5d96e|2018-06-15--19-55-32/14/video.hevc,37513294,True,True,True,1200,True,1200x3,True,1200x3,True,1200x4,1200,34659.273498,34719.222646,59.949148,20.000284,True,25.812547,27.356314,True,ok,train
Chunk_4,99c94dc769b5d96e|2018-06-15--19-55-32,15,Chunk_4/99c94dc769b5d96e|2018-06-15--19-55-32/15,Chunk_4/99c94dc769b5d96e|2018-06-15--19-55-32/15/video.hevc,37477742,True,True,True,1200,True,1200x3,True,1200x3,True,1200x4,1200,34719.272662,34779.221808,59.949146,20.000285,True,26.746897,30.444088,True,ok,train
Chunk_4,99c94dc769b5d96e|2018-06-15--19-55-32,28,Chunk_4/99c94dc769b5d96e|2018-06-15--19-55-32/28,Chunk_4/99c94dc769b5d96e|2018-06-15--19-55-32/28/video.hevc,37456494,True,True,True,1200,True,1200x3,True,1200x3,True,1200x4,1200,35499.261691,35559.210845,59.949154,20.000282,True,28.391734,34.499432,True,ok,train
Chunk_4,99c94dc769b5d96e|2018-06-15--19-55-32,29,Chunk_4/99c94dc769b5d96e|2018-06-15--19-55-32/29,Chunk_4/99c94dc769b5d96e|2018-06-15--19-55-32/29/video.hevc,37485118,True,True,True,1200,True,1200x3,True,1200x3,True,1200x4,1200,35559.260886,35619.210003,59.949117,20.000295,True,31.080946,34.341309,True,ok,train
Chunk_4,99c94dc769b5d96e|2018-06-15--19-55-32,30,Chunk_4/99c94dc769b5d96e|2018-06-15--19-55-32/30,Chunk_4/99c94dc769b5d96e|2018-06-15--19-55-32/30/video.hevc,37518702,True,True,True,1200,True,1200x3,True,1200x3,True,1200x4,1200,35619.260003,35679.209165,59.949162,20.00028,True,28.481299,30.437225,True,ok,train
Chunk_4,99c94dc769b5d96e|2018-06-15--19-55-32,31,Chunk_4/99c94dc769b5d96e|2018-06-15--19-55-32/31,Chunk_4/99c94dc769b5d96e|2018-06-15--19-55-32/31/video.hevc,37528974,True,True,True,1200,True,1200x3,True,1200x3,True,1200x4,1200,35679.259163,35739.208325,59.949162,20.00028,True,30.705829,33.34955,True,ok,train
Chunk_4,99c94dc769b5d96e|2018-06-15--19-55-32,32,Chunk_4/99c94dc769b5d96e|2018-06-15--19-55-32/32,Chunk_4/99c94dc769b5d96e|2018-06-15--19-55-32/32/video.hevc,13252366,True,True,True,425,True,425x3,True,425x3,True,425x4,425,35739.258318,35760.45802,21.199702,20.000281,True,28.332721,32.125288,True,ok,train
Chunk_4,99c94dc769b5d96e|2018-06-18--21-20-21,5,Chunk_4/99c94dc769b5d96e|2018-06-18--21-20-21/5,Chunk_4/99c94dc769b5d96e|2018-06-18--21-20-21/5/video.hevc,37513422,True,True,True,1200,True,1200x3,True,1200x3,True,1200x4,1200,45196.065219,45256.014372,59.949153,20.000283,True,14.418341,23.310502,True,ok,train
Chunk_4,99c94dc769b5d96e|2018-06-18--21-20-21,6,Chunk_4/99c94dc769b5d96e|2018-06-18--21-20-21/6,Chunk_4/99c94dc769b5d96e|2018-06-18--21-20-21/6/video.hevc,37356606,True,True,True,1199,True,1199x3,True,1199x3,True,1199x4,1199,45256.064374,45315.963534,59.89916,20.00028,True,7.731158,16.09683,True,ok,train
Chunk_4,99c94dc769b5d96e|2018-06-18--21-20-21,7,Chunk_4/99c94dc769b5d96e|2018-06-18--21-20-21/7,Chunk_4/99c94dc769b5d96e|2018-06-18--21-20-21/7/video.hevc,37528574,True,True,True,1201,True,1201x3,True,1201x3,True,1201x4,1201,45316.013534,45376.012691,59.999157,20.000281,True,0.544171,8.698863,True,ok,train
Chunk_4,99c94dc769b5d96e|2018-06-18--21-20-21,8,Chunk_4/99c94dc769b5d96e|2018-06-18--21-20-21/8,Chunk_4/99c94dc769b5d96e|2018-06-18--21-20-21/8/video.hevc,37504638,True,True,True,1199,True,1199x3,True,1199x3,True,1199x4,1199,45376.062693,45435.961849,59.899156,20.000282,True,22.644768,29.325357,True,ok,train
Chunk_4,99c94dc769b5d96e|2018-06-18--21-20-21,9,Chunk_4/99c94dc769b5d96e|2018-06-18--21-20-21/9,Chunk_4/99c94dc769b5d96e|2018-06-18--21-20-21/9/video.hevc,37485070,True,True,True,1201,True,1201x3,True,1201x3,True,1201x4,1201,45436.011845,45496.010999,59.999154,20.000282,True,30.046402,30.83701,True,ok,train
Chunk_4,99c94dc769b5d96e|2018-06-18--21-20-21,10,Chunk_4/99c94dc769b5d96e|2018-06-18--21-20-21/10,Chunk_4/99c94dc769b5d96e|2018-06-18--21-20-21/10/video.hevc,37479518,True,True,True,1200,True,1200x3,True,1200x3,True,1200x4,1200,45496.061041,45556.010169,59.949128,20.000291,True,30.041309,30.997198,True,ok,train
Chunk_4,99c94dc769b5d96e|2018-06-18--21-20-21,11,Chunk_4/99c94dc769b5d96e|2018-06-18--21-20-21/11,Chunk_4/99c94dc769b5d96e|2018-06-18--21-20-21/11/video.hevc,37503598,True,True,True,1199,True,1199x3,True,1199x3,True,1199x4,1199,45556.060168,45615.959337,59.899169,20.000277,True,30.434969,30.802905,True,ok,train
Chunk_4,99c94dc769b5d96e|2018-06-18--21-20-21,12,Chunk_4/99c94dc769b5d96e|2018-06-18--21-20-21/12,Chunk_4/99c94dc769b5d96e|2018-06-18--21-20-21/12/video.hevc,37498174,True,True,True,1201,True,1201x3,True,1201x3,True,1201x4,1201,45616.00932,45676.00847,59.99915,20.000283,True,30.730242,31.014658,True,ok,train
Chunk_4,99c94dc769b5d96e|2018-06-18--21-20-21,13,Chunk_4/99c94dc769b5d96e|2018-06-18--21-20-21/13,Chunk_4/99c94dc769b5d96e|2018-06-18--21-20-21/13/video.hevc,37515022,True,True,True,1200,True,1200x3,True,1200x3,True,1200x4,1200,45676.058481,45736.007636,59.949155,20.000282,True,29.97427,30.883869,True,ok,train
Chunk_4,99c94dc769b5d96e|2018-06-18--21-20-21,14,Chunk_4/99c94dc769b5d96e|2018-06-18--21-20-21/14,Chunk_4/99c94dc769b5d96e|2018-06-18--21-20-21/14/video.hevc,37446286,True,True,True,1200,True,1200x3,True,1200x3,True,1200x4,1200,45736.057625,45796.006787,59.949162,20.00028,True,30.318445,30.857218,True,ok,train
Chunk_4,99c94dc769b5d96e|2018-06-18--21-20-21,15,Chunk_4/99c94dc769b5d96e|2018-06-18--21-20-21/15,Chunk_4/99c94dc769b5d96e|2018-06-18--21-20-21/15/video.hevc,37543902,True,True,True,1199,True,1199x3,True,1199x3,True,1199x4,1199,45796.056783,45856.00594,59.949157,19.9836,True,30.430154,30.594549,True,ok,train
Chunk_4,99c94dc769b5d96e|2018-06-18--21-20-21,16,Chunk_4/99c94dc769b5d96e|2018-06-18--21-20-21/16,Chunk_4/99c94dc769b5d96e|2018-06-18--21-20-21/16/video.hevc,37535214,True,True,True,1200,True,1200x3,True,1200x3,True,1200x4,1200,45856.055939,45916.0051,59.949161,20.00028,True,29.713421,30.680214,True,ok,train
Chunk_4,99c94dc769b5d96e|2018-06-18--21-20-21,17,Chunk_4/99c94dc769b5d96e|2018-06-18--21-20-21/17,Chunk_4/99c94dc769b5d96e|2018-06-18--21-20-21/17/video.hevc,37493774,True,True,True,1200,True,1200x3,True,1200x3,True,1200x4,1200,45916.055116,45976.004258,59.949142,20.000286,True,30.565127,30.8236,True,ok,train
Chunk_4,99c94dc769b5d96e|2018-06-18--21-20-21,27,Chunk_4/99c94dc769b5d96e|2018-06-18--21-20-21/27,Chunk_4/99c94dc769b5d96e|2018-06-18--21-20-21/27/video.hevc,37344062,True,True,True,1200,True,1200x3,True,1200x3,True,1200x4,1200,46516.046672,46575.99583,59.949158,20.000281,True,30.554398,30.881585,True,ok,train
Chunk_4,99c94dc769b5d96e|2018-06-18--21-20-21,28,Chunk_4/99c94dc769b5d96e|2018-06-18--21-20-21/28,Chunk_4/99c94dc769b5d96e|2018-06-18--21-20-21/28/video.hevc,37460334,True,True,True,1200,True,1200x3,True,1200x3,True,1200x4,1200,46576.045824,46635.995009,59.949185,20.000272,True,30.598517,30.844899,True,ok,train
Chunk_4,99c94dc769b5d96e|2018-06-18--21-20-21,29,Chunk_4/99c94dc769b5d96e|2018-06-18--21-20-21/29,Chunk_4/99c94dc769b5d96e|2018-06-18--21-20-21/29/video.hevc,37526014,True,True,True,1200,True,1200x3,True,1200x3,True,1200x4,1200,46636.044976,46695.994144,59.949168,20.000278,True,30.765996,30.931833,True,ok,train
Chunk_4,99c94dc769b5d96e|2018-06-18--21-20-21,30,Chunk_4/99c94dc769b5d96e|2018-06-18--21-20-21/30,Chunk_4/99c94dc769b5d96e|2018-06-18--21-20-21/30/video.hevc,37420446,True,True,True,1200,True,1200x3,True,1200x3,True,1200x4,1200,46696.044158,46755.993307,59.949149,20.000284,True,30.438931,30.895081,True,ok,train
Chunk_4,99c94dc769b5d96e|2018-06-18--21-20-21,31,Chunk_4/99c94dc769b5d96e|2018-06-18--21-20-21/31,Chunk_4/99c94dc769b5d96e|2018-06-18--21-20-21/31/video.hevc,37559758,True,True,True,1200,True,1200x3,True,1200x3,True,1200x4,1200,46756.043295,46815.99246,59.949165,20.000279,True,30.080343,30.878875,True,ok,train
Chunk_4,99c94dc769b5d96e|2018-06-18--21-20-21,32,Chunk_4/99c94dc769b5d96e|2018-06-18--21-20-21/32,Chunk_4/99c94dc769b5d96e|2018-06-18--21-20-21/32/video.hevc,37568302,True,True,True,1200,True,1200x3,True,1200x3,True,1200x4,1200,46816.042479,46875.991613,59.949134,20.000289,True,30.497625,30.876338,True,ok,train
Chunk_4,99c94dc769b5d96e|2018-06-18--21-20-21,33,Chunk_4/99c94dc769b5d96e|2018-06-18--21-20-21/33,Chunk_4/99c94dc769b5d96e|2018-06-18--21-20-21/33/video.hevc,37382766,True,True,True,1200,True,1200x3,True,1200x3,True,1200x4,1200,46876.04161,46935.990769,59.949159,20.000281,True,30.589395,30.926578,True,ok,train
Chunk_4,99c94dc769b5d96e|2018-06-18--21-20-21,34,Chunk_4/99c94dc769b5d96e|2018-06-18--21-20-21/34,Chunk_4/99c94dc769b5d96e|2018-06-18--21-20-21/34/video.hevc,37532654,True,True,True,1200,True,1200x3,True,1200x3,True,1200x4,1200,46936.040768,46995.989933,59.949165,20.000279,True,30.645519,31.016473,True,ok,train
Chunk_4,99c94dc769b5d96e|2018-06-18--21-20-21,35,Chunk_4/99c94dc769b5d96e|2018-06-18--21-20-21/35,Chunk_4/99c94dc769b5d96e|2018-06-18--21-20-21/35/video.hevc,37504958,True,True,True,1200,True,1200x3,True,1200x3,True,1200x4,1200,46996.039926,47055.98908,59.949154,20.000282,True,29.37601,30.748725,True,ok,train
Chunk_4,99c94dc769b5d96e|2018-06-18--21-20-21,36,Chunk_4/99c94dc769b5d96e|2018-06-18--21-20-21/36,Chunk_4/99c94dc769b5d96e|2018-06-18--21-20-21/36/video.hevc,37465854,True,True,True,1200,True,1200x3,True,1200x3,True,1200x4,1200,47056.039085,47115.988244,59.949159,20.000281,True,24.071014,30.740964,True,ok,train
Chunk_4,99c94dc769b5d96e|2018-06-18--21-20-21,37,Chunk_4/99c94dc769b5d96e|2018-06-18--21-20-21/37,Chunk_4/99c94dc769b5d96e|2018-06-18--21-20-21/37/video.hevc,37516622,True,True,True,1200,True,1200x3,True,1200x3,True,1200x4,1200,47116.038242,47175.987393,59.949151,20.000283,True,10.976459,19.953614,True,ok,train
Chunk_4,99c94dc769b5d96e|2018-06-18--21-20-21,38,Chunk_4/99c94dc769b5d96e|2018-06-18--21-20-21/38,Chunk_4/99c94dc769b5d96e|2018-06-18--21-20-21/38/video.hevc,37515070,True,True,True,1200,True,1200x3,True,1200x3,True,1200x4,1200,47176.037399,47235.986557,59.949158,20.000281,True,15.735651,19.851757,True,ok,train
Chunk_4,99c94dc769b5d96e|2018-06-21--18-27-56,4,Chunk_4/99c94dc769b5d96e|2018-06-21--18-27-56/4,Chunk_4/99c94dc769b5d96e|2018-06-21--18-27-56/4/video.hevc,37526270,True,True,True,1200,True,1200x3,True,1200x3,True,1200x4,1200,293990.092514,294050.041677,59.949163,20.000279,True,15.857603,19.879127,True,ok,train
Chunk_4,99c94dc769b5d96e|2018-06-21--18-27-56,5,Chunk_4/99c94dc769b5d96e|2018-06-21--18-27-56/5,Chunk_4/99c94dc769b5d96e|2018-06-21--18-27-56/5/video.hevc,37481630,True,True,True,1200,True,1200x3,True,1200x3,True,1200x4,1200,294050.091666,294110.040825,59.949159,20.000281,True,1.585535,9.147894,True,ok,train
Chunk_4,99c94dc769b5d96e|2018-06-21--18-27-56,6,Chunk_4/99c94dc769b5d96e|2018-06-21--18-27-56/6,Chunk_4/99c94dc769b5d96e|2018-06-21--18-27-56/6/video.hevc,37494286,True,True,True,1200,True,1200x3,True,1200x3,True,1200x4,1200,294110.090848,294170.039994,59.949146,20.000285,True,6.419547,17.013178,True,ok,train
Chunk_4,99c94dc769b5d96e|2018-06-22--20-13-04,1,Chunk_4/99c94dc769b5d96e|2018-06-22--20-13-04/1,Chunk_4/99c94dc769b5d96e|2018-06-22--20-13-04/1/video.hevc,37477214,True,True,True,1200,True,1200x3,True,1200x3,True,1200x4,1200,3100.063414,3160.012567,59.949153,20.000283,True,8.55244,16.615137,True,ok,validation
Chunk_4,99c94dc769b5d96e|2018-06-22--20-13-04,2,Chunk_4/99c94dc769b5d96e|2018-06-22--20-13-04/2,Chunk_4/99c94dc769b5d96e|2018-06-22--20-13-04/2/video.hevc,37477118,True,True,True,1200,True,1200x3,True,1200x3,True,1200x4,1200,3160.062566,3220.011722,59.949156,20.000282,True,6.348552,17.229845,True,ok,validation
Chunk_4,99c94dc769b5d96e|2018-06-22--20-13-04,3,Chunk_4/99c94dc769b5d96e|2018-06-22--20-13-04/3,Chunk_4/99c94dc769b5d96e|2018-06-22--20-13-04/3/video.hevc,37458446,True,True,True,1200,True,1200x3,True,1200x3,True,1200x4,1200,3220.061723,3280.010875,59.949152,20.000283,True,8.963338,14.76991,True,ok,validation
Chunk_4,99c94dc769b5d96e|2018-06-22--20-13-04,4,Chunk_4/99c94dc769b5d96e|2018-06-22--20-13-04/4,Chunk_4/99c94dc769b5d96e|2018-06-22--20-13-04/4/video.hevc,37504094,True,True,True,1200,True,1200x3,True,1200x3,True,1200x4,1200,3280.060879,3340.010042,59.949163,20.000279,True,21.43883,26.16188,True,ok,validation
Chunk_4,99c94dc769b5d96e|2018-06-22--20-13-04,5,Chunk_4/99c94dc769b5d96e|2018-06-22--20-13-04/5,Chunk_4/99c94dc769b5d96e|2018-06-22--20-13-04/5/video.hevc,37469582,True,True,True,1200,True,1200x3,True,1200x3,True,1200x4,1200,3340.060034,3400.009194,59.94916,20.00028,True,25.360231,26.802021,True,ok,validation
Chunk_4,99c94dc769b5d96e|2018-06-22--20-13-04,6,Chunk_4/99c94dc769b5d96e|2018-06-22--20-13-04/6,Chunk_4/99c94dc769b5d96e|2018-06-22--20-13-04/6/video.hevc,37481278,True,True,True,1200,True,1200x3,True,1200x3,True,1200x4,1200,3400.059203,3460.008349,59.949146,20.000285,True,30.058511,32.304812,True,ok,validation
Chunk_4,99c94dc769b5d96e|2018-06-22--20-13-04,7,Chunk_4/99c94dc769b5d96e|2018-06-22--20-13-04/7,Chunk_4/99c94dc769b5d96e|2018-06-22--20-13-04/7/video.hevc,37471118,True,True,True,1200,True,1200x3,True,1200x3,True,1200x4,1200,3460.058351,3520.007514,59.949163,20.000279,True,30.05621,32.039569,True,ok,validation
Chunk_4,99c94dc769b5d96e|2018-06-22--20-13-04,8,Chunk_4/99c94dc769b5d96e|2018-06-22--20-13-04/8,Chunk_4/99c94dc769b5d96e|2018-06-22--20-13-04/8/video.hevc,37470638,True,True,True,1200,True,1200x3,True,1200x3,True,1200x4,1200,3520.057506,3580.006679,59.949173,20.000276,True,28.152434,30.084556,True,ok,validation
Chunk_4,99c94dc769b5d96e|2018-06-22--20-13-04,9,Chunk_4/99c94dc769b5d96e|2018-06-22--20-13-04/9,Chunk_4/99c94dc769b5d96e|2018-06-22--20-13-04/9/video.hevc,37518430,True,True,True,1200,True,1200x3,True,1200x3,True,1200x4,1200,3580.056697,3640.005822,59.949125,20.000292,True,28.897316,31.200675,True,ok,validation
Chunk_4,99c94dc769b5d96e|2018-06-22--20-13-04,10,Chunk_4/99c94dc769b5d96e|2018-06-22--20-13-04/10,Chunk_4/99c94dc769b5d96e|2018-06-22--20-13-04/10/video.hevc,37491822,True,True,True,1200,True,1200x3,True,1200x3,True,1200x4,1200,3640.055824,3700.005003,59.949179,20.000274,True,30.739484,32.321196,True,ok,validation
Chunk_4,99c94dc769b5d96e|2018-06-22--20-13-04,11,Chunk_4/99c94dc769b5d96e|2018-06-22--20-13-04/11,Chunk_4/99c94dc769b5d96e|2018-06-22--20-13-04/11/video.hevc,37451614,True,True,True,1200,True,1200x3,True,1200x3,True,1200x4,1200,3700.054989,3760.004142,59.949153,20.000283,True,29.562583,32.019828,True,ok,validation
Chunk_4,99c94dc769b5d96e|2018-06-22--20-13-04,12,Chunk_4/99c94dc769b5d96e|2018-06-22--20-13-04/12,Chunk_4/99c94dc769b5d96e|2018-06-22--20-13-04/12/video.hevc,37511726,True,True,True,1200,True,1200x3,True,1200x3,True,1200x4,1200,3760.054134,3820.003293,59.949159,20.000281,True,29.91542,31.93464,True,ok,validation
Chunk_4,99c94dc769b5d96e|2018-06-22--20-13-04,13,Chunk_4/99c94dc769b5d96e|2018-06-22--20-13-04/13,Chunk_4/99c94dc769b5d96e|2018-06-22--20-13-04/13/video.hevc,37524702,True,True,True,1200,True,1200x3,True,1200x3,True,1200x4,1200,3820.053295,3880.002452,59.949157,20.000281,True,30.575488,31.930297,True,ok,validation
Chunk_4,99c94dc769b5d96e|2018-06-24--12-20-02,20,Chunk_4/99c94dc769b5d96e|2018-06-24--12-20-02/20,Chunk_4/99c94dc769b5d96e|2018-06-24--12-20-02/20/video.hevc,37450590,True,True,True,1200,True,1200x3,True,1200x3,True,1200x4,1200,1525.367727,1585.316892,59.949165,20.000279,True,32.614405,34.240653,True,ok,validation
Chunk_4,99c94dc769b5d96e|2018-06-24--12-20-02,21,Chunk_4/99c94dc769b5d96e|2018-06-24--12-20-02/21,Chunk_4/99c94dc769b5d96e|2018-06-24--12-20-02/21/video.hevc,37488558,True,True,True,1200,True,1200x3,True,1200x3,True,1200x4,1200,1585.366886,1645.316043,59.949157,20.000281,True,31.728147,34.783075,True,ok,validation
Chunk_4,99c94dc769b5d96e|2018-06-24--12-20-02,22,Chunk_4/99c94dc769b5d96e|2018-06-24--12-20-02/22,Chunk_4/99c94dc769b5d96e|2018-06-24--12-20-02/22/video.hevc,37494798,True,True,True,1200,True,1200x3,True,1200x3,True,1200x4,1200,1645.366045,1705.315201,59.949156,20.000282,True,30.859142,33.194368,True,ok,validation
Chunk_4,99c94dc769b5d96e|2018-06-24--12-20-02,23,Chunk_4/99c94dc769b5d96e|2018-06-24--12-20-02/23,Chunk_4/99c94dc769b5d96e|2018-06-24--12-20-02/23/video.hevc,37458718,True,True,True,1200,True,1200x3,True,1200x3,True,1200x4,1200,1705.365197,1765.314357,59.94916,20.00028,True,28.941036,33.176286,True,ok,validation
Chunk_4,99c94dc769b5d96e|2018-06-24--14-01-30,8,Chunk_4/99c94dc769b5d96e|2018-06-24--14-01-30/8,Chunk_4/99c94dc769b5d96e|2018-06-24--14-01-30/8/video.hevc,37506846,True,True,True,1200,True,1200x3,True,1200x3,True,1200x4,1200,6893.721805,6953.670988,59.949183,20.000273,True,25.634403,29.533354,True,ok,test
Chunk_4,99c94dc769b5d96e|2018-06-24--14-01-30,9,Chunk_4/99c94dc769b5d96e|2018-06-24--14-01-30/9,Chunk_4/99c94dc769b5d96e|2018-06-24--14-01-30/9/video.hevc,37496158,True,True,True,1200,True,1200x3,True,1200x3,True,1200x4,1200,6953.720962,7013.670117,59.949155,20.000282,True,26.554302,31.083752,True,ok,test
Chunk_4,99c94dc769b5d96e|2018-06-24--14-01-30,10,Chunk_4/99c94dc769b5d96e|2018-06-24--14-01-30/10,Chunk_4/99c94dc769b5d96e|2018-06-24--14-01-30/10/video.hevc,37478046,True,True,True,1200,True,1200x3,True,1200x3,True,1200x4,1200,7013.720126,7073.669273,59.949147,20.000285,True,26.480481,30.629304,True,ok,test
Chunk_4,99c94dc769b5d96e|2018-06-24--14-01-30,11,Chunk_4/99c94dc769b5d96e|2018-06-24--14-01-30/11,Chunk_4/99c94dc769b5d96e|2018-06-24--14-01-30/11/video.hevc,37501342,True,True,True,1200,True,1200x3,True,1200x3,True,1200x4,1200,7073.719278,7133.66844,59.949162,20.00028,True,29.911099,32.696427,True,ok,test
Chunk_4,99c94dc769b5d96e|2018-06-24--14-01-30,12,Chunk_4/99c94dc769b5d96e|2018-06-24--14-01-30/12,Chunk_4/99c94dc769b5d96e|2018-06-24--14-01-30/12/video.hevc,37467950,True,True,True,1200,True,1200x3,True,1200x3,True,1200x4,1200,7133.71844,7193.66759,59.94915,20.000284,True,27.641357,31.980191,True,ok,test
Chunk_4,99c94dc769b5d96e|2018-06-24--14-01-30,13,Chunk_4/99c94dc769b5d96e|2018-06-24--14-01-30/13,Chunk_4/99c94dc769b5d96e|2018-06-24--14-01-30/13/video.hevc,37482142,True,True,True,1200,True,1200x3,True,1200x3,True,1200x4,1200,7193.717595,7253.666741,59.949146,20.000285,True,28.942739,30.841141,True,ok,test
Chunk_4,99c94dc769b5d96e|2018-06-24--14-01-30,14,Chunk_4/99c94dc769b5d96e|2018-06-24--14-01-30/14,Chunk_4/99c94dc769b5d96e|2018-06-24--14-01-30/14/video.hevc,37560478,True,True,True,1200,True,1200x3,True,1200x3,True,1200x4,1200,7253.716743,7313.666061,59.949318,20.000228,True,7.843585,23.261763,True,ok,test
Chunk_4,99c94dc769b5d96e|2018-06-24--14-01-30,15,Chunk_4/99c94dc769b5d96e|2018-06-24--14-01-30/15,Chunk_4/99c94dc769b5d96e|2018-06-24--14-01-30/15/video.hevc,37480430,True,True,True,1200,True,1200x3,True,1200x3,True,1200x4,1200,7313.715895,7373.665067,59.949172,20.000276,True,5.42902,9.892917,True,ok,test
Chunk_4,99c94dc769b5d96e|2018-06-24--14-01-30,16,Chunk_4/99c94dc769b5d96e|2018-06-24--14-01-30/16,Chunk_4/99c94dc769b5d96e|2018-06-24--14-01-30/16/video.hevc,37469598,True,True,True,1200,True,1200x3,True,1200x3,True,1200x4,1200,7373.715083,7433.664213,59.94913,20.00029,True,6.336765,10.54839,True,ok,test
Chunk_4,99c94dc769b5d96e|2018-06-24--14-01-30,17,Chunk_4/99c94dc769b5d96e|2018-06-24--14-01-30/17,Chunk_4/99c94dc769b5d96e|2018-06-24--14-01-30/17/video.hevc,37450910,True,True,True,1200,True,1200x3,True,1200x3,True,1200x4,1200,7433.714212,7493.663378,59.949166,20.000278,True,6.925102,11.817748,True,ok,test
Chunk_4,99c94dc769b5d96e|2018-06-24--14-01-30,18,Chunk_4/99c94dc769b5d96e|2018-06-24--14-01-30/18,Chunk_4/99c94dc769b5d96e|2018-06-24--14-01-30/18/video.hevc,37477774,True,True,True,1200,True,1200x3,True,1200x3,True,1200x4,1200,7493.71337,7553.662534,59.949164,20.000279,True,0.962251,4.959873,True,ok,test
Chunk_4,99c94dc769b5d96e|2018-06-24--14-01-30,19,Chunk_4/99c94dc769b5d96e|2018-06-24--14-01-30/19,Chunk_4/99c94dc769b5d96e|2018-06-24--14-01-30/19/video.hevc,37518062,True,True,True,1200,True,1200x3,True,1200x3,True,1200x4,1200,7553.712521,7613.661705,59.949184,20.000272,True,9.333616,19.313996,True,ok,test
Chunk_4,99c94dc769b5d96e|2018-06-24--14-01-30,20,Chunk_4/99c94dc769b5d96e|2018-06-24--14-01-30/20,Chunk_4/99c94dc769b5d96e|2018-06-24--14-01-30/20/video.hevc,37474990,True,True,True,1200,True,1200x3,True,1200x3,True,1200x4,1200,7613.711694,7673.660846,59.949152,20.000283,True,11.556564,15.179022,True,ok,test
Chunk_4,99c94dc769b5d96e|2018-06-24--15-20-06,4,Chunk_4/99c94dc769b5d96e|2018-06-24--15-20-06/4,Chunk_4/99c94dc769b5d96e|2018-06-24--15-20-06/4/video.hevc,37533582,True,True,True,1200,True,1200x3,True,1200x3,True,1200x4,1200,11369.662053,11429.611207,59.949154,20.000282,True,12.533366,19.248997,True,ok,train
Chunk_4,99c94dc769b5d96e|2018-06-24--15-20-06,5,Chunk_4/99c94dc769b5d96e|2018-06-24--15-20-06/5,Chunk_4/99c94dc769b5d96e|2018-06-24--15-20-06/5/video.hevc,37473038,True,True,True,1200,True,1200x3,True,1200x3,True,1200x4,1200,11429.661196,11489.610362,59.949166,20.000278,True,4.02824,14.086311,True,ok,train
Chunk_4,99c94dc769b5d96e|2018-06-24--15-20-06,6,Chunk_4/99c94dc769b5d96e|2018-06-24--15-20-06/6,Chunk_4/99c94dc769b5d96e|2018-06-24--15-20-06/6/video.hevc,37449310,True,True,True,1200,True,1200x3,True,1200x3,True,1200x4,1200,11489.660398,11549.609524,59.949126,20.000292,True,8.564119,19.125199,True,ok,train
Chunk_4,99c94dc769b5d96e|2018-06-24--15-20-06,7,Chunk_4/99c94dc769b5d96e|2018-06-24--15-20-06/7,Chunk_4/99c94dc769b5d96e|2018-06-24--15-20-06/7/video.hevc,37486574,True,True,True,1200,True,1200x3,True,1200x3,True,1200x4,1200,11549.659527,11609.608669,59.949142,20.000286,True,22.474449,27.79937,True,ok,train
Chunk_4,99c94dc769b5d96e|2018-06-24--15-20-06,8,Chunk_4/99c94dc769b5d96e|2018-06-24--15-20-06/8,Chunk_4/99c94dc769b5d96e|2018-06-24--15-20-06/8/video.hevc,37489710,True,True,True,1200,True,1200x3,True,1200x3,True,1200x4,1200,11609.658695,11669.60783,59.949135,20.000289,True,27.299208,28.972224,True,ok,train
Chunk_4,99c94dc769b5d96e|2018-06-24--15-20-06,9,Chunk_4/99c94dc769b5d96e|2018-06-24--15-20-06/9,Chunk_4/99c94dc769b5d96e|2018-06-24--15-20-06/9/video.hevc,37567870,True,True,True,1201,True,1201x3,True,1201x3,True,1201x4,1201,11669.657837,11729.65699,59.999153,20.000282,True,24.509337,25.355304,True,ok,train
Chunk_4,99c94dc769b5d96e|2018-06-24--15-20-06,10,Chunk_4/99c94dc769b5d96e|2018-06-24--15-20-06/10,Chunk_4/99c94dc769b5d96e|2018-06-24--15-20-06/10/video.hevc,37465358,True,True,True,1200,True,1200x3,True,1200x3,True,1200x4,1200,11729.706996,11789.656141,59.949145,20.000285,True,25.728899,27.848509,True,ok,train
Chunk_4,99c94dc769b5d96e|2018-06-24--15-20-06,11,Chunk_4/99c94dc769b5d96e|2018-06-24--15-20-06/11,Chunk_4/99c94dc769b5d96e|2018-06-24--15-20-06/11/video.hevc,37501326,True,True,True,1200,True,1200x3,True,1200x3,True,1200x4,1200,11789.706152,11849.655299,59.949147,20.000285,True,28.665462,30.766811,True,ok,train
Chunk_4,99c94dc769b5d96e|2018-06-24--15-20-06,12,Chunk_4/99c94dc769b5d96e|2018-06-24--15-20-06/12,Chunk_4/99c94dc769b5d96e|2018-06-24--15-20-06/12/video.hevc,37513486,True,True,True,1200,True,1200x3,True,1200x3,True,1200x4,1200,11849.705295,11909.654459,59.949164,20.000279,True,29.179437,31.818973,True,ok,train
Chunk_4,99c94dc769b5d96e|2018-06-24--15-20-06,13,Chunk_4/99c94dc769b5d96e|2018-06-24--15-20-06/13,Chunk_4/99c94dc769b5d96e|2018-06-24--15-20-06/13/video.hevc,37501198,True,True,True,1200,True,1200x3,True,1200x3,True,1200x4,1200,11909.704454,11969.653614,59.94916,20.00028,True,29.606868,31.687419,True,ok,train
Chunk_4,99c94dc769b5d96e|2018-06-24--15-20-06,14,Chunk_4/99c94dc769b5d96e|2018-06-24--15-20-06/14,Chunk_4/99c94dc769b5d96e|2018-06-24--15-20-06/14/video.hevc,37510974,True,True,True,1200,True,1200x3,True,1200x3,True,1200x4,1200,11969.703611,12029.652781,59.94917,20.000277,True,31.185225,31.660829,True,ok,train
Chunk_4,99c94dc769b5d96e|2018-06-24--15-20-06,15,Chunk_4/99c94dc769b5d96e|2018-06-24--15-20-06/15,Chunk_4/99c94dc769b5d96e|2018-06-24--15-20-06/15/video.hevc,37481294,True,True,True,1200,True,1200x3,True,1200x3,True,1200x4,1200,12029.702786,12089.651933,59.949147,20.000285,True,31.310312,31.675315,True,ok,train
Chunk_4,99c94dc769b5d96e|2018-06-24--15-20-06,16,Chunk_4/99c94dc769b5d96e|2018-06-24--15-20-06/16,Chunk_4/99c94dc769b5d96e|2018-06-24--15-20-06/16/video.hevc,37491070,True,True,True,1200,True,1200x3,True,1200x3,True,1200x4,1200,12089.701929,12149.651078,59.949149,20.000284,True,31.117943,31.748193,True,ok,train
Chunk_4,99c94dc769b5d96e|2018-06-25--10-11-05,26,Chunk_4/99c94dc769b5d96e|2018-06-25--10-11-05/26,Chunk_4/99c94dc769b5d96e|2018-06-25--10-11-05/26/video.hevc,37490414,True,True,True,1200,True,1200x3,True,1200x3,True,1200x4,1200,1622.856086,1682.805255,59.949169,20.000277,True,33.603536,33.980057,True,ok,test
Chunk_4,99c94dc769b5d96e|2018-06-25--10-11-05,27,Chunk_4/99c94dc769b5d96e|2018-06-25--10-11-05/27,Chunk_4/99c94dc769b5d96e|2018-06-25--10-11-05/27/video.hevc,37493630,True,True,True,1200,True,1200x3,True,1200x3,True,1200x4,1200,1682.855242,1742.804403,59.949161,20.00028,True,33.687957,33.947005,True,ok,test
Chunk_4,99c94dc769b5d96e|2018-06-25--10-11-05,28,Chunk_4/99c94dc769b5d96e|2018-06-25--10-11-05/28,Chunk_4/99c94dc769b5d96e|2018-06-25--10-11-05/28/video.hevc,37513374,True,True,True,1200,True,1200x3,True,1200x3,True,1200x4,1200,1742.854396,1802.803564,59.949168,20.000278,True,33.851195,34.169946,True,ok,test
Chunk_4,99c94dc769b5d96e|2018-06-25--10-11-05,29,Chunk_4/99c94dc769b5d96e|2018-06-25--10-11-05/29,Chunk_4/99c94dc769b5d96e|2018-06-25--10-11-05/29/video.hevc,37494158,True,True,True,1200,True,1200x3,True,1200x3,True,1200x4,1200,1802.853558,1862.802715,59.949157,20.000281,True,33.606642,34.003472,True,ok,test
Chunk_4,99c94dc769b5d96e|2018-06-25--10-11-05,30,Chunk_4/99c94dc769b5d96e|2018-06-25--10-11-05/30,Chunk_4/99c94dc769b5d96e|2018-06-25--10-11-05/30/video.hevc,37489278,True,True,True,1200,True,1200x3,True,1200x3,True,1200x4,1200,1862.852713,1922.801874,59.949161,20.00028,True,31.181846,33.726891,True,ok,test
Chunk_4,99c94dc769b5d96e|2018-06-25--10-11-05,31,Chunk_4/99c94dc769b5d96e|2018-06-25--10-11-05/31,Chunk_4/99c94dc769b5d96e|2018-06-25--10-11-05/31/video.hevc,37455246,True,True,True,1200,True,1200x3,True,1200x3,True,1200x4,1200,1922.851871,1982.801031,59.94916,20.00028,True,32.379954,33.598551,True,ok,test
Chunk_4,99c94dc769b5d96e|2018-06-25--10-11-05,32,Chunk_4/99c94dc769b5d96e|2018-06-25--10-11-05/32,Chunk_4/99c94dc769b5d96e|2018-06-25--10-11-05/32/video.hevc,37484702,True,True,True,1200,True,1200x3,True,1200x3,True,1200x4,1200,1982.851027,2042.800184,59.949157,20.000281,True,30.912337,32.893739,True,ok,test
Chunk_4,99c94dc769b5d96e|2018-06-25--10-11-05,33,Chunk_4/99c94dc769b5d96e|2018-06-25--10-11-05/33,Chunk_4/99c94dc769b5d96e|2018-06-25--10-11-05/33/video.hevc,37501950,True,True,True,1200,True,1200x3,True,1200x3,True,1200x4,1200,2042.850193,2102.799348,59.949155,20.000282,True,29.656317,31.285421,True,ok,test
Chunk_4,99c94dc769b5d96e|2018-06-25--10-11-05,34,Chunk_4/99c94dc769b5d96e|2018-06-25--10-11-05/34,Chunk_4/99c94dc769b5d96e|2018-06-25--10-11-05/34/video.hevc,37588286,True,True,True,1201,True,1201x3,True,1201x3,True,1201x4,1201,2102.849348,2162.848498,59.99915,20.000283,True,29.181626,31.058584,True,ok,test
Chunk_4,99c94dc769b5d96e|2018-06-25--10-11-05,35,Chunk_4/99c94dc769b5d96e|2018-06-25--10-11-05/35,Chunk_4/99c94dc769b5d96e|2018-06-25--10-11-05/35/video.hevc,37449998,True,True,True,1199,True,1199x3,True,1199x3,True,1199x4,1199,2162.898529,2222.79765,59.899121,20.000293,True,14.911825,25.347199,True,ok,test
Chunk_4,99c94dc769b5d96e|2018-06-25--10-11-05,36,Chunk_4/99c94dc769b5d96e|2018-06-25--10-11-05/36,Chunk_4/99c94dc769b5d96e|2018-06-25--10-11-05/36/video.hevc,37507486,True,True,True,1200,True,1200x3,True,1200x3,True,1200x4,1200,2222.847658,2282.796824,59.949166,20.000278,True,1.41816,12.109873,True,ok,test
Chunk_4,99c94dc769b5d96e|2018-06-25--10-11-05,37,Chunk_4/99c94dc769b5d96e|2018-06-25--10-11-05/37,Chunk_4/99c94dc769b5d96e|2018-06-25--10-11-05/37/video.hevc,37494110,True,True,True,1200,True,1200x3,True,1200x3,True,1200x4,1200,2282.846819,2342.795974,59.949155,20.000282,True,20.117992,24.064149,True,ok,test
Chunk_4,99c94dc769b5d96e|2018-06-25--20-56-44,2,Chunk_4/99c94dc769b5d96e|2018-06-25--20-56-44/2,Chunk_4/99c94dc769b5d96e|2018-06-25--20-56-44/2/video.hevc,37489678,True,True,True,1200,True,1200x3,True,1200x3,True,1200x4,1200,38921.95464,38981.903767,59.949127,20.000291,True,16.369223,17.866289,True,ok,train
Chunk_4,99c94dc769b5d96e|2018-06-25--20-56-44,3,Chunk_4/99c94dc769b5d96e|2018-06-25--20-56-44/3,Chunk_4/99c94dc769b5d96e|2018-06-25--20-56-44/3/video.hevc,37508766,True,True,True,1200,True,1200x3,True,1200x3,True,1200x4,1200,38981.95377,39041.902931,59.949161,20.00028,True,15.3497,20.980559,True,ok,train
Chunk_4,99c94dc769b5d96e|2018-06-25--20-56-44,4,Chunk_4/99c94dc769b5d96e|2018-06-25--20-56-44/4,Chunk_4/99c94dc769b5d96e|2018-06-25--20-56-44/4/video.hevc,37525854,True,True,True,1200,True,1200x3,True,1200x3,True,1200x4,1200,39041.952929,39101.902085,59.949156,20.000282,True,23.060152,25.318539,True,ok,train
Chunk_4,99c94dc769b5d96e|2018-06-25--20-56-44,5,Chunk_4/99c94dc769b5d96e|2018-06-25--20-56-44/5,Chunk_4/99c94dc769b5d96e|2018-06-25--20-56-44/5/video.hevc,37523950,True,True,True,1201,True,1201x3,True,1201x3,True,1201x4,1201,39101.952086,39161.951248,59.999162,20.000279,True,28.363742,30.852261,True,ok,train
Chunk_4,99c94dc769b5d96e|2018-06-25--20-56-44,6,Chunk_4/99c94dc769b5d96e|2018-06-25--20-56-44/6,Chunk_4/99c94dc769b5d96e|2018-06-25--20-56-44/6/video.hevc,37497438,True,True,True,1199,True,1199x3,True,1199x3,True,1199x4,1199,39162.001247,39221.900396,59.899149,20.000284,True,25.131079,27.660837,True,ok,train
Chunk_4,99c94dc769b5d96e|2018-06-25--20-56-44,7,Chunk_4/99c94dc769b5d96e|2018-06-25--20-56-44/7,Chunk_4/99c94dc769b5d96e|2018-06-25--20-56-44/7/video.hevc,37444334,True,True,True,1200,True,1200x3,True,1200x3,True,1200x4,1200,39221.950402,39281.899561,59.949159,20.000281,True,29.734248,30.673746,True,ok,train
Chunk_4,99c94dc769b5d96e|2018-06-25--20-56-44,8,Chunk_4/99c94dc769b5d96e|2018-06-25--20-56-44/8,Chunk_4/99c94dc769b5d96e|2018-06-25--20-56-44/8/video.hevc,37429486,True,True,True,1200,True,1200x3,True,1200x3,True,1200x4,1200,39281.949554,39341.898713,59.949159,20.000281,True,30.738316,30.96879,True,ok,train
Chunk_4,99c94dc769b5d96e|2018-06-25--20-56-44,9,Chunk_4/99c94dc769b5d96e|2018-06-25--20-56-44/9,Chunk_4/99c94dc769b5d96e|2018-06-25--20-56-44/9/video.hevc,37453758,True,True,True,1200,True,1200x3,True,1200x3,True,1200x4,1200,39341.948724,39401.947884,59.99916,19.983613,True,28.781947,30.69163,True,ok,train
Chunk_4,99c94dc769b5d96e|2018-06-25--20-56-44,10,Chunk_4/99c94dc769b5d96e|2018-06-25--20-56-44/10,Chunk_4/99c94dc769b5d96e|2018-06-25--20-56-44/10/video.hevc,37422670,True,True,True,1200,True,1200x3,True,1200x3,True,1200x4,1200,39401.997886,39461.947033,59.949147,20.000285,True,30.384285,30.84405,True,ok,train
Chunk_4,99c94dc769b5d96e|2018-06-25--20-56-44,11,Chunk_4/99c94dc769b5d96e|2018-06-25--20-56-44/11,Chunk_4/99c94dc769b5d96e|2018-06-25--20-56-44/11/video.hevc,37522846,True,True,True,1200,True,1200x3,True,1200x3,True,1200x4,1200,39461.997033,39521.946191,59.949158,20.000281,True,29.035659,30.580476,True,ok,train
Chunk_4,99c94dc769b5d96e|2018-06-25--20-56-44,12,Chunk_4/99c94dc769b5d96e|2018-06-25--20-56-44/12,Chunk_4/99c94dc769b5d96e|2018-06-25--20-56-44/12/video.hevc,37525438,True,True,True,1200,True,1200x3,True,1200x3,True,1200x4,1200,39521.996209,39581.945349,59.94914,20.000287,True,22.32743,28.633242,True,ok,train
Chunk_4,99c94dc769b5d96e|2018-06-25--20-56-44,13,Chunk_4/99c94dc769b5d96e|2018-06-25--20-56-44/13,Chunk_4/99c94dc769b5d96e|2018-06-25--20-56-44/13/video.hevc,21313406,True,True,True,680,True,680x3,True,680x3,True,680x4,680,39581.995344,39615.944875,33.949531,20.000276,True,5.473861,9.747806,True,ok,train
Chunk_4,99c94dc769b5d96e|2018-06-25--21-14-19,1,Chunk_4/99c94dc769b5d96e|2018-06-25--21-14-19/1,Chunk_4/99c94dc769b5d96e|2018-06-25--21-14-19/1/video.hevc,37391182,True,True,True,1200,True,1200x3,True,1200x3,True,1200x4,1200,39916.86935,39976.818507,59.949157,20.000281,True,30.68896,30.938835,True,ok,train
Chunk_4,99c94dc769b5d96e|2018-06-25--21-14-19,2,Chunk_4/99c94dc769b5d96e|2018-06-25--21-14-19/2,Chunk_4/99c94dc769b5d96e|2018-06-25--21-14-19/2/video.hevc,37455694,True,True,True,1200,True,1200x3,True,1200x3,True,1200x4,1200,39976.868521,40036.817665,59.949144,20.000286,True,30.453158,30.893771,True,ok,train
Chunk_4,99c94dc769b5d96e|2018-06-25--21-14-19,3,Chunk_4/99c94dc769b5d96e|2018-06-25--21-14-19/3,Chunk_4/99c94dc769b5d96e|2018-06-25--21-14-19/3/video.hevc,37561934,True,True,True,1200,True,1200x3,True,1200x3,True,1200x4,1200,40036.867664,40096.816841,59.949177,20.000275,True,27.436738,30.550389,True,ok,train
Chunk_4,99c94dc769b5d96e|2018-06-25--21-14-19,4,Chunk_4/99c94dc769b5d96e|2018-06-25--21-14-19/4,Chunk_4/99c94dc769b5d96e|2018-06-25--21-14-19/4/video.hevc,37551678,True,True,True,1200,True,1200x3,True,1200x3,True,1200x4,1200,40096.866817,40156.815976,59.949159,20.000281,True,25.114279,25.982054,True,ok,train
Chunk_4,99c94dc769b5d96e|2018-06-25--21-14-19,5,Chunk_4/99c94dc769b5d96e|2018-06-25--21-14-19/5,Chunk_4/99c94dc769b5d96e|2018-06-25--21-14-19/5/video.hevc,37540654,True,True,True,1200,True,1200x3,True,1200x3,True,1200x4,1200,40156.86598,40216.815136,59.949156,20.000282,True,27.678862,30.927101,True,ok,train
Chunk_4,99c94dc769b5d96e|2018-06-25--21-14-19,6,Chunk_4/99c94dc769b5d96e|2018-06-25--21-14-19/6,Chunk_4/99c94dc769b5d96e|2018-06-25--21-14-19/6/video.hevc,37502446,True,True,True,1200,True,1200x3,True,1200x3,True,1200x4,1200,40216.865133,40276.814292,59.949159,20.000281,True,27.353549,29.07064,True,ok,train
Chunk_4,99c94dc769b5d96e|2018-06-25--21-14-19,7,Chunk_4/99c94dc769b5d96e|2018-06-25--21-14-19/7,Chunk_4/99c94dc769b5d96e|2018-06-25--21-14-19/7/video.hevc,37493742,True,True,True,1200,True,1200x3,True,1200x3,True,1200x4,1200,40276.864294,40336.813448,59.949154,20.000282,True,27.080772,29.595877,True,ok,train
Chunk_4,99c94dc769b5d96e|2018-06-25--21-14-19,8,Chunk_4/99c94dc769b5d96e|2018-06-25--21-14-19/8,Chunk_4/99c94dc769b5d96e|2018-06-25--21-14-19/8/video.hevc,37496814,True,True,True,1200,True,1200x3,True,1200x3,True,1200x4,1200,40336.863449,40396.812599,59.94915,20.000284,True,24.002362,26.303973,True,ok,train
Chunk_4,99c94dc769b5d96e|2018-06-25--21-14-19,9,Chunk_4/99c94dc769b5d96e|2018-06-25--21-14-19/9,Chunk_4/99c94dc769b5d96e|2018-06-25--21-14-19/9/video.hevc,37509790,True,True,True,1200,True,1200x3,True,1200x3,True,1200x4,1200,40396.862615,40456.811773,59.949158,20.000281,True,19.221818,24.097305,True,ok,train
Chunk_4,99c94dc769b5d96e|2018-06-25--21-14-19,10,Chunk_4/99c94dc769b5d96e|2018-06-25--21-14-19/10,Chunk_4/99c94dc769b5d96e|2018-06-25--21-14-19/10/video.hevc,37451758,True,True,True,1200,True,1200x3,True,1200x3,True,1200x4,1200,40456.861762,40516.810919,59.949157,20.000281,True,3.184499,14.40271,True,ok,train
Chunk_4,99c94dc769b5d96e|2018-06-25--21-14-19,11,Chunk_4/99c94dc769b5d96e|2018-06-25--21-14-19/11,Chunk_4/99c94dc769b5d96e|2018-06-25--21-14-19/11/video.hevc,37377470,True,True,True,1200,True,1200x3,True,1200x3,True,1200x4,1200,40516.860923,40576.810107,59.949184,20.000272,True,6.729485,18.599481,True,ok,train
Chunk_4,99c94dc769b5d96e|2018-06-25--21-14-19,12,Chunk_4/99c94dc769b5d96e|2018-06-25--21-14-19/12,Chunk_4/99c94dc769b5d96e|2018-06-25--21-14-19/12/video.hevc,37494158,True,True,True,1200,True,1200x3,True,1200x3,True,1200x4,1200,40576.86008,40636.809242,59.949162,20.00028,True,13.371966,19.037554,True,ok,train
Chunk_4,99c94dc769b5d96e|2018-06-25--22-19-02,4,Chunk_4/99c94dc769b5d96e|2018-06-25--22-19-02/4,Chunk_4/99c94dc769b5d96e|2018-06-25--22-19-02/4/video.hevc,37511342,True,True,True,1200,True,1200x3,True,1200x3,True,1200x4,1200,43979.401853,44039.351009,59.949156,20.000282,True,10.954556,21.13551,True,ok,train
Chunk_4,99c94dc769b5d96e|2018-06-25--22-19-02,5,Chunk_4/99c94dc769b5d96e|2018-06-25--22-19-02/5,Chunk_4/99c94dc769b5d96e|2018-06-25--22-19-02/5/video.hevc,37432110,True,True,True,1200,True,1200x3,True,1200x3,True,1200x4,1200,44039.401012,44099.35017,59.949158,20.000281,True,10.269003,21.416976,True,ok,train
Chunk_4,99c94dc769b5d96e|2018-06-25--22-19-02,6,Chunk_4/99c94dc769b5d96e|2018-06-25--22-19-02/6,Chunk_4/99c94dc769b5d96e|2018-06-25--22-19-02/6/video.hevc,37572686,True,True,True,1201,True,1201x3,True,1201x3,True,1201x4,1201,44099.400173,44159.399319,59.999146,20.000285,True,20.124827,26.654754,True,ok,train
Chunk_4,99c94dc769b5d96e|2018-06-25--22-19-02,7,Chunk_4/99c94dc769b5d96e|2018-06-25--22-19-02/7,Chunk_4/99c94dc769b5d96e|2018-06-25--22-19-02/7/video.hevc,37431166,True,True,True,1199,True,1199x3,True,1199x3,True,1199x4,1199,44159.449325,44219.348486,59.899161,20.00028,True,28.72302,34.896566,True,ok,train
Chunk_4,99c94dc769b5d96e|2018-06-25--22-19-02,8,Chunk_4/99c94dc769b5d96e|2018-06-25--22-19-02/8,Chunk_4/99c94dc769b5d96e|2018-06-25--22-19-02/8/video.hevc,37472270,True,True,True,1200,True,1200x3,True,1200x3,True,1200x4,1200,44219.398477,44279.347637,59.94916,20.00028,True,34.579929,35.506926,True,ok,train
Chunk_4,99c94dc769b5d96e|2018-06-25--22-19-02,9,Chunk_4/99c94dc769b5d96e|2018-06-25--22-19-02/9,Chunk_4/99c94dc769b5d96e|2018-06-25--22-19-02/9/video.hevc,37410670,True,True,True,1200,True,1200x3,True,1200x3,True,1200x4,1200,44279.397633,44339.346798,59.949165,20.000279,True,33.542619,33.912516,True,ok,train
Chunk_4,99c94dc769b5d96e|2018-06-25--22-19-02,10,Chunk_4/99c94dc769b5d96e|2018-06-25--22-19-02/10,Chunk_4/99c94dc769b5d96e|2018-06-25--22-19-02/10/video.hevc,37478222,True,True,True,1200,True,1200x3,True,1200x3,True,1200x4,1200,44339.396796,44399.345951,59.949155,20.000282,True,33.716505,33.953191,True,ok,train
Chunk_4,99c94dc769b5d96e|2018-06-25--22-19-02,11,Chunk_4/99c94dc769b5d96e|2018-06-25--22-19-02/11,Chunk_4/99c94dc769b5d96e|2018-06-25--22-19-02/11/video.hevc,37470142,True,True,True,1200,True,1200x3,True,1200x3,True,1200x4,1200,44399.395954,44459.345117,59.949163,20.000279,True,33.590696,33.961036,True,ok,train
Chunk_4,99c94dc769b5d96e|2018-06-25--22-19-02,12,Chunk_4/99c94dc769b5d96e|2018-06-25--22-19-02/12,Chunk_4/99c94dc769b5d96e|2018-06-25--22-19-02/12/video.hevc,37462782,True,True,True,1200,True,1200x3,True,1200x3,True,1200x4,1200,44459.395112,44519.344265,59.949153,20.000283,True,33.552593,33.915374,True,ok,train
Chunk_4,99c94dc769b5d96e|2018-06-25--22-19-02,13,Chunk_4/99c94dc769b5d96e|2018-06-25--22-19-02/13,Chunk_4/99c94dc769b5d96e|2018-06-25--22-19-02/13/video.hevc,37430846,True,True,True,1200,True,1200x3,True,1200x3,True,1200x4,1200,44519.394268,44579.343428,59.94916,20.00028,True,33.586474,33.780902,True,ok,train
Chunk_4,99c94dc769b5d96e|2018-06-25--22-19-02,14,Chunk_4/99c94dc769b5d96e|2018-06-25--22-19-02/14,Chunk_4/99c94dc769b5d96e|2018-06-25--22-19-02/14/video.hevc,37380398,True,True,True,1200,True,1200x3,True,1200x3,True,1200x4,1200,44579.393425,44639.342594,59.949169,20.000277,True,33.596364,33.946802,True,ok,train
Chunk_4,99c94dc769b5d96e|2018-06-25--22-19-02,15,Chunk_4/99c94dc769b5d96e|2018-06-25--22-19-02/15,Chunk_4/99c94dc769b5d96e|2018-06-25--22-19-02/15/video.hevc,37387006,True,True,True,1200,True,1200x3,True,1200x3,True,1200x4,1200,44639.39258,44699.341747,59.949167,20.000278,True,33.692574,33.976523,True,ok,train
Chunk_4,99c94dc769b5d96e|2018-06-27--15-03-44,10,Chunk_4/99c94dc769b5d96e|2018-06-27--15-03-44/10,Chunk_4/99c94dc769b5d96e|2018-06-27--15-03-44/10/video.hevc,37474158,True,True,True,1200,True,1200x3,True,1200x3,True,1200x4,1200,191021.159689,191081.10885,59.949161,20.00028,True,11.723639,21.109772,True,ok,train
Chunk_4,99c94dc769b5d96e|2018-06-27--15-03-44,11,Chunk_4/99c94dc769b5d96e|2018-06-27--15-03-44/11,Chunk_4/99c94dc769b5d96e|2018-06-27--15-03-44/11/video.hevc,37513486,True,True,True,1200,True,1200x3,True,1200x3,True,1200x4,1200,191081.158896,191141.108006,59.94911,20.000297,True,7.658657,14.125951,True,ok,train
Chunk_4,99c94dc769b5d96e|2018-06-27--15-03-44,12,Chunk_4/99c94dc769b5d96e|2018-06-27--15-03-44/12,Chunk_4/99c94dc769b5d96e|2018-06-27--15-03-44/12/video.hevc,37492398,True,True,True,1200,True,1200x3,True,1200x3,True,1200x4,1200,191141.158002,191201.107163,59.949161,20.00028,True,20.215597,26.636999,True,ok,train
Chunk_4,99c94dc769b5d96e|2018-06-27--15-03-44,13,Chunk_4/99c94dc769b5d96e|2018-06-27--15-03-44/13,Chunk_4/99c94dc769b5d96e|2018-06-27--15-03-44/13/video.hevc,37505038,True,True,True,1200,True,1200x3,True,1200x3,True,1200x4,1200,191201.157155,191261.106348,59.949193,20.000269,True,28.940224,32.328877,True,ok,train
Chunk_4,99c94dc769b5d96e|2018-06-27--15-03-44,14,Chunk_4/99c94dc769b5d96e|2018-06-27--15-03-44/14,Chunk_4/99c94dc769b5d96e|2018-06-27--15-03-44/14/video.hevc,37476046,True,True,True,1200,True,1200x3,True,1200x3,True,1200x4,1200,191261.15632,191321.105486,59.949166,20.000278,True,30.12273,31.672196,True,ok,train
Chunk_4,99c94dc769b5d96e|2018-06-27--15-03-44,15,Chunk_4/99c94dc769b5d96e|2018-06-27--15-03-44/15,Chunk_4/99c94dc769b5d96e|2018-06-27--15-03-44/15/video.hevc,37493438,True,True,True,1200,True,1200x3,True,1200x3,True,1200x4,1200,191321.155472,191381.104653,59.949181,20.000273,True,30.321814,30.858184,True,ok,train
Chunk_4,99c94dc769b5d96e|2018-06-27--15-03-44,16,Chunk_4/99c94dc769b5d96e|2018-06-27--15-03-44/16,Chunk_4/99c94dc769b5d96e|2018-06-27--15-03-44/16/video.hevc,37476430,True,True,True,1200,True,1200x3,True,1200x3,True,1200x4,1200,191381.154628,191441.103799,59.949171,20.000277,True,29.933231,30.945017,True,ok,train
Chunk_4,99c94dc769b5d96e|2018-06-27--15-03-44,17,Chunk_4/99c94dc769b5d96e|2018-06-27--15-03-44/17,Chunk_4/99c94dc769b5d96e|2018-06-27--15-03-44/17/video.hevc,37529646,True,True,True,1201,True,1201x3,True,1201x3,True,1201x4,1201,191441.15381,191501.152963,59.999153,20.000282,True,29.770571,30.948831,True,ok,train
Chunk_4,99c94dc769b5d96e|2018-06-27--15-03-44,18,Chunk_4/99c94dc769b5d96e|2018-06-27--15-03-44/18,Chunk_4/99c94dc769b5d96e|2018-06-27--15-03-44/18/video.hevc,37490238,True,True,True,1199,True,1199x3,True,1199x3,True,1199x4,1199,191501.202943,191561.102095,59.899152,20.000283,True,26.645845,30.02169,True,ok,train
Chunk_4,99c94dc769b5d96e|2018-06-27--15-03-44,63,Chunk_4/99c94dc769b5d96e|2018-06-27--15-03-44/63,Chunk_4/99c94dc769b5d96e|2018-06-27--15-03-44/63/video.hevc,37497774,True,True,True,1200,True,1200x3,True,1200x3,True,1200x4,1200,194201.16501,194261.114164,59.949154,20.000282,True,22.943633,30.407786,True,ok,train
Chunk_4,99c94dc769b5d96e|2018-06-27--15-03-44,64,Chunk_4/99c94dc769b5d96e|2018-06-27--15-03-44/64,Chunk_4/99c94dc769b5d96e|2018-06-27--15-03-44/64/video.hevc,37483502,True,True,True,1200,True,1200x3,True,1200x3,True,1200x4,1200,194261.164157,194321.11332,59.949163,20.000279,True,27.596787,30.406726,True,ok,train
Chunk_4,99c94dc769b5d96e|2018-06-27--15-03-44,65,Chunk_4/99c94dc769b5d96e|2018-06-27--15-03-44/65,Chunk_4/99c94dc769b5d96e|2018-06-27--15-03-44/65/video.hevc,37491838,True,True,True,1200,True,1200x3,True,1200x3,True,1200x4,1200,194321.163323,194381.112476,59.949153,20.000283,True,26.431025,28.645907,True,ok,train
Chunk_4,99c94dc769b5d96e|2018-06-27--15-03-44,66,Chunk_4/99c94dc769b5d96e|2018-06-27--15-03-44/66,Chunk_4/99c94dc769b5d96e|2018-06-27--15-03-44/66/video.hevc,37481566,True,True,True,1200,True,1200x3,True,1200x3,True,1200x4,1200,194381.162474,194441.111649,59.949175,20.000275,True,27.111057,29.439766,True,ok,train
Chunk_4,99c94dc769b5d96e|2018-06-27--15-03-44,67,Chunk_4/99c94dc769b5d96e|2018-06-27--15-03-44/67,Chunk_4/99c94dc769b5d96e|2018-06-27--15-03-44/67/video.hevc,37481214,True,True,True,1200,True,1200x3,True,1200x3,True,1200x4,1200,194441.16163,194501.110832,59.949202,20.000266,True,25.677252,28.771307,True,ok,train
Chunk_4,99c94dc769b5d96e|2018-06-27--15-03-44,68,Chunk_4/99c94dc769b5d96e|2018-06-27--15-03-44/68,Chunk_4/99c94dc769b5d96e|2018-06-27--15-03-44/68/video.hevc,37498958,True,True,True,1200,True,1200x3,True,1200x3,True,1200x4,1200,194501.160794,194561.109949,59.949155,20.000282,True,26.850099,30.652311,True,ok,train
Chunk_4,99c94dc769b5d96e|2018-06-27--15-03-44,69,Chunk_4/99c94dc769b5d96e|2018-06-27--15-03-44/69,Chunk_4/99c94dc769b5d96e|2018-06-27--15-03-44/69/video.hevc,37488046,True,True,True,1200,True,1200x3,True,1200x3,True,1200x4,1200,194561.15995,194621.109117,59.949167,20.000278,True,27.3524,30.717946,True,ok,train
Chunk_4,99c94dc769b5d96e|2018-06-27--15-03-44,70,Chunk_4/99c94dc769b5d96e|2018-06-27--15-03-44/70,Chunk_4/99c94dc769b5d96e|2018-06-27--15-03-44/70/video.hevc,37500494,True,True,True,1200,True,1200x3,True,1200x3,True,1200x4,1200,194621.159106,194681.10827,59.949164,20.000279,True,13.90927,21.898144,True,ok,train
Chunk_4,99c94dc769b5d96e|2018-06-27--15-03-44,71,Chunk_4/99c94dc769b5d96e|2018-06-27--15-03-44/71,Chunk_4/99c94dc769b5d96e|2018-06-27--15-03-44/71/video.hevc,37459518,True,True,True,1200,True,1200x3,True,1200x3,True,1200x4,1200,194681.158254,194741.107416,59.949162,20.00028,True,3.503826,8.520885,True,ok,train
Chunk_4,99c94dc769b5d96e|2018-06-27--15-03-44,72,Chunk_4/99c94dc769b5d96e|2018-06-27--15-03-44/72,Chunk_4/99c94dc769b5d96e|2018-06-27--15-03-44/72/video.hevc,37445406,True,True,True,1200,True,1200x3,True,1200x3,True,1200x4,1200,194741.15742,194801.106585,59.949165,20.000279,True,3.593628,9.016507,True,ok,train
Chunk_4,99c94dc769b5d96e|2018-06-27--15-03-44,73,Chunk_4/99c94dc769b5d96e|2018-06-27--15-03-44/73,Chunk_4/99c94dc769b5d96e|2018-06-27--15-03-44/73/video.hevc,37521694,True,True,True,1200,True,1200x3,True,1200x3,True,1200x4,1200,194801.156576,194861.105738,59.949162,20.00028,True,6.582267,19.698734,True,ok,train
Chunk_4,99c94dc769b5d96e|2018-06-27--15-03-44,74,Chunk_4/99c94dc769b5d96e|2018-06-27--15-03-44/74,Chunk_4/99c94dc769b5d96e|2018-06-27--15-03-44/74/video.hevc,37471614,True,True,True,1200,True,1200x3,True,1200x3,True,1200x4,1200,194861.155731,194921.104896,59.949165,20.000279,True,12.111299,18.772673,True,ok,train
Chunk_4,99c94dc769b5d96e|2018-07-02--09-20-11,29,Chunk_4/99c94dc769b5d96e|2018-07-02--09-20-11/29,Chunk_4/99c94dc769b5d96e|2018-07-02--09-20-11/29/video.hevc,37502622,True,True,True,1200,True,1200x3,True,1200x3,True,1200x4,1200,250238.462277,250298.411438,59.949161,20.00028,True,32.821765,35.090028,True,ok,train
Chunk_4,99c94dc769b5d96e|2018-07-02--09-20-11,30,Chunk_4/99c94dc769b5d96e|2018-07-02--09-20-11/30,Chunk_4/99c94dc769b5d96e|2018-07-02--09-20-11/30/video.hevc,37495358,True,True,True,1200,True,1200x3,True,1200x3,True,1200x4,1200,250298.46144,250358.410592,59.949152,20.000283,True,34.894324,36.428551,True,ok,train
Chunk_4,99c94dc769b5d96e|2018-07-02--09-20-11,31,Chunk_4/99c94dc769b5d96e|2018-07-02--09-20-11/31,Chunk_4/99c94dc769b5d96e|2018-07-02--09-20-11/31/video.hevc,37454670,True,True,True,1200,True,1200x3,True,1200x3,True,1200x4,1200,250358.460626,250418.409748,59.949122,20.000293,True,33.879552,35.90408,True,ok,train
Chunk_4,99c94dc769b5d96e|2018-07-02--09-20-11,32,Chunk_4/99c94dc769b5d96e|2018-07-02--09-20-11/32,Chunk_4/99c94dc769b5d96e|2018-07-02--09-20-11/32/video.hevc,37508654,True,True,True,1200,True,1200x3,True,1200x3,True,1200x4,1200,250418.459753,250478.408916,59.949163,20.000279,True,31.448362,33.859975,True,ok,train
Chunk_4,99c94dc769b5d96e|2018-07-02--09-20-11,33,Chunk_4/99c94dc769b5d96e|2018-07-02--09-20-11/33,Chunk_4/99c94dc769b5d96e|2018-07-02--09-20-11/33/video.hevc,37518110,True,True,True,1200,True,1200x3,True,1200x3,True,1200x4,1200,250478.458905,250538.408061,59.949156,20.000282,True,30.000329,32.255499,True,ok,train
Chunk_4,99c94dc769b5d96e|2018-07-02--09-20-11,34,Chunk_4/99c94dc769b5d96e|2018-07-02--09-20-11/34,Chunk_4/99c94dc769b5d96e|2018-07-02--09-20-11/34/video.hevc,37481054,True,True,True,1200,True,1200x3,True,1200x3,True,1200x4,1200,250538.458064,250598.407238,59.949174,20.000276,True,31.521201,34.582549,True,ok,train
Chunk_4,99c94dc769b5d96e|2018-07-02--09-20-11,35,Chunk_4/99c94dc769b5d96e|2018-07-02--09-20-11/35,Chunk_4/99c94dc769b5d96e|2018-07-02--09-20-11/35/video.hevc,37498318,True,True,True,1200,True,1200x3,True,1200x3,True,1200x4,1200,250598.457217,250658.406375,59.949158,20.000281,True,32.103598,35.79129,True,ok,train
Chunk_4,99c94dc769b5d96e|2018-07-02--09-20-11,36,Chunk_4/99c94dc769b5d96e|2018-07-02--09-20-11/36,Chunk_4/99c94dc769b5d96e|2018-07-02--09-20-11/36/video.hevc,37514446,True,True,True,1200,True,1200x3,True,1200x3,True,1200x4,1200,250658.456384,250718.405536,59.949152,20.000283,True,32.78442,35.679836,True,ok,train
Chunk_4,99c94dc769b5d96e|2018-07-02--09-20-11,37,Chunk_4/99c94dc769b5d96e|2018-07-02--09-20-11/37,Chunk_4/99c94dc769b5d96e|2018-07-02--09-20-11/37/video.hevc,37428942,True,True,True,1200,True,1200x3,True,1200x3,True,1200x4,1200,250718.455547,250778.404687,59.94914,20.000287,True,22.488074,32.752165,True,ok,train
Chunk_4,99c94dc769b5d96e|2018-07-02--09-20-11,38,Chunk_4/99c94dc769b5d96e|2018-07-02--09-20-11/38,Chunk_4/99c94dc769b5d96e|2018-07-02--09-20-11/38/video.hevc,37438862,True,True,True,1200,True,1200x3,True,1200x3,True,1200x4,1200,250778.454688,250838.403845,59.949157,20.000281,True,10.276819,14.965216,True,ok,train
Chunk_4,99c94dc769b5d96e|2018-07-02--09-20-11,39,Chunk_4/99c94dc769b5d96e|2018-07-02--09-20-11/39,Chunk_4/99c94dc769b5d96e|2018-07-02--09-20-11/39/video.hevc,37456286,True,True,True,1200,True,1200x3,True,1200x3,True,1200x4,1200,250838.45385,250898.402998,59.949148,20.000284,True,5.760265,16.244054,True,ok,train
Chunk_4,99c94dc769b5d96e|2018-07-02--19-08-27,5,Chunk_4/99c94dc769b5d96e|2018-07-02--19-08-27/5,Chunk_4/99c94dc769b5d96e|2018-07-02--19-08-27/5/video.hevc,37454350,True,True,True,1200,True,1200x3,True,1200x3,True,1200x4,1200,284094.873978,284154.823125,59.949147,20.000285,True,15.473209,20.76551,True,ok,train
Chunk_4,99c94dc769b5d96e|2018-07-02--19-08-27,6,Chunk_4/99c94dc769b5d96e|2018-07-02--19-08-27/6,Chunk_4/99c94dc769b5d96e|2018-07-02--19-08-27/6/video.hevc,37497246,True,True,True,1200,True,1200x3,True,1200x3,True,1200x4,1200,284154.873125,284214.822281,59.949156,20.000282,True,9.650798,14.154938,True,ok,train
Chunk_4,99c94dc769b5d96e|2018-07-02--19-08-27,7,Chunk_4/99c94dc769b5d96e|2018-07-02--19-08-27/7,Chunk_4/99c94dc769b5d96e|2018-07-02--19-08-27/7/video.hevc,37487470,True,True,True,1200,True,1200x3,True,1200x3,True,1200x4,1200,284214.87228,284274.821439,59.949159,20.000281,True,4.186769,15.395594,True,ok,train
Chunk_4,99c94dc769b5d96e|2018-07-02--19-08-27,8,Chunk_4/99c94dc769b5d96e|2018-07-02--19-08-27/8,Chunk_4/99c94dc769b5d96e|2018-07-02--19-08-27/8/video.hevc,37555870,True,True,True,1201,True,1201x3,True,1201x3,True,1201x4,1201,284274.871442,284334.870592,59.99915,20.000283,True,25.091194,30.84429,True,ok,train
Chunk_4,99c94dc769b5d96e|2018-07-02--19-08-27,9,Chunk_4/99c94dc769b5d96e|2018-07-02--19-08-27/9,Chunk_4/99c94dc769b5d96e|2018-07-02--19-08-27/9/video.hevc,37489518,True,True,True,1200,True,1200x3,True,1200x3,True,1200x4,1200,284334.920591,284394.869754,59.949163,20.000279,True,30.439295,30.88128,True,ok,train
Chunk_4,99c94dc769b5d96e|2018-07-02--19-08-27,10,Chunk_4/99c94dc769b5d96e|2018-07-02--19-08-27/10,Chunk_4/99c94dc769b5d96e|2018-07-02--19-08-27/10/video.hevc,37474446,True,True,True,1197,True,1197x3,True,1197x3,True,1197x4,1197,284394.919754,284454.818908,59.899154,19.966893,True,30.135258,30.791057,True,ok,train
Chunk_4,99c94dc769b5d96e|2018-07-02--19-08-27,11,Chunk_4/99c94dc769b5d96e|2018-07-02--19-08-27/11,Chunk_4/99c94dc769b5d96e|2018-07-02--19-08-27/11/video.hevc,37492062,True,True,True,1200,True,1200x3,True,1200x3,True,1200x4,1200,284454.868922,284514.818071,59.949149,20.000284,True,29.690364,30.831331,True,ok,train
Chunk_4,99c94dc769b5d96e|2018-07-02--19-08-27,12,Chunk_4/99c94dc769b5d96e|2018-07-02--19-08-27/12,Chunk_4/99c94dc769b5d96e|2018-07-02--19-08-27/12/video.hevc,37551918,True,True,True,1201,True,1201x3,True,1201x3,True,1201x4,1201,284514.868065,284574.86722,59.999155,20.000282,True,30.747118,31.02463,True,ok,train
Chunk_4,99c94dc769b5d96e|2018-07-02--19-08-27,13,Chunk_4/99c94dc769b5d96e|2018-07-02--19-08-27/13,Chunk_4/99c94dc769b5d96e|2018-07-02--19-08-27/13/video.hevc,37502846,True,True,True,1200,True,1200x3,True,1200x3,True,1200x4,1200,284574.917226,284634.866385,59.949159,20.000281,True,30.541798,32.162219,True,ok,train
Chunk_4,99c94dc769b5d96e|2018-07-02--19-08-27,14,Chunk_4/99c94dc769b5d96e|2018-07-02--19-08-27/14,Chunk_4/99c94dc769b5d96e|2018-07-02--19-08-27/14/video.hevc,37507214,True,True,True,1200,True,1200x3,True,1200x3,True,1200x4,1200,284634.91638,284694.865537,59.949157,20.000281,True,32.524463,33.048299,True,ok,train
Chunk_4,99c94dc769b5d96e|2018-07-02--19-08-27,15,Chunk_4/99c94dc769b5d96e|2018-07-02--19-08-27/15,Chunk_4/99c94dc769b5d96e|2018-07-02--19-08-27/15/video.hevc,37492686,True,True,True,1200,True,1200x3,True,1200x3,True,1200x4,1200,284694.915538,284754.864694,59.949156,20.000282,True,32.72184,32.947551,True,ok,train
Chunk_4,99c94dc769b5d96e|2018-07-02--19-08-27,16,Chunk_4/99c94dc769b5d96e|2018-07-02--19-08-27/16,Chunk_4/99c94dc769b5d96e|2018-07-02--19-08-27/16/video.hevc,37508014,True,True,True,1200,True,1200x3,True,1200x3,True,1200x4,1200,284754.914697,284814.863864,59.949167,20.000278,True,32.708339,33.021343,True,ok,train
Chunk_4,99c94dc769b5d96e|2018-07-02--19-08-27,17,Chunk_4/99c94dc769b5d96e|2018-07-02--19-08-27/17,Chunk_4/99c94dc769b5d96e|2018-07-02--19-08-27/17/video.hevc,37466398,True,True,True,1200,True,1200x3,True,1200x3,True,1200x4,1200,284814.913866,284874.863019,59.949153,20.000283,True,32.797928,33.148532,True,ok,train
Chunk_5,99c94dc769b5d96e|2018-07-03--10-35-30,27,Chunk_5/99c94dc769b5d96e|2018-07-03--10-35-30/27,Chunk_5/99c94dc769b5d96e|2018-07-03--10-35-30/27/video.hevc,37453854,True,True,True,1199,True,1199x3,True,1199x3,True,1199x4,1199,341037.94037,341097.839532,59.899162,20.00028,True,32.810853,33.105645,True,ok,train
Chunk_5,99c94dc769b5d96e|2018-07-03--10-35-30,28,Chunk_5/99c94dc769b5d96e|2018-07-03--10-35-30/28,Chunk_5/99c94dc769b5d96e|2018-07-03--10-35-30/28/video.hevc,37547198,True,True,True,1201,True,1201x3,True,1201x3,True,1201x4,1201,341097.889543,341157.888708,59.999165,20.000278,True,32.827424,33.114659,True,ok,train
Chunk_5,99c94dc769b5d96e|2018-07-03--10-35-30,29,Chunk_5/99c94dc769b5d96e|2018-07-03--10-35-30/29,Chunk_5/99c94dc769b5d96e|2018-07-03--10-35-30/29/video.hevc,37496190,True,True,True,1200,True,1200x3,True,1200x3,True,1200x4,1200,341157.938686,341217.887838,59.949152,20.000283,True,33.071672,33.261835,True,ok,train
Chunk_5,99c94dc769b5d96e|2018-07-03--10-35-30,30,Chunk_5/99c94dc769b5d96e|2018-07-03--10-35-30/30,Chunk_5/99c94dc769b5d96e|2018-07-03--10-35-30/30/video.hevc,37496894,True,True,True,1200,True,1200x3,True,1200x3,True,1200x4,1200,341217.937846,341277.887001,59.949155,20.000282,True,32.713755,33.166735,True,ok,train
Chunk_5,99c94dc769b5d96e|2018-07-03--10-35-30,31,Chunk_5/99c94dc769b5d96e|2018-07-03--10-35-30/31,Chunk_5/99c94dc769b5d96e|2018-07-03--10-35-30/31/video.hevc,37496510,True,True,True,1200,True,1200x3,True,1200x3,True,1200x4,1200,341277.937013,341337.88617,59.949157,20.000281,True,32.631064,33.14561,True,ok,train
Chunk_5,99c94dc769b5d96e|2018-07-03--10-35-30,32,Chunk_5/99c94dc769b5d96e|2018-07-03--10-35-30/32,Chunk_5/99c94dc769b5d96e|2018-07-03--10-35-30/32/video.hevc,37485166,True,True,True,1200,True,1200x3,True,1200x3,True,1200x4,1200,341337.936155,341397.885314,59.949159,20.000281,True,31.925231,33.146291,True,ok,train
Chunk_5,99c94dc769b5d96e|2018-07-03--10-35-30,33,Chunk_5/99c94dc769b5d96e|2018-07-03--10-35-30/33,Chunk_5/99c94dc769b5d96e|2018-07-03--10-35-30/33/video.hevc,37502366,True,True,True,1200,True,1200x3,True,1200x3,True,1200x4,1200,341397.935315,341457.884474,59.949159,20.000281,True,32.791256,33.233922,True,ok,train
Chunk_5,99c94dc769b5d96e|2018-07-03--10-35-30,34,Chunk_5/99c94dc769b5d96e|2018-07-03--10-35-30/34,Chunk_5/99c94dc769b5d96e|2018-07-03--10-35-30/34/video.hevc,37487998,True,True,True,1200,True,1200x3,True,1200x3,True,1200x4,1200,341457.934473,341517.883627,59.949154,20.000282,True,32.90069,33.249596,True,ok,train
Chunk_5,99c94dc769b5d96e|2018-07-03--10-35-30,35,Chunk_5/99c94dc769b5d96e|2018-07-03--10-35-30/35,Chunk_5/99c94dc769b5d96e|2018-07-03--10-35-30/35/video.hevc,37515726,True,True,True,1200,True,1200x3,True,1200x3,True,1200x4,1200,341517.933632,341577.882791,59.949159,20.000281,True,30.961726,33.000731,True,ok,train
Chunk_5,99c94dc769b5d96e|2018-07-03--10-35-30,36,Chunk_5/99c94dc769b5d96e|2018-07-03--10-35-30/36,Chunk_5/99c94dc769b5d96e|2018-07-03--10-35-30/36/video.hevc,37467070,True,True,True,1200,True,1200x3,True,1200x3,True,1200x4,1200,341577.932803,341637.881942,59.949139,20.000287,True,6.868029,22.145418,True,ok,train
Chunk_5,99c94dc769b5d96e|2018-07-03--10-35-30,37,Chunk_5/99c94dc769b5d96e|2018-07-03--10-35-30/37,Chunk_5/99c94dc769b5d96e|2018-07-03--10-35-30/37/video.hevc,37475454,True,True,True,1200,True,1200x3,True,1200x3,True,1200x4,1200,341637.931951,341697.881112,59.949161,20.00028,True,2.793074,11.974533,True,ok,train
Chunk_5,99c94dc769b5d96e|2018-07-03--10-35-30,38,Chunk_5/99c94dc769b5d96e|2018-07-03--10-35-30/38,Chunk_5/99c94dc769b5d96e|2018-07-03--10-35-30/38/video.hevc,37468430,True,True,True,1200,True,1200x3,True,1200x3,True,1200x4,1200,341697.931107,341757.880273,59.949166,20.000278,True,8.022424,19.977148,True,ok,train
Chunk_5,99c94dc769b5d96e|2018-07-03--10-35-30,39,Chunk_5/99c94dc769b5d96e|2018-07-03--10-35-30/39,Chunk_5/99c94dc769b5d96e|2018-07-03--10-35-30/39/video.hevc,37490766,True,True,True,1200,True,1200x3,True,1200x3,True,1200x4,1200,341757.930267,341817.879416,59.949149,20.000284,True,14.011698,18.59034,True,ok,train
Chunk_5,99c94dc769b5d96e|2018-07-03--14-38-26,5,Chunk_5/99c94dc769b5d96e|2018-07-03--14-38-26/5,Chunk_5/99c94dc769b5d96e|2018-07-03--14-38-26/5/video.hevc,37489502,True,True,True,1200,True,1200x3,True,1200x3,True,1200x4,1200,354293.180569,354353.129694,59.949125,20.000292,True,17.450847,20.034573,True,ok,train
Chunk_5,99c94dc769b5d96e|2018-07-03--14-38-26,6,Chunk_5/99c94dc769b5d96e|2018-07-03--14-38-26/6,Chunk_5/99c94dc769b5d96e|2018-07-03--14-38-26/6/video.hevc,37470718,True,True,True,1200,True,1200x3,True,1200x3,True,1200x4,1200,354353.179688,354413.128844,59.949156,20.000282,True,9.096511,18.407662,True,ok,train
Chunk_5,99c94dc769b5d96e|2018-07-03--14-38-26,7,Chunk_5/99c94dc769b5d96e|2018-07-03--14-38-26/7,Chunk_5/99c94dc769b5d96e|2018-07-03--14-38-26/7/video.hevc,37504430,True,True,True,1200,True,1200x3,True,1200x3,True,1200x4,1200,354413.178857,354473.128001,59.949144,20.000286,True,1.522839,10.494353,True,ok,train
Chunk_5,99c94dc769b5d96e|2018-07-03--14-38-26,8,Chunk_5/99c94dc769b5d96e|2018-07-03--14-38-26/8,Chunk_5/99c94dc769b5d96e|2018-07-03--14-38-26/8/video.hevc,37524350,True,True,True,1200,True,1200x3,True,1200x3,True,1200x4,1200,354473.178013,354533.127162,59.949149,20.000284,True,0.808486,13.127374,True,ok,train
Chunk_5,99c94dc769b5d96e|2018-07-03--14-38-26,9,Chunk_5/99c94dc769b5d96e|2018-07-03--14-38-26/9,Chunk_5/99c94dc769b5d96e|2018-07-03--14-38-26/9/video.hevc,37501182,True,True,True,1200,True,1200x3,True,1200x3,True,1200x4,1200,354533.177158,354593.126334,59.949176,20.000275,True,22.150143,25.342412,True,ok,train
Chunk_5,99c94dc769b5d96e|2018-07-03--14-38-26,10,Chunk_5/99c94dc769b5d96e|2018-07-03--14-38-26/10,Chunk_5/99c94dc769b5d96e|2018-07-03--14-38-26/10/video.hevc,37492606,True,True,True,1200,True,1200x3,True,1200x3,True,1200x4,1200,354593.176333,354653.125481,59.949148,20.000284,True,26.091388,31.021429,True,ok,train
Chunk_5,99c94dc769b5d96e|2018-07-03--14-38-26,11,Chunk_5/99c94dc769b5d96e|2018-07-03--14-38-26/11,Chunk_5/99c94dc769b5d96e|2018-07-03--14-38-26/11/video.hevc,37497566,True,True,True,1200,True,1200x3,True,1200x3,True,1200x4,1200,354653.175489,354713.12465,59.949161,20.00028,True,30.24613,31.189948,True,ok,train
Chunk_5,99c94dc769b5d96e|2018-07-03--14-38-26,12,Chunk_5/99c94dc769b5d96e|2018-07-03--14-38-26/12,Chunk_5/99c94dc769b5d96e|2018-07-03--14-38-26/12/video.hevc,37507566,True,True,True,1200,True,1200x3,True,1200x3,True,1200x4,1200,354713.174636,354773.123791,59.949155,20.000282,True,25.877236,28.371725,True,ok,train
Chunk_5,99c94dc769b5d96e|2018-07-03--14-38-26,13,Chunk_5/99c94dc769b5d96e|2018-07-03--14-38-26/13,Chunk_5/99c94dc769b5d96e|2018-07-03--14-38-26/13/video.hevc,37469406,True,True,True,1200,True,1200x3,True,1200x3,True,1200x4,1200,354773.173788,354833.122947,59.949159,20.000281,True,26.447593,27.437527,True,ok,train
Chunk_5,99c94dc769b5d96e|2018-07-03--14-38-26,14,Chunk_5/99c94dc769b5d96e|2018-07-03--14-38-26/14,Chunk_5/99c94dc769b5d96e|2018-07-03--14-38-26/14/video.hevc,37486766,True,True,True,1200,True,1200x3,True,1200x3,True,1200x4,1200,354833.172945,354893.1221,59.949155,20.000282,True,26.972099,27.834862,True,ok,train
Chunk_5,99c94dc769b5d96e|2018-07-03--14-38-26,15,Chunk_5/99c94dc769b5d96e|2018-07-03--14-38-26/15,Chunk_5/99c94dc769b5d96e|2018-07-03--14-38-26/15/video.hevc,37481854,True,True,True,1200,True,1200x3,True,1200x3,True,1200x4,1200,354893.1721,354953.12126,59.94916,20.00028,True,24.23915,26.43119,True,ok,train
Chunk_5,99c94dc769b5d96e|2018-07-03--14-38-26,16,Chunk_5/99c94dc769b5d96e|2018-07-03--14-38-26/16,Chunk_5/99c94dc769b5d96e|2018-07-03--14-38-26/16/video.hevc,37415246,True,True,True,1200,True,1200x3,True,1200x3,True,1200x4,1200,354953.171262,355013.120414,59.949152,20.000283,True,12.317305,22.70921,True,ok,train
Chunk_5,99c94dc769b5d96e|2018-07-03--14-38-26,17,Chunk_5/99c94dc769b5d96e|2018-07-03--14-38-26/17,Chunk_5/99c94dc769b5d96e|2018-07-03--14-38-26/17/video.hevc,37508782,True,True,True,1200,True,1200x3,True,1200x3,True,1200x4,1200,355013.170421,355073.119571,59.94915,20.000284,True,2.338669,9.166971,True,ok,train
Chunk_5,99c94dc769b5d96e|2018-07-03--14-38-26,18,Chunk_5/99c94dc769b5d96e|2018-07-03--14-38-26/18,Chunk_5/99c94dc769b5d96e|2018-07-03--14-38-26/18/video.hevc,37470750,True,True,True,1200,True,1200x3,True,1200x3,True,1200x4,1200,355073.169574,355133.118737,59.949163,20.000279,True,11.785681,24.836246,True,ok,train
Chunk_5,99c94dc769b5d96e|2018-07-03--14-38-26,19,Chunk_5/99c94dc769b5d96e|2018-07-03--14-38-26/19,Chunk_5/99c94dc769b5d96e|2018-07-03--14-38-26/19/video.hevc,37468606,True,True,True,1200,True,1200x3,True,1200x3,True,1200x4,1200,355133.168726,355193.117923,59.949197,20.000268,True,26.739621,32.2278,True,ok,train
Chunk_5,99c94dc769b5d96e|2018-07-03--14-38-26,20,Chunk_5/99c94dc769b5d96e|2018-07-03--14-38-26/20,Chunk_5/99c94dc769b5d96e|2018-07-03--14-38-26/20/video.hevc,37470782,True,True,True,1199,True,1199x3,True,1199x3,True,1199x4,1199,355193.1679,355253.067049,59.899149,20.000284,True,27.948571,32.05922,True,ok,train
Chunk_5,99c94dc769b5d96e|2018-07-03--14-38-26,21,Chunk_5/99c94dc769b5d96e|2018-07-03--14-38-26/21,Chunk_5/99c94dc769b5d96e|2018-07-03--14-38-26/21/video.hevc,37568750,True,True,True,1201,True,1201x3,True,1201x3,True,1201x4,1201,355253.117058,355313.116213,59.999155,20.000282,True,29.728602,32.088252,True,ok,train
Chunk_5,99c94dc769b5d96e|2018-07-03--14-38-26,22,Chunk_5/99c94dc769b5d96e|2018-07-03--14-38-26/22,Chunk_5/99c94dc769b5d96e|2018-07-03--14-38-26/22/video.hevc,37461326,True,True,True,1200,True,1200x3,True,1200x3,True,1200x4,1200,355313.166203,355373.115359,59.949156,20.000282,True,27.785792,30.590825,True,ok,train
Chunk_5,99c94dc769b5d96e|2018-07-03--14-38-26,23,Chunk_5/99c94dc769b5d96e|2018-07-03--14-38-26/23,Chunk_5/99c94dc769b5d96e|2018-07-03--14-38-26/23/video.hevc,37485070,True,True,True,1200,True,1200x3,True,1200x3,True,1200x4,1200,355373.165372,355433.114515,59.949143,20.000286,True,28.466584,31.484626,True,ok,train
Chunk_5,99c94dc769b5d96e|2018-07-03--14-38-26,24,Chunk_5/99c94dc769b5d96e|2018-07-03--14-38-26/24,Chunk_5/99c94dc769b5d96e|2018-07-03--14-38-26/24/video.hevc,37505406,True,True,True,1200,True,1200x3,True,1200x3,True,1200x4,1200,355433.164507,355493.113686,59.949179,20.000274,True,25.131671,29.139203,True,ok,train
Chunk_5,99c94dc769b5d96e|2018-07-03--14-38-26,25,Chunk_5/99c94dc769b5d96e|2018-07-03--14-38-26/25,Chunk_5/99c94dc769b5d96e|2018-07-03--14-38-26/25/video.hevc,37503230,True,True,True,1200,True,1200x3,True,1200x3,True,1200x4,1200,355493.163666,355553.112835,59.949169,20.000277,True,12.059635,23.64248,True,ok,train
Chunk_5,99c94dc769b5d96e|2018-07-03--14-38-26,26,Chunk_5/99c94dc769b5d96e|2018-07-03--14-38-26/26,Chunk_5/99c94dc769b5d96e|2018-07-03--14-38-26/26/video.hevc,37458126,True,True,True,1200,True,1200x3,True,1200x3,True,1200x4,1200,355553.162836,355613.111989,59.949153,20.000283,True,4.069109,11.869544,True,ok,train
Chunk_5,99c94dc769b5d96e|2018-07-03--14-38-26,27,Chunk_5/99c94dc769b5d96e|2018-07-03--14-38-26/27,Chunk_5/99c94dc769b5d96e|2018-07-03--14-38-26/27/video.hevc,37459102,True,True,True,1200,True,1200x3,True,1200x3,True,1200x4,1200,355613.161987,355673.111145,59.949158,20.000281,True,8.724922,17.588273,True,ok,train
Chunk_5,99c94dc769b5d96e|2018-07-03--14-38-26,28,Chunk_5/99c94dc769b5d96e|2018-07-03--14-38-26/28,Chunk_5/99c94dc769b5d96e|2018-07-03--14-38-26/28/video.hevc,37454254,True,True,True,1200,True,1200x3,True,1200x3,True,1200x4,1200,355673.161161,355733.110306,59.949145,20.000285,True,16.266959,19.791836,True,ok,train
Chunk_5,99c94dc769b5d96e|2018-07-04--00-20-19,8,Chunk_5/99c94dc769b5d96e|2018-07-04--00-20-19/8,Chunk_5/99c94dc769b5d96e|2018-07-04--00-20-19/8/video.hevc,37467086,True,True,True,1200,True,1200x3,True,1200x3,True,1200x4,1200,389386.223688,389446.172846,59.949158,20.000281,True,16.126478,19.966535,True,ok,validation
Chunk_5,99c94dc769b5d96e|2018-07-04--00-20-19,9,Chunk_5/99c94dc769b5d96e|2018-07-04--00-20-19/9,Chunk_5/99c94dc769b5d96e|2018-07-04--00-20-19/9/video.hevc,37530542,True,True,True,1200,True,1200x3,True,1200x3,True,1200x4,1200,389446.222863,389506.171997,59.949134,20.000289,True,9.376714,19.333359,True,ok,validation
Chunk_5,99c94dc769b5d96e|2018-07-04--00-20-19,10,Chunk_5/99c94dc769b5d96e|2018-07-04--00-20-19/10,Chunk_5/99c94dc769b5d96e|2018-07-04--00-20-19/10/video.hevc,37505166,True,True,True,1200,True,1200x3,True,1200x3,True,1200x4,1200,389506.221995,389566.171173,59.949178,20.000274,True,4.038765,21.715733,True,ok,validation
Chunk_5,99c94dc769b5d96e|2018-07-04--00-20-19,11,Chunk_5/99c94dc769b5d96e|2018-07-04--00-20-19/11,Chunk_5/99c94dc769b5d96e|2018-07-04--00-20-19/11/video.hevc,37517214,True,True,True,1200,True,1200x3,True,1200x3,True,1200x4,1200,389566.221167,389626.170312,59.949145,20.000285,True,27.60901,32.859255,True,ok,validation
Chunk_5,99c94dc769b5d96e|2018-07-04--00-20-19,12,Chunk_5/99c94dc769b5d96e|2018-07-04--00-20-19/12,Chunk_5/99c94dc769b5d96e|2018-07-04--00-20-19/12/video.hevc,37467918,True,True,True,1200,True,1200x3,True,1200x3,True,1200x4,1200,389626.220323,389686.169488,59.949165,20.000279,True,32.623801,33.047766,True,ok,validation
Chunk_5,99c94dc769b5d96e|2018-07-04--00-20-19,13,Chunk_5/99c94dc769b5d96e|2018-07-04--00-20-19/13,Chunk_5/99c94dc769b5d96e|2018-07-04--00-20-19/13/video.hevc,37405438,True,True,True,1200,True,1200x3,True,1200x3,True,1200x4,1200,389686.219463,389746.16863,59.949167,20.000278,True,32.265357,33.081742,True,ok,validation
Chunk_5,99c94dc769b5d96e|2018-07-04--00-20-19,14,Chunk_5/99c94dc769b5d96e|2018-07-04--00-20-19/14,Chunk_5/99c94dc769b5d96e|2018-07-04--00-20-19/14/video.hevc,37453374,True,True,True,1200,True,1200x3,True,1200x3,True,1200x4,1200,389746.218622,389806.1678,59.949178,20.000274,True,29.321671,30.87377,True,ok,validation
Chunk_5,99c94dc769b5d96e|2018-07-04--00-20-19,15,Chunk_5/99c94dc769b5d96e|2018-07-04--00-20-19/15,Chunk_5/99c94dc769b5d96e|2018-07-04--00-20-19/15/video.hevc,37381950,True,True,True,1200,True,1200x3,True,1200x3,True,1200x4,1200,389806.21778,389866.166943,59.949163,20.000279,True,29.821294,32.152153,True,ok,validation
Chunk_5,99c94dc769b5d96e|2018-07-04--00-20-19,16,Chunk_5/99c94dc769b5d96e|2018-07-04--00-20-19/16,Chunk_5/99c94dc769b5d96e|2018-07-04--00-20-19/16/video.hevc,37481198,True,True,True,1200,True,1200x3,True,1200x3,True,1200x4,1200,389866.216956,389926.166109,59.949153,20.000283,True,32.549121,33.031094,True,ok,validation
Chunk_5,99c94dc769b5d96e|2018-07-04--00-20-19,17,Chunk_5/99c94dc769b5d96e|2018-07-04--00-20-19/17,Chunk_5/99c94dc769b5d96e|2018-07-04--00-20-19/17/video.hevc,37532414,True,True,True,1200,True,1200x3,True,1200x3,True,1200x4,1200,389926.216108,389986.165257,59.949149,20.000284,True,32.569304,33.050917,True,ok,validation
Chunk_5,99c94dc769b5d96e|2018-07-04--00-20-19,18,Chunk_5/99c94dc769b5d96e|2018-07-04--00-20-19/18,Chunk_5/99c94dc769b5d96e|2018-07-04--00-20-19/18/video.hevc,37470382,True,True,True,1200,True,1200x3,True,1200x3,True,1200x4,1200,389986.215261,390046.164419,59.949158,20.000281,True,32.701513,33.007064,True,ok,validation
Chunk_5,99c94dc769b5d96e|2018-07-04--00-20-19,19,Chunk_5/99c94dc769b5d96e|2018-07-04--00-20-19/19,Chunk_5/99c94dc769b5d96e|2018-07-04--00-20-19/19/video.hevc,37434062,True,True,True,1200,True,1200x3,True,1200x3,True,1200x4,1200,390046.214413,390106.163571,59.949158,20.000281,True,32.684813,32.958076,True,ok,validation
Chunk_5,99c94dc769b5d96e|2018-07-05--10-05-06,25,Chunk_5/99c94dc769b5d96e|2018-07-05--10-05-06/25,Chunk_5/99c94dc769b5d96e|2018-07-05--10-05-06/25/video.hevc,37477470,True,True,True,1200,True,1200x3,True,1200x3,True,1200x4,1200,74434.116583,74494.065747,59.949164,20.000279,True,34.232992,34.47989,True,ok,train
Chunk_5,99c94dc769b5d96e|2018-07-05--10-05-06,26,Chunk_5/99c94dc769b5d96e|2018-07-05--10-05-06/26,Chunk_5/99c94dc769b5d96e|2018-07-05--10-05-06/26/video.hevc,37483774,True,True,True,1200,True,1200x3,True,1200x3,True,1200x4,1200,74494.115736,74554.064894,59.949158,20.000281,True,34.26504,34.504171,True,ok,train
Chunk_5,99c94dc769b5d96e|2018-07-05--10-05-06,27,Chunk_5/99c94dc769b5d96e|2018-07-05--10-05-06/27,Chunk_5/99c94dc769b5d96e|2018-07-05--10-05-06/27/video.hevc,37509678,True,True,True,1200,True,1200x3,True,1200x3,True,1200x4,1200,74554.114902,74614.064068,59.949166,20.000278,True,34.135776,34.528113,True,ok,train
Chunk_5,99c94dc769b5d96e|2018-07-05--10-05-06,28,Chunk_5/99c94dc769b5d96e|2018-07-05--10-05-06/28,Chunk_5/99c94dc769b5d96e|2018-07-05--10-05-06/28/video.hevc,37507662,True,True,True,1200,True,1200x3,True,1200x3,True,1200x4,1200,74614.114055,74674.06321,59.949155,20.000282,True,31.643609,34.453536,True,ok,train
Chunk_5,99c94dc769b5d96e|2018-07-05--10-05-06,29,Chunk_5/99c94dc769b5d96e|2018-07-05--10-05-06/29,Chunk_5/99c94dc769b5d96e|2018-07-05--10-05-06/29/video.hevc,37481310,True,True,True,1200,True,1200x3,True,1200x3,True,1200x4,1200,74674.113213,74734.062368,59.949155,20.000282,True,29.606722,31.450089,True,ok,train
Chunk_5,99c94dc769b5d96e|2018-07-05--10-05-06,30,Chunk_5/99c94dc769b5d96e|2018-07-05--10-05-06/30,Chunk_5/99c94dc769b5d96e|2018-07-05--10-05-06/30/video.hevc,37482030,True,True,True,1200,True,1200x3,True,1200x3,True,1200x4,1200,74734.112364,74794.061526,59.949162,20.00028,True,31.80844,33.535006,True,ok,train
Chunk_5,99c94dc769b5d96e|2018-07-05--10-05-06,31,Chunk_5/99c94dc769b5d96e|2018-07-05--10-05-06/31,Chunk_5/99c94dc769b5d96e|2018-07-05--10-05-06/31/video.hevc,37506910,True,True,True,1200,True,1200x3,True,1200x3,True,1200x4,1200,74794.11153,74854.060679,59.949149,20.000284,True,33.452822,34.524253,True,ok,train
Chunk_5,99c94dc769b5d96e|2018-07-05--10-05-06,32,Chunk_5/99c94dc769b5d96e|2018-07-05--10-05-06/32,Chunk_5/99c94dc769b5d96e|2018-07-05--10-05-06/32/video.hevc,37508862,True,True,True,1200,True,1200x3,True,1200x3,True,1200x4,1200,74854.110685,74914.059835,59.94915,20.000284,True,32.804661,34.166212,True,ok,train
Chunk_5,99c94dc769b5d96e|2018-07-05--10-05-06,33,Chunk_5/99c94dc769b5d96e|2018-07-05--10-05-06/33,Chunk_5/99c94dc769b5d96e|2018-07-05--10-05-06/33/video.hevc,37477150,True,True,True,1200,True,1200x3,True,1200x3,True,1200x4,1200,74914.109838,74974.058997,59.949159,20.000281,True,20.08328,29.872133,True,ok,train
Chunk_5,99c94dc769b5d96e|2018-07-05--10-05-06,34,Chunk_5/99c94dc769b5d96e|2018-07-05--10-05-06/34,Chunk_5/99c94dc769b5d96e|2018-07-05--10-05-06/34/video.hevc,37531166,True,True,True,1200,True,1200x3,True,1200x3,True,1200x4,1200,74974.108994,75034.058157,59.949163,20.000279,True,6.670513,15.007086,True,ok,train
Chunk_5,99c94dc769b5d96e|2018-07-05--10-05-06,35,Chunk_5/99c94dc769b5d96e|2018-07-05--10-05-06/35,Chunk_5/99c94dc769b5d96e|2018-07-05--10-05-06/35/video.hevc,37501678,True,True,True,1200,True,1200x3,True,1200x3,True,1200x4,1200,75034.108153,75094.057337,59.949184,20.000272,True,6.715495,16.989699,True,ok,train
Chunk_5,99c94dc769b5d96e|2018-07-05--10-05-06,36,Chunk_5/99c94dc769b5d96e|2018-07-05--10-05-06/36,Chunk_5/99c94dc769b5d96e|2018-07-05--10-05-06/36/video.hevc,37491966,True,True,True,1200,True,1200x3,True,1200x3,True,1200x4,1200,75094.10734,75154.056465,59.949125,20.000292,True,9.412797,17.197764,True,ok,train
Chunk_5,99c94dc769b5d96e|2018-07-05--16-30-16,3,Chunk_5/99c94dc769b5d96e|2018-07-05--16-30-16/3,Chunk_5/99c94dc769b5d96e|2018-07-05--16-30-16/3/video.hevc,37430862,True,True,True,1200,True,1200x3,True,1200x3,True,1200x4,1200,96223.903506,96283.852663,59.949157,20.000281,True,9.659788,18.988345,True,ok,train
Chunk_5,99c94dc769b5d96e|2018-07-05--16-30-16,4,Chunk_5/99c94dc769b5d96e|2018-07-05--16-30-16/4,Chunk_5/99c94dc769b5d96e|2018-07-05--16-30-16/4/video.hevc,37531070,True,True,True,1200,True,1200x3,True,1200x3,True,1200x4,1200,96283.902662,96343.851814,59.949152,20.000283,True,6.500627,15.345579,True,ok,train
Chunk_5,99c94dc769b5d96e|2018-07-05--16-30-16,5,Chunk_5/99c94dc769b5d96e|2018-07-05--16-30-16/5,Chunk_5/99c94dc769b5d96e|2018-07-05--16-30-16/5/video.hevc,37412222,True,True,True,1200,True,1200x3,True,1200x3,True,1200x4,1200,96343.901816,96403.850974,59.949158,20.000281,True,1.571927,9.553738,True,ok,train
Chunk_5,99c94dc769b5d96e|2018-07-05--16-30-16,6,Chunk_5/99c94dc769b5d96e|2018-07-05--16-30-16/6,Chunk_5/99c94dc769b5d96e|2018-07-05--16-30-16/6/video.hevc,37463678,True,True,True,1200,True,1200x3,True,1200x3,True,1200x4,1200,96403.900977,96463.850132,59.949155,20.000282,True,0.030157,0.087047,True,ok,train
Chunk_5,99c94dc769b5d96e|2018-07-05--16-30-16,7,Chunk_5/99c94dc769b5d96e|2018-07-05--16-30-16/7,Chunk_5/99c94dc769b5d96e|2018-07-05--16-30-16/7/video.hevc,37479518,True,True,True,1200,True,1200x3,True,1200x3,True,1200x4,1200,96463.900127,96523.849286,59.949159,20.000281,True,8.182069,26.041075,True,ok,train
Chunk_5,99c94dc769b5d96e|2018-07-05--16-30-16,8,Chunk_5/99c94dc769b5d96e|2018-07-05--16-30-16/8,Chunk_5/99c94dc769b5d96e|2018-07-05--16-30-16/8/video.hevc,37476542,True,True,True,1200,True,1200x3,True,1200x3,True,1200x4,1200,96523.899286,96583.848457,59.949171,20.000277,True,24.290515,27.34646,True,ok,train
Chunk_5,99c94dc769b5d96e|2018-07-05--16-30-16,9,Chunk_5/99c94dc769b5d96e|2018-07-05--16-30-16/9,Chunk_5/99c94dc769b5d96e|2018-07-05--16-30-16/9/video.hevc,37489486,True,True,True,1200,True,1200x3,True,1200x3,True,1200x4,1200,96583.898455,96643.847617,59.949162,20.00028,True,27.699645,28.491772,True,ok,train
Chunk_5,99c94dc769b5d96e|2018-07-05--16-30-16,10,Chunk_5/99c94dc769b5d96e|2018-07-05--16-30-16/10,Chunk_5/99c94dc769b5d96e|2018-07-05--16-30-16/10/video.hevc,37478558,True,True,True,1200,True,1200x3,True,1200x3,True,1200x4,1200,96643.897613,96703.846761,59.949148,20.000284,True,27.027694,28.355992,True,ok,train
Chunk_5,99c94dc769b5d96e|2018-07-05--16-30-16,11,Chunk_5/99c94dc769b5d96e|2018-07-05--16-30-16/11,Chunk_5/99c94dc769b5d96e|2018-07-05--16-30-16/11/video.hevc,37477470,True,True,True,1200,True,1200x3,True,1200x3,True,1200x4,1200,96703.896762,96763.845922,59.94916,20.00028,True,29.652307,30.629941,True,ok,train
Chunk_5,99c94dc769b5d96e|2018-07-05--16-30-16,12,Chunk_5/99c94dc769b5d96e|2018-07-05--16-30-16/12,Chunk_5/99c94dc769b5d96e|2018-07-05--16-30-16/12/video.hevc,37507054,True,True,True,1200,True,1200x3,True,1200x3,True,1200x4,1200,96763.89593,96823.845071,59.949141,20.000287,True,25.893519,30.646066,True,ok,train
Chunk_5,99c94dc769b5d96e|2018-07-05--16-30-16,13,Chunk_5/99c94dc769b5d96e|2018-07-05--16-30-16/13,Chunk_5/99c94dc769b5d96e|2018-07-05--16-30-16/13/video.hevc,37468014,True,True,True,1200,True,1200x3,True,1200x3,True,1200x4,1200,96823.895078,96883.844229,59.949151,20.000283,True,8.537956,18.9955,True,ok,train
Chunk_5,99c94dc769b5d96e|2018-07-05--16-30-16,14,Chunk_5/99c94dc769b5d96e|2018-07-05--16-30-16/14,Chunk_5/99c94dc769b5d96e|2018-07-05--16-30-16/14/video.hevc,37487742,True,True,True,1200,True,1200x3,True,1200x3,True,1200x4,1200,96883.894232,96943.843405,59.949173,20.000276,True,15.134025,21.299876,True,ok,train
Chunk_5,99c94dc769b5d96e|2018-07-05--16-30-16,15,Chunk_5/99c94dc769b5d96e|2018-07-05--16-30-16/15,Chunk_5/99c94dc769b5d96e|2018-07-05--16-30-16/15/video.hevc,37488894,True,True,True,1200,True,1200x3,True,1200x3,True,1200x4,1200,96943.893379,97003.842543,59.949164,20.000279,True,27.839908,30.815466,True,ok,train
Chunk_5,99c94dc769b5d96e|2018-07-05--16-30-16,16,Chunk_5/99c94dc769b5d96e|2018-07-05--16-30-16/16,Chunk_5/99c94dc769b5d96e|2018-07-05--16-30-16/16/video.hevc,37500574,True,True,True,1200,True,1200x3,True,1200x3,True,1200x4,1200,97003.892542,97063.841696,59.949154,20.000282,True,31.062706,33.156192,True,ok,train
Chunk_5,99c94dc769b5d96e|2018-07-05--16-30-16,17,Chunk_5/99c94dc769b5d96e|2018-07-05--16-30-16/17,Chunk_5/99c94dc769b5d96e|2018-07-05--16-30-16/17/video.hevc,37494846,True,True,True,1200,True,1200x3,True,1200x3,True,1200x4,1200,97063.89171,97123.840856,59.949146,20.000285,True,28.655686,30.361114,True,ok,train
Chunk_5,99c94dc769b5d96e|2018-07-05--16-30-16,18,Chunk_5/99c94dc769b5d96e|2018-07-05--16-30-16/18,Chunk_5/99c94dc769b5d96e|2018-07-05--16-30-16/18/video.hevc,37514606,True,True,True,1200,True,1200x3,True,1200x3,True,1200x4,1200,97123.890861,97183.840004,59.949143,20.000286,True,24.973928,29.742389,True,ok,train
Chunk_5,99c94dc769b5d96e|2018-07-05--16-30-16,19,Chunk_5/99c94dc769b5d96e|2018-07-05--16-30-16/19,Chunk_5/99c94dc769b5d96e|2018-07-05--16-30-16/19/video.hevc,37482382,True,True,True,1200,True,1200x3,True,1200x3,True,1200x4,1200,97183.890018,97243.839176,59.949158,20.000281,True,8.761927,19.630342,True,ok,train
Chunk_5,99c94dc769b5d96e|2018-07-05--16-30-16,20,Chunk_5/99c94dc769b5d96e|2018-07-05--16-30-16/20,Chunk_5/99c94dc769b5d96e|2018-07-05--16-30-16/20/video.hevc,37434286,True,True,True,1200,True,1200x3,True,1200x3,True,1200x4,1200,97243.889195,97303.83833,59.949135,20.000289,True,10.227469,17.517726,True,ok,train
Chunk_5,99c94dc769b5d96e|2018-07-05--16-30-16,21,Chunk_5/99c94dc769b5d96e|2018-07-05--16-30-16/21,Chunk_5/99c94dc769b5d96e|2018-07-05--16-30-16/21/video.hevc,37476126,True,True,True,1200,True,1200x3,True,1200x3,True,1200x4,1200,97303.888326,97363.837489,59.949163,20.000279,True,9.009086,17.771844,True,ok,train
Chunk_5,99c94dc769b5d96e|2018-07-05--19-49-34,7,Chunk_5/99c94dc769b5d96e|2018-07-05--19-49-34/7,Chunk_5/99c94dc769b5d96e|2018-07-05--19-49-34/7/video.hevc,37399166,True,True,True,1200,True,1200x3,True,1200x3,True,1200x4,1200,1376.48,1436.429166,59.949166,20.000278,True,9.646938,19.854964,True,ok,test
Chunk_5,99c94dc769b5d96e|2018-07-05--19-49-34,8,Chunk_5/99c94dc769b5d96e|2018-07-05--19-49-34/8,Chunk_5/99c94dc769b5d96e|2018-07-05--19-49-34/8/video.hevc,37463758,True,True,True,1200,True,1200x3,True,1200x3,True,1200x4,1200,1436.479161,1496.42833,59.949169,20.000277,True,7.44935,19.423794,True,ok,test
Chunk_5,99c94dc769b5d96e|2018-07-05--19-49-34,9,Chunk_5/99c94dc769b5d96e|2018-07-05--19-49-34/9,Chunk_5/99c94dc769b5d96e|2018-07-05--19-49-34/9/video.hevc,37502350,True,True,True,1200,True,1200x3,True,1200x3,True,1200x4,1200,1496.47834,1556.427478,59.949138,20.000288,True,1.251654,12.102652,True,ok,test
Chunk_5,99c94dc769b5d96e|2018-07-05--19-49-34,10,Chunk_5/99c94dc769b5d96e|2018-07-05--19-49-34/10,Chunk_5/99c94dc769b5d96e|2018-07-05--19-49-34/10/video.hevc,37491246,True,True,True,1200,True,1200x3,True,1200x3,True,1200x4,1200,1556.477476,1616.426648,59.949172,20.000276,True,24.403654,30.288383,True,ok,test
Chunk_5,99c94dc769b5d96e|2018-07-05--19-49-34,11,Chunk_5/99c94dc769b5d96e|2018-07-05--19-49-34/11,Chunk_5/99c94dc769b5d96e|2018-07-05--19-49-34/11/video.hevc,37473038,True,True,True,1200,True,1200x3,True,1200x3,True,1200x4,1200,1616.476635,1676.425788,59.949153,20.000283,True,30.53451,30.860257,True,ok,test
Chunk_5,99c94dc769b5d96e|2018-07-05--19-49-34,12,Chunk_5/99c94dc769b5d96e|2018-07-05--19-49-34/12,Chunk_5/99c94dc769b5d96e|2018-07-05--19-49-34/12/video.hevc,37479054,True,True,True,1200,True,1200x3,True,1200x3,True,1200x4,1200,1676.47581,1736.424954,59.949144,20.000286,True,30.379512,31.21727,True,ok,test
Chunk_5,99c94dc769b5d96e|2018-07-05--19-49-34,13,Chunk_5/99c94dc769b5d96e|2018-07-05--19-49-34/13,Chunk_5/99c94dc769b5d96e|2018-07-05--19-49-34/13/video.hevc,37469182,True,True,True,1200,True,1200x3,True,1200x3,True,1200x4,1200,1736.474947,1796.424111,59.949164,20.000279,True,30.453154,30.880801,True,ok,test
Chunk_5,99c94dc769b5d96e|2018-07-05--19-49-34,14,Chunk_5/99c94dc769b5d96e|2018-07-05--19-49-34/14,Chunk_5/99c94dc769b5d96e|2018-07-05--19-49-34/14/video.hevc,37473278,True,True,True,1200,True,1200x3,True,1200x3,True,1200x4,1200,1796.474102,1856.423257,59.949155,20.000282,True,27.834556,30.989198,True,ok,test
Chunk_5,99c94dc769b5d96e|2018-07-05--19-49-34,15,Chunk_5/99c94dc769b5d96e|2018-07-05--19-49-34/15,Chunk_5/99c94dc769b5d96e|2018-07-05--19-49-34/15/video.hevc,37402254,True,True,True,1200,True,1200x3,True,1200x3,True,1200x4,1200,1856.473263,1916.422424,59.949161,20.00028,True,3.504442,12.26371,True,ok,test
Chunk_5,99c94dc769b5d96e|2018-07-05--19-49-34,16,Chunk_5/99c94dc769b5d96e|2018-07-05--19-49-34/16,Chunk_5/99c94dc769b5d96e|2018-07-05--19-49-34/16/video.hevc,37485582,True,True,True,1200,True,1200x3,True,1200x3,True,1200x4,1200,1916.472417,1976.421572,59.949155,20.000282,True,11.882949,25.154684,True,ok,test
Chunk_5,99c94dc769b5d96e|2018-07-05--19-49-34,17,Chunk_5/99c94dc769b5d96e|2018-07-05--19-49-34/17,Chunk_5/99c94dc769b5d96e|2018-07-05--19-49-34/17/video.hevc,37496846,True,True,True,1200,True,1200x3,True,1200x3,True,1200x4,1200,1976.471576,2036.420755,59.949179,20.000274,True,25.495164,28.035137,True,ok,test
Chunk_5,99c94dc769b5d96e|2018-07-05--19-49-34,18,Chunk_5/99c94dc769b5d96e|2018-07-05--19-49-34/18,Chunk_5/99c94dc769b5d96e|2018-07-05--19-49-34/18/video.hevc,37475806,True,True,True,1200,True,1200x3,True,1200x3,True,1200x4,1200,2036.470736,2096.419894,59.949158,20.000281,True,28.446713,29.135919,True,ok,test
Chunk_5,99c94dc769b5d96e|2018-07-05--19-49-34,19,Chunk_5/99c94dc769b5d96e|2018-07-05--19-49-34/19,Chunk_5/99c94dc769b5d96e|2018-07-05--19-49-34/19/video.hevc,37486350,True,True,True,1200,True,1200x3,True,1200x3,True,1200x4,1200,2096.469884,2156.419048,59.949164,20.000279,True,28.739949,30.465782,True,ok,test
Chunk_5,99c94dc769b5d96e|2018-07-05--19-49-34,20,Chunk_5/99c94dc769b5d96e|2018-07-05--19-49-34/20,Chunk_5/99c94dc769b5d96e|2018-07-05--19-49-34/20/video.hevc,37469102,True,True,True,1200,True,1200x3,True,1200x3,True,1200x4,1200,2156.469049,2216.418205,59.949156,20.000282,True,28.294093,30.895831,True,ok,test
Chunk_5,99c94dc769b5d96e|2018-07-05--19-49-34,21,Chunk_5/99c94dc769b5d96e|2018-07-05--19-49-34/21,Chunk_5/99c94dc769b5d96e|2018-07-05--19-49-34/21/video.hevc,37529070,True,True,True,1200,True,1200x3,True,1200x3,True,1200x4,1200,2216.468204,2276.417365,59.949161,20.00028,True,20.065582,29.785316,True,ok,test
Chunk_5,99c94dc769b5d96e|2018-07-05--19-49-34,22,Chunk_5/99c94dc769b5d96e|2018-07-05--19-49-34/22,Chunk_5/99c94dc769b5d96e|2018-07-05--19-49-34/22/video.hevc,37423582,True,True,True,1200,True,1200x3,True,1200x3,True,1200x4,1200,2276.467363,2336.416512,59.949149,20.000284,True,8.893206,19.97471,True,ok,test
Chunk_5,99c94dc769b5d96e|2018-07-05--19-49-34,23,Chunk_5/99c94dc769b5d96e|2018-07-05--19-49-34/23,Chunk_5/99c94dc769b5d96e|2018-07-05--19-49-34/23/video.hevc,37511150,True,True,True,1200,True,1200x3,True,1200x3,True,1200x4,1200,2336.466516,2396.415681,59.949165,20.000279,True,9.037012,20.516447,True,ok,test
Chunk_5,99c94dc769b5d96e|2018-07-05--20-49-41,1,Chunk_5/99c94dc769b5d96e|2018-07-05--20-49-41/1,Chunk_5/99c94dc769b5d96e|2018-07-05--20-49-41/1/video.hevc,37522094,True,True,True,1200,True,1200x3,True,1200x3,True,1200x4,1200,1659.847783,1719.796941,59.949158,20.000281,True,11.610313,20.154438,True,ok,train
Chunk_5,99c94dc769b5d96e|2018-07-05--20-49-41,2,Chunk_5/99c94dc769b5d96e|2018-07-05--20-49-41/2,Chunk_5/99c94dc769b5d96e|2018-07-05--20-49-41/2/video.hevc,37504062,True,True,True,1200,True,1200x3,True,1200x3,True,1200x4,1200,1719.846959,1779.796131,59.949172,20.000276,True,3.864204,17.318633,True,ok,train
Chunk_5,99c94dc769b5d96e|2018-07-05--20-49-41,3,Chunk_5/99c94dc769b5d96e|2018-07-05--20-49-41/3,Chunk_5/99c94dc769b5d96e|2018-07-05--20-49-41/3/video.hevc,37506830,True,True,True,1200,True,1200x3,True,1200x3,True,1200x4,1200,1779.846107,1839.795253,59.949146,20.000285,True,0.877513,10.84021,True,ok,train
Chunk_5,99c94dc769b5d96e|2018-07-05--20-49-41,4,Chunk_5/99c94dc769b5d96e|2018-07-05--20-49-41/4,Chunk_5/99c94dc769b5d96e|2018-07-05--20-49-41/4/video.hevc,37533454,True,True,True,1200,True,1200x3,True,1200x3,True,1200x4,1200,1839.845262,1899.794408,59.949146,20.000285,True,24.335225,30.461525,True,ok,train
Chunk_5,99c94dc769b5d96e|2018-07-05--20-49-41,5,Chunk_5/99c94dc769b5d96e|2018-07-05--20-49-41/5,Chunk_5/99c94dc769b5d96e|2018-07-05--20-49-41/5/video.hevc,37473790,True,True,True,1200,True,1200x3,True,1200x3,True,1200x4,1200,1899.844409,1959.79357,59.949161,20.00028,True,30.567724,31.623387,True,ok,train
Chunk_5,99c94dc769b5d96e|2018-07-05--20-49-41,6,Chunk_5/99c94dc769b5d96e|2018-07-05--20-49-41/6,Chunk_5/99c94dc769b5d96e|2018-07-05--20-49-41/6/video.hevc,37493374,True,True,True,1200,True,1200x3,True,1200x3,True,1200x4,1200,1959.843572,2019.792727,59.949155,20.000282,True,29.900062,30.584136,True,ok,train
Chunk_5,99c94dc769b5d96e|2018-07-05--20-49-41,7,Chunk_5/99c94dc769b5d96e|2018-07-05--20-49-41/7,Chunk_5/99c94dc769b5d96e|2018-07-05--20-49-41/7/video.hevc,37568270,True,True,True,1200,True,1200x3,True,1200x3,True,1200x4,1200,2019.842726,2079.79188,59.949154,20.000282,True,27.758421,29.90884,True,ok,train
Chunk_5,99c94dc769b5d96e|2018-07-05--20-49-41,8,Chunk_5/99c94dc769b5d96e|2018-07-05--20-49-41/8,Chunk_5/99c94dc769b5d96e|2018-07-05--20-49-41/8/video.hevc,37438158,True,True,True,1200,True,1200x3,True,1200x3,True,1200x4,1200,2079.841881,2139.791038,59.949157,20.000281,True,30.750071,30.980241,True,ok,train
Chunk_5,99c94dc769b5d96e|2018-07-05--20-49-41,9,Chunk_5/99c94dc769b5d96e|2018-07-05--20-49-41/9,Chunk_5/99c94dc769b5d96e|2018-07-05--20-49-41/9/video.hevc,37433998,True,True,True,1200,True,1200x3,True,1200x3,True,1200x4,1200,2139.841033,2199.790192,59.949159,20.000281,True,30.153448,30.964063,True,ok,train
Chunk_5,99c94dc769b5d96e|2018-07-05--20-49-41,10,Chunk_5/99c94dc769b5d96e|2018-07-05--20-49-41/10,Chunk_5/99c94dc769b5d96e|2018-07-05--20-49-41/10/video.hevc,37604894,True,True,True,1201,True,1201x3,True,1201x3,True,1201x4,1201,2199.840192,2259.839353,59.999161,20.00028,True,30.502511,30.87413,True,ok,train
Chunk_5,99c94dc769b5d96e|2018-07-05--20-49-41,11,Chunk_5/99c94dc769b5d96e|2018-07-05--20-49-41/11,Chunk_5/99c94dc769b5d96e|2018-07-05--20-49-41/11/video.hevc,37436078,True,True,True,1200,True,1200x3,True,1200x3,True,1200x4,1200,2259.88935,2319.838504,59.949154,20.000282,True,29.1821,30.400266,True,ok,train
Chunk_5,99c94dc769b5d96e|2018-07-05--20-49-41,12,Chunk_5/99c94dc769b5d96e|2018-07-05--20-49-41/12,Chunk_5/99c94dc769b5d96e|2018-07-05--20-49-41/12/video.hevc,37462190,True,True,True,1200,True,1200x3,True,1200x3,True,1200x4,1200,2319.888505,2379.837663,59.949158,20.000281,True,30.314126,30.819534,True,ok,train
Chunk_5,99c94dc769b5d96e|2018-07-05--20-49-41,13,Chunk_5/99c94dc769b5d96e|2018-07-05--20-49-41/13,Chunk_5/99c94dc769b5d96e|2018-07-05--20-49-41/13/video.hevc,37465214,True,True,True,1200,True,1200x3,True,1200x3,True,1200x4,1200,2379.887663,2439.836842,59.949179,20.000274,True,30.606134,30.894256,True,ok,train
Chunk_5,99c94dc769b5d96e|2018-07-05--20-49-41,20,Chunk_5/99c94dc769b5d96e|2018-07-05--20-49-41/20,Chunk_5/99c94dc769b5d96e|2018-07-05--20-49-41/20/video.hevc,37447406,True,True,True,1200,True,1200x3,True,1200x3,True,1200x4,1200,2799.881764,2859.830927,59.949163,20.000279,True,30.618517,30.882051,True,ok,train
Chunk_5,99c94dc769b5d96e|2018-07-05--20-49-41,21,Chunk_5/99c94dc769b5d96e|2018-07-05--20-49-41/21,Chunk_5/99c94dc769b5d96e|2018-07-05--20-49-41/21/video.hevc,37494654,True,True,True,1200,True,1200x3,True,1200x3,True,1200x4,1200,2859.880936,2919.830085,59.949149,20.000284,True,30.778287,30.979376,True,ok,train
Chunk_5,99c94dc769b5d96e|2018-07-05--20-49-41,22,Chunk_5/99c94dc769b5d96e|2018-07-05--20-49-41/22,Chunk_5/99c94dc769b5d96e|2018-07-05--20-49-41/22/video.hevc,37405822,True,True,True,1200,True,1200x3,True,1200x3,True,1200x4,1200,2919.88009,2979.829247,59.949157,20.000281,True,30.503544,30.959497,True,ok,train
Chunk_5,99c94dc769b5d96e|2018-07-05--20-49-41,23,Chunk_5/99c94dc769b5d96e|2018-07-05--20-49-41/23,Chunk_5/99c94dc769b5d96e|2018-07-05--20-49-41/23/video.hevc,37550750,True,True,True,1200,True,1200x3,True,1200x3,True,1200x4,1200,2979.879234,3039.828404,59.94917,20.000277,True,29.369017,30.833953,True,ok,train
Chunk_5,99c94dc769b5d96e|2018-07-05--20-49-41,24,Chunk_5/99c94dc769b5d96e|2018-07-05--20-49-41/24,Chunk_5/99c94dc769b5d96e|2018-07-05--20-49-41/24/video.hevc,37505966,True,True,True,1200,True,1200x3,True,1200x3,True,1200x4,1200,3039.878386,3099.827552,59.949166,20.000278,True,29.261935,30.79606,True,ok,train
Chunk_5,99c94dc769b5d96e|2018-07-05--20-49-41,25,Chunk_5/99c94dc769b5d96e|2018-07-05--20-49-41/25,Chunk_5/99c94dc769b5d96e|2018-07-05--20-49-41/25/video.hevc,37464382,True,True,True,1200,True,1200x3,True,1200x3,True,1200x4,1200,3099.877619,3159.826707,59.949088,20.000304,True,28.435871,30.154719,True,ok,train
Chunk_5,99c94dc769b5d96e|2018-07-05--20-49-41,26,Chunk_5/99c94dc769b5d96e|2018-07-05--20-49-41/26,Chunk_5/99c94dc769b5d96e|2018-07-05--20-49-41/26/video.hevc,37489406,True,True,True,1200,True,1200x3,True,1200x3,True,1200x4,1200,3159.876713,3219.825872,59.949159,20.000281,True,27.6568,29.098134,True,ok,train
Chunk_5,99c94dc769b5d96e|2018-07-05--20-49-41,27,Chunk_5/99c94dc769b5d96e|2018-07-05--20-49-41/27,Chunk_5/99c94dc769b5d96e|2018-07-05--20-49-41/27/video.hevc,37445550,True,True,True,1200,True,1200x3,True,1200x3,True,1200x4,1200,3219.875864,3279.825021,59.949157,20.000281,True,29.647597,30.947532,True,ok,train
Chunk_5,99c94dc769b5d96e|2018-07-05--20-49-41,28,Chunk_5/99c94dc769b5d96e|2018-07-05--20-49-41/28,Chunk_5/99c94dc769b5d96e|2018-07-05--20-49-41/28/video.hevc,37487918,True,True,True,1200,True,1200x3,True,1200x3,True,1200x4,1200,3279.875021,3339.824179,59.949158,20.000281,True,27.706648,30.31087,True,ok,train
Chunk_5,99c94dc769b5d96e|2018-07-05--20-49-41,29,Chunk_5/99c94dc769b5d96e|2018-07-05--20-49-41/29,Chunk_5/99c94dc769b5d96e|2018-07-05--20-49-41/29/video.hevc,37464510,True,True,True,1200,True,1200x3,True,1200x3,True,1200x4,1200,3339.87418,3399.823332,59.949152,20.000283,True,18.141342,25.528396,True,ok,train
Chunk_5,99c94dc769b5d96e|2018-07-05--20-49-41,30,Chunk_5/99c94dc769b5d96e|2018-07-05--20-49-41/30,Chunk_5/99c94dc769b5d96e|2018-07-05--20-49-41/30/video.hevc,37407454,True,True,True,1200,True,1200x3,True,1200x3,True,1200x4,1200,3399.873335,3459.822495,59.94916,20.00028,True,0.645752,7.324865,True,ok,train
Chunk_5,99c94dc769b5d96e|2018-07-05--20-49-41,31,Chunk_5/99c94dc769b5d96e|2018-07-05--20-49-41/31,Chunk_5/99c94dc769b5d96e|2018-07-05--20-49-41/31/video.hevc,37412030,True,True,True,1200,True,1200x3,True,1200x3,True,1200x4,1200,3459.872496,3519.821654,59.949158,20.000281,True,14.023854,19.997712,True,ok,train
Chunk_5,99c94dc769b5d96e|2018-07-06--01-15-15,23,Chunk_5/99c94dc769b5d96e|2018-07-06--01-15-15/23,Chunk_5/99c94dc769b5d96e|2018-07-06--01-15-15/23/video.hevc,37493150,True,True,True,1200,True,1200x3,True,1200x3,True,1200x4,1200,18914.073579,18974.022739,59.94916,20.00028,True,17.389925,22.147894,True,ok,test
Chunk_5,99c94dc769b5d96e|2018-07-06--01-15-15,24,Chunk_5/99c94dc769b5d96e|2018-07-06--01-15-15/24,Chunk_5/99c94dc769b5d96e|2018-07-06--01-15-15/24/video.hevc,37521534,True,True,True,1200,True,1200x3,True,1200x3,True,1200x4,1200,18974.072733,19034.021894,59.949161,20.00028,True,15.137247,22.083489,True,ok,test
Chunk_5,99c94dc769b5d96e|2018-07-06--01-15-15,25,Chunk_5/99c94dc769b5d96e|2018-07-06--01-15-15/25,Chunk_5/99c94dc769b5d96e|2018-07-06--01-15-15/25/video.hevc,37474622,True,True,True,1200,True,1200x3,True,1200x3,True,1200x4,1200,19034.071895,19094.021048,59.949153,20.000283,True,3.286889,21.161756,True,ok,test
Chunk_5,99c94dc769b5d96e|2018-07-06--01-15-15,26,Chunk_5/99c94dc769b5d96e|2018-07-06--01-15-15/26,Chunk_5/99c94dc769b5d96e|2018-07-06--01-15-15/26/video.hevc,37442334,True,True,True,1200,True,1200x3,True,1200x3,True,1200x4,1200,19094.071049,19154.020201,59.949152,20.000283,True,26.654685,30.776368,True,ok,test
Chunk_5,99c94dc769b5d96e|2018-07-06--01-15-15,27,Chunk_5/99c94dc769b5d96e|2018-07-06--01-15-15/27,Chunk_5/99c94dc769b5d96e|2018-07-06--01-15-15/27/video.hevc,37383118,True,True,True,1200,True,1200x3,True,1200x3,True,1200x4,1200,19154.070203,19214.019361,59.949158,20.000281,True,31.127082,32.67157,True,ok,test
Chunk_5,99c94dc769b5d96e|2018-07-06--01-15-15,28,Chunk_5/99c94dc769b5d96e|2018-07-06--01-15-15/28,Chunk_5/99c94dc769b5d96e|2018-07-06--01-15-15/28/video.hevc,37380126,True,True,True,1200,True,1200x3,True,1200x3,True,1200x4,1200,19214.069368,19274.018536,59.949168,20.000278,True,32.646767,33.081373,True,ok,test
Chunk_5,99c94dc769b5d96e|2018-07-06--01-15-15,29,Chunk_5/99c94dc769b5d96e|2018-07-06--01-15-15/29,Chunk_5/99c94dc769b5d96e|2018-07-06--01-15-15/29/video.hevc,37439454,True,True,True,1201,True,1201x3,True,1201x3,True,1201x4,1201,19274.068517,19334.067675,59.999158,20.000281,True,32.764228,33.076479,True,ok,test
Chunk_5,99c94dc769b5d96e|2018-07-06--01-15-15,30,Chunk_5/99c94dc769b5d96e|2018-07-06--01-15-15/30,Chunk_5/99c94dc769b5d96e|2018-07-06--01-15-15/30/video.hevc,37359230,True,True,True,1199,True,1199x3,True,1199x3,True,1199x4,1199,19334.117684,19394.016851,59.899167,20.000278,True,32.376284,33.068288,True,ok,test
Chunk_5,99c94dc769b5d96e|2018-07-06--01-15-15,31,Chunk_5/99c94dc769b5d96e|2018-07-06--01-15-15/31,Chunk_5/99c94dc769b5d96e|2018-07-06--01-15-15/31/video.hevc,37406990,True,True,True,1200,True,1200x3,True,1200x3,True,1200x4,1200,19394.066845,19454.016021,59.949176,20.000275,True,32.700991,33.085169,True,ok,test
Chunk_5,99c94dc769b5d96e|2018-07-06--01-15-15,32,Chunk_5/99c94dc769b5d96e|2018-07-06--01-15-15/32,Chunk_5/99c94dc769b5d96e|2018-07-06--01-15-15/32/video.hevc,37409982,True,True,True,1199,True,1199x3,True,1199x3,True,1199x4,1199,19454.065984,19514.015159,59.949175,19.983594,True,32.62852,33.120939,True,ok,test
Chunk_5,99c94dc769b5d96e|2018-07-06--01-15-15,33,Chunk_5/99c94dc769b5d96e|2018-07-06--01-15-15/33,Chunk_5/99c94dc769b5d96e|2018-07-06--01-15-15/33/video.hevc,37415118,True,True,True,1200,True,1200x3,True,1200x3,True,1200x4,1200,19514.065158,19574.014302,59.949144,20.000286,True,32.814008,33.040057,True,ok,test
Chunk_5,99c94dc769b5d96e|2018-07-06--01-15-15,34,Chunk_5/99c94dc769b5d96e|2018-07-06--01-15-15/34,Chunk_5/99c94dc769b5d96e|2018-07-06--01-15-15/34/video.hevc,37501918,True,True,True,1200,True,1200x3,True,1200x3,True,1200x4,1200,19574.06433,19634.013461,59.949131,20.00029,True,32.743652,33.120019,True,ok,test
Chunk_5,99c94dc769b5d96e|2018-07-06--09-43-54,28,Chunk_5/99c94dc769b5d96e|2018-07-06--09-43-54/28,Chunk_5/99c94dc769b5d96e|2018-07-06--09-43-54/28/video.hevc,37480414,True,True,True,1198,True,1198x3,True,1198x3,True,1198x4,1198,49732.867998,49792.817152,59.949154,19.966921,True,31.610932,33.453571,True,ok,validation
Chunk_5,99c94dc769b5d96e|2018-07-06--09-43-54,29,Chunk_5/99c94dc769b5d96e|2018-07-06--09-43-54/29,Chunk_5/99c94dc769b5d96e|2018-07-06--09-43-54/29/video.hevc,37459630,True,True,True,1198,True,1198x3,True,1198x3,True,1198x4,1198,49792.867149,49852.81632,59.949171,19.966915,True,32.098079,33.464335,True,ok,validation
Chunk_5,99c94dc769b5d96e|2018-07-06--09-43-54,30,Chunk_5/99c94dc769b5d96e|2018-07-06--09-43-54/30,Chunk_5/99c94dc769b5d96e|2018-07-06--09-43-54/30/video.hevc,37483166,True,True,True,1199,True,1199x3,True,1199x3,True,1199x4,1199,49852.866305,49912.815461,59.949156,19.983601,True,30.630838,32.351985,True,ok,validation
Chunk_5,99c94dc769b5d96e|2018-07-06--09-43-54,31,Chunk_5/99c94dc769b5d96e|2018-07-06--09-43-54/31,Chunk_5/99c94dc769b5d96e|2018-07-06--09-43-54/31/video.hevc,37504318,True,True,True,1198,True,1198x3,True,1198x3,True,1198x4,1198,49912.865493,49972.814621,59.949128,19.966929,True,29.399961,30.456851,True,ok,validation
Chunk_5,99c94dc769b5d96e|2018-07-06--09-43-54,32,Chunk_5/99c94dc769b5d96e|2018-07-06--09-43-54/32,Chunk_5/99c94dc769b5d96e|2018-07-06--09-43-54/32/video.hevc,37518078,True,True,True,1199,True,1199x3,True,1199x3,True,1199x4,1199,49972.86462,50032.813782,59.949162,19.983599,True,27.810605,29.122702,True,ok,validation
Chunk_5,99c94dc769b5d96e|2018-07-06--09-43-54,33,Chunk_5/99c94dc769b5d96e|2018-07-06--09-43-54/33,Chunk_5/99c94dc769b5d96e|2018-07-06--09-43-54/33/video.hevc,37470526,True,True,True,1199,True,1199x3,True,1199x3,True,1199x4,1199,50032.863833,50092.812937,59.949104,19.983618,True,27.821068,29.660434,True,ok,validation
Chunk_5,99c94dc769b5d96e|2018-07-06--09-43-54,34,Chunk_5/99c94dc769b5d96e|2018-07-06--09-43-54/34,Chunk_5/99c94dc769b5d96e|2018-07-06--09-43-54/34/video.hevc,37477726,True,True,True,1199,True,1199x3,True,1199x3,True,1199x4,1199,50092.862939,50152.812087,59.949148,19.983603,True,28.229962,31.654001,True,ok,validation
Chunk_5,99c94dc769b5d96e|2018-07-06--09-43-54,35,Chunk_5/99c94dc769b5d96e|2018-07-06--09-43-54/35,Chunk_5/99c94dc769b5d96e|2018-07-06--09-43-54/35/video.hevc,37486462,True,True,True,1200,True,1200x3,True,1200x3,True,1200x4,1200,50152.862087,50212.811377,59.94929,20.000237,True,26.941428,31.582697,True,ok,validation
Chunk_5,99c94dc769b5d96e|2018-07-06--09-43-54,36,Chunk_5/99c94dc769b5d96e|2018-07-06--09-43-54/36,Chunk_5/99c94dc769b5d96e|2018-07-06--09-43-54/36/video.hevc,37498942,True,True,True,1200,True,1200x3,True,1200x3,True,1200x4,1200,50212.861249,50272.8104,59.949151,20.000283,True,30.114054,32.671594,True,ok,validation
Chunk_5,99c94dc769b5d96e|2018-07-06--09-43-54,37,Chunk_5/99c94dc769b5d96e|2018-07-06--09-43-54/37,Chunk_5/99c94dc769b5d96e|2018-07-06--09-43-54/37/video.hevc,37549646,True,True,True,1195,True,1195x3,True,1195x3,True,1195x4,1195,50272.860407,50332.809578,59.949171,19.916873,True,21.852218,28.749457,True,ok,validation
Chunk_5,99c94dc769b5d96e|2018-07-06--09-43-54,38,Chunk_5/99c94dc769b5d96e|2018-07-06--09-43-54/38,Chunk_5/99c94dc769b5d96e|2018-07-06--09-43-54/38/video.hevc,37432382,True,True,True,1199,True,1199x3,True,1199x3,True,1199x4,1199,50332.859565,50392.808746,59.949181,19.983592,True,3.632612,11.99343,True,ok,validation
Chunk_5,99c94dc769b5d96e|2018-07-06--09-43-54,39,Chunk_5/99c94dc769b5d96e|2018-07-06--09-43-54/39,Chunk_5/99c94dc769b5d96e|2018-07-06--09-43-54/39/video.hevc,37509246,True,True,True,1200,True,1200x3,True,1200x3,True,1200x4,1200,50392.858799,50452.807876,59.949077,20.000308,True,6.186816,19.099728,True,ok,validation
Chunk_5,99c94dc769b5d96e|2018-07-06--09-43-54,40,Chunk_5/99c94dc769b5d96e|2018-07-06--09-43-54/40,Chunk_5/99c94dc769b5d96e|2018-07-06--09-43-54/40/video.hevc,37478958,True,True,True,1200,True,1200x3,True,1200x3,True,1200x4,1200,50452.857892,50512.807029,59.949137,20.000288,True,8.234174,21.270242,True,ok,validation
Chunk_5,99c94dc769b5d96e|2018-07-06--11-17-49,4,Chunk_5/99c94dc769b5d96e|2018-07-06--11-17-49/4,Chunk_5/99c94dc769b5d96e|2018-07-06--11-17-49/4/video.hevc,37467678,True,True,True,1198,True,1198x3,True,1198x3,True,1198x4,1198,53928.138534,53988.087692,59.949158,19.966919,True,15.381503,18.381397,True,ok,train
Chunk_5,99c94dc769b5d96e|2018-07-06--11-17-49,5,Chunk_5/99c94dc769b5d96e|2018-07-06--11-17-49/5,Chunk_5/99c94dc769b5d96e|2018-07-06--11-17-49/5/video.hevc,37435550,True,True,True,1199,True,1199x3,True,1199x3,True,1199x4,1199,53988.137687,54048.08685,59.949163,19.983598,True,9.651878,17.505761,True,ok,train
Chunk_5,99c94dc769b5d96e|2018-07-06--11-17-49,6,Chunk_5/99c94dc769b5d96e|2018-07-06--11-17-49/6,Chunk_5/99c94dc769b5d96e|2018-07-06--11-17-49/6/video.hevc,37494334,True,True,True,1199,True,1199x3,True,1199x3,True,1199x4,1199,54048.136851,54108.086001,59.94915,19.983603,True,15.480274,23.111936,True,ok,train
Chunk_5,99c94dc769b5d96e|2018-07-06--11-17-49,7,Chunk_5/99c94dc769b5d96e|2018-07-06--11-17-49/7,Chunk_5/99c94dc769b5d96e|2018-07-06--11-17-49/7/video.hevc,37441854,True,True,True,1200,True,1200x3,True,1200x3,True,1200x4,1200,54108.136005,54168.085163,59.949158,20.000281,True,22.439822,24.982774,True,ok,train
Chunk_5,99c94dc769b5d96e|2018-07-06--11-17-49,8,Chunk_5/99c94dc769b5d96e|2018-07-06--11-17-49/8,Chunk_5/99c94dc769b5d96e|2018-07-06--11-17-49/8/video.hevc,37436318,True,True,True,1200,True,1200x3,True,1200x3,True,1200x4,1200,54168.135163,54228.084315,59.949152,20.000283,True,27.560909,30.722485,True,ok,train
Chunk_5,99c94dc769b5d96e|2018-07-06--11-17-49,9,Chunk_5/99c94dc769b5d96e|2018-07-06--11-17-49/9,Chunk_5/99c94dc769b5d96e|2018-07-06--11-17-49/9/video.hevc,37489790,True,True,True,1200,True,1200x3,True,1200x3,True,1200x4,1200,54228.134317,54288.083476,59.949159,20.000281,True,28.614501,30.790278,True,ok,train
Chunk_5,99c94dc769b5d96e|2018-07-06--11-17-49,10,Chunk_5/99c94dc769b5d96e|2018-07-06--11-17-49/10,Chunk_5/99c94dc769b5d96e|2018-07-06--11-17-49/10/video.hevc,37456494,True,True,True,1200,True,1200x3,True,1200x3,True,1200x4,1200,54288.133473,54348.082638,59.949165,20.000279,True,30.530623,30.870484,True,ok,train
Chunk_5,99c94dc769b5d96e|2018-07-06--11-17-49,11,Chunk_5/99c94dc769b5d96e|2018-07-06--11-17-49/11,Chunk_5/99c94dc769b5d96e|2018-07-06--11-17-49/11/video.hevc,37463710,True,True,True,1200,True,1200x3,True,1200x3,True,1200x4,1200,54348.132628,54408.081788,59.94916,20.00028,True,30.733199,33.799623,True,ok,train
Chunk_5,99c94dc769b5d96e|2018-07-06--11-17-49,12,Chunk_5/99c94dc769b5d96e|2018-07-06--11-17-49/12,Chunk_5/99c94dc769b5d96e|2018-07-06--11-17-49/12/video.hevc,37476606,True,True,True,1200,True,1200x3,True,1200x3,True,1200x4,1200,54408.13179,54468.080958,59.949168,20.000278,True,25.630363,30.615558,True,ok,train
Chunk_5,99c94dc769b5d96e|2018-07-06--11-17-49,13,Chunk_5/99c94dc769b5d96e|2018-07-06--11-17-49/13,Chunk_5/99c94dc769b5d96e|2018-07-06--11-17-49/13/video.hevc,37466926,True,True,True,1200,True,1200x3,True,1200x3,True,1200x4,1200,54468.13094,54528.080099,59.949159,20.000281,True,15.421388,25.651519,True,ok,train
Chunk_5,99c94dc769b5d96e|2018-07-06--11-17-49,14,Chunk_5/99c94dc769b5d96e|2018-07-06--11-17-49/14,Chunk_5/99c94dc769b5d96e|2018-07-06--11-17-49/14/video.hevc,37515294,True,True,True,1200,True,1200x3,True,1200x3,True,1200x4,1200,54528.130101,54588.079262,59.949161,20.00028,True,1.654972,10.330316,True,ok,train
Chunk_5,99c94dc769b5d96e|2018-07-06--11-17-49,15,Chunk_5/99c94dc769b5d96e|2018-07-06--11-17-49/15,Chunk_5/99c94dc769b5d96e|2018-07-06--11-17-49/15/video.hevc,37479838,True,True,True,1200,True,1200x3,True,1200x3,True,1200x4,1200,54588.129252,54648.078414,59.949162,20.00028,True,15.731801,26.479851,True,ok,train
Chunk_5,99c94dc769b5d96e|2018-07-06--11-17-49,16,Chunk_5/99c94dc769b5d96e|2018-07-06--11-17-49/16,Chunk_5/99c94dc769b5d96e|2018-07-06--11-17-49/16/video.hevc,37529870,True,True,True,1201,True,1201x3,True,1201x3,True,1201x4,1201,54648.128414,54708.127566,59.999152,20.000283,True,30.297318,32.382012,True,ok,train
Chunk_5,99c94dc769b5d96e|2018-07-06--11-17-49,17,Chunk_5/99c94dc769b5d96e|2018-07-06--11-17-49/17,Chunk_5/99c94dc769b5d96e|2018-07-06--11-17-49/17/video.hevc,37485182,True,True,True,1200,True,1200x3,True,1200x3,True,1200x4,1200,54708.177572,54768.126721,59.949149,20.000284,True,30.040468,31.323095,True,ok,train
Chunk_5,99c94dc769b5d96e|2018-07-06--11-17-49,18,Chunk_5/99c94dc769b5d96e|2018-07-06--11-17-49/18,Chunk_5/99c94dc769b5d96e|2018-07-06--11-17-49/18/video.hevc,37453742,True,True,True,1199,True,1199x3,True,1199x3,True,1199x4,1199,54768.176724,54828.07588,59.899156,20.000282,True,28.023788,31.474397,True,ok,train
Chunk_5,99c94dc769b5d96e|2018-07-06--11-17-49,19,Chunk_5/99c94dc769b5d96e|2018-07-06--11-17-49/19,Chunk_5/99c94dc769b5d96e|2018-07-06--11-17-49/19/video.hevc,37441070,True,True,True,1200,True,1200x3,True,1200x3,True,1200x4,1200,54828.125884,54888.075041,59.949157,20.000281,True,29.767246,31.561191,True,ok,train
Chunk_5,99c94dc769b5d96e|2018-07-06--11-17-49,20,Chunk_5/99c94dc769b5d96e|2018-07-06--11-17-49/20,Chunk_5/99c94dc769b5d96e|2018-07-06--11-17-49/20/video.hevc,37510254,True,True,True,1200,True,1200x3,True,1200x3,True,1200x4,1200,54888.125043,54948.0742,59.949157,20.000281,True,31.705714,32.648956,True,ok,train
Chunk_5,99c94dc769b5d96e|2018-07-06--11-17-49,21,Chunk_5/99c94dc769b5d96e|2018-07-06--11-17-49/21,Chunk_5/99c94dc769b5d96e|2018-07-06--11-17-49/21/video.hevc,37514782,True,True,True,1200,True,1200x3,True,1200x3,True,1200x4,1200,54948.124194,55008.073374,59.94918,20.000274,True,26.002846,32.879858,True,ok,train
Chunk_5,99c94dc769b5d96e|2018-07-06--11-17-49,22,Chunk_5/99c94dc769b5d96e|2018-07-06--11-17-49/22,Chunk_5/99c94dc769b5d96e|2018-07-06--11-17-49/22/video.hevc,37485486,True,True,True,1200,True,1200x3,True,1200x3,True,1200x4,1200,55008.12335,55068.072525,59.949175,20.000275,True,8.0552,16.956955,True,ok,train
Chunk_5,99c94dc769b5d96e|2018-07-06--11-17-49,23,Chunk_5/99c94dc769b5d96e|2018-07-06--11-17-49/23,Chunk_5/99c94dc769b5d96e|2018-07-06--11-17-49/23/video.hevc,37530142,True,True,True,1201,True,1201x3,True,1201x3,True,1201x4,1201,55068.122549,55128.121666,59.999117,20.000294,True,7.146299,16.271265,True,ok,train
Chunk_5,99c94dc769b5d96e|2018-07-06--12-32-39,9,Chunk_5/99c94dc769b5d96e|2018-07-06--12-32-39/9,Chunk_5/99c94dc769b5d96e|2018-07-06--12-32-39/9/video.hevc,37480622,True,True,True,1200,True,1200x3,True,1200x3,True,1200x4,1200,58717.987669,58777.936784,59.949115,20.000295,True,14.078195,20.737034,True,ok,train
Chunk_5,99c94dc769b5d96e|2018-07-06--12-32-39,10,Chunk_5/99c94dc769b5d96e|2018-07-06--12-32-39/10,Chunk_5/99c94dc769b5d96e|2018-07-06--12-32-39/10/video.hevc,37460478,True,True,True,1200,True,1200x3,True,1200x3,True,1200x4,1200,58777.986782,58837.93594,59.949158,20.000281,True,10.942154,18.339872,True,ok,train
Chunk_5,99c94dc769b5d96e|2018-07-06--12-32-39,11,Chunk_5/99c94dc769b5d96e|2018-07-06--12-32-39/11,Chunk_5/99c94dc769b5d96e|2018-07-06--12-32-39/11/video.hevc,37453678,True,True,True,1200,True,1200x3,True,1200x3,True,1200x4,1200,58837.985946,58897.935094,59.949148,20.000284,True,9.971886,20.368917,True,ok,train
Chunk_5,99c94dc769b5d96e|2018-07-06--12-32-39,12,Chunk_5/99c94dc769b5d96e|2018-07-06--12-32-39/12,Chunk_5/99c94dc769b5d96e|2018-07-06--12-32-39/12/video.hevc,37477822,True,True,True,1199,True,1199x3,True,1199x3,True,1199x4,1199,58897.985112,58957.934344,59.949232,19.983575,True,25.539325,30.958088,True,ok,train
Chunk_5,99c94dc769b5d96e|2018-07-06--12-32-39,13,Chunk_5/99c94dc769b5d96e|2018-07-06--12-32-39/13,Chunk_5/99c94dc769b5d96e|2018-07-06--12-32-39/13/video.hevc,37476990,True,True,True,1200,True,1200x3,True,1200x3,True,1200x4,1200,58957.984266,59017.933412,59.949146,20.000285,True,29.463446,30.80487,True,ok,train
Chunk_5,99c94dc769b5d96e|2018-07-06--12-32-39,14,Chunk_5/99c94dc769b5d96e|2018-07-06--12-32-39/14,Chunk_5/99c94dc769b5d96e|2018-07-06--12-32-39/14/video.hevc,37495182,True,True,True,1200,True,1200x3,True,1200x3,True,1200x4,1200,59017.983412,59077.93258,59.949168,20.000278,True,30.535957,30.929838,True,ok,train
Chunk_5,99c94dc769b5d96e|2018-07-06--12-32-39,15,Chunk_5/99c94dc769b5d96e|2018-07-06--12-32-39/15,Chunk_5/99c94dc769b5d96e|2018-07-06--12-32-39/15/video.hevc,37508430,True,True,True,1200,True,1200x3,True,1200x3,True,1200x4,1200,59077.982564,59137.931742,59.949178,20.000274,True,28.339463,30.861292,True,ok,train
Chunk_5,99c94dc769b5d96e|2018-07-06--12-32-39,16,Chunk_5/99c94dc769b5d96e|2018-07-06--12-32-39/16,Chunk_5/99c94dc769b5d96e|2018-07-06--12-32-39/16/video.hevc,37497854,True,True,True,1199,True,1199x3,True,1199x3,True,1199x4,1199,59137.981726,59197.930889,59.949163,19.983598,True,30.686949,31.058666,True,ok,train
Chunk_5,99c94dc769b5d96e|2018-07-06--12-32-39,17,Chunk_5/99c94dc769b5d96e|2018-07-06--12-32-39/17,Chunk_5/99c94dc769b5d96e|2018-07-06--12-32-39/17/video.hevc,37503454,True,True,True,1200,True,1200x3,True,1200x3,True,1200x4,1200,59197.980897,59257.930057,59.94916,20.00028,True,30.581418,30.942546,True,ok,train
Chunk_5,99c94dc769b5d96e|2018-07-06--12-32-39,18,Chunk_5/99c94dc769b5d96e|2018-07-06--12-32-39/18,Chunk_5/99c94dc769b5d96e|2018-07-06--12-32-39/18/video.hevc,37546606,True,True,True,1201,True,1201x3,True,1201x3,True,1201x4,1201,59257.980039,59317.979192,59.999153,20.000282,True,28.034735,32.216666,True,ok,train
Chunk_5,99c94dc769b5d96e|2018-07-06--12-32-39,19,Chunk_5/99c94dc769b5d96e|2018-07-06--12-32-39/19,Chunk_5/99c94dc769b5d96e|2018-07-06--12-32-39/19/video.hevc,37499694,True,True,True,1199,True,1199x3,True,1199x3,True,1199x4,1199,59318.029191,59377.92834,59.899149,20.000284,True,7.393903,19.324368,True,ok,train
Chunk_5,99c94dc769b5d96e|2018-07-06--12-32-39,21,Chunk_5/99c94dc769b5d96e|2018-07-06--12-32-39/21,Chunk_5/99c94dc769b5d96e|2018-07-06--12-32-39/21/video.hevc,37455630,True,True,True,1199,True,1199x3,True,1199x3,True,1199x4,1199,59437.977511,59497.926699,59.949188,19.98359,True,31.860698,32.298347,True,ok,train
Chunk_5,99c94dc769b5d96e|2018-07-06--12-32-39,22,Chunk_5/99c94dc769b5d96e|2018-07-06--12-32-39/22,Chunk_5/99c94dc769b5d96e|2018-07-06--12-32-39/22/video.hevc,37470846,True,True,True,1200,True,1200x3,True,1200x3,True,1200x4,1200,59497.976671,59557.925833,59.949162,20.00028,True,31.428503,32.261359,True,ok,train
Chunk_5,99c94dc769b5d96e|2018-07-06--12-32-39,23,Chunk_5/99c94dc769b5d96e|2018-07-06--12-32-39/23,Chunk_5/99c94dc769b5d96e|2018-07-06--12-32-39/23/video.hevc,37490654,True,True,True,1200,True,1200x3,True,1200x3,True,1200x4,1200,59557.975824,59617.924978,59.949154,20.000282,True,30.953141,32.330476,True,ok,train
Chunk_5,99c94dc769b5d96e|2018-07-06--12-32-39,24,Chunk_5/99c94dc769b5d96e|2018-07-06--12-32-39/24,Chunk_5/99c94dc769b5d96e|2018-07-06--12-32-39/24/video.hevc,37497502,True,True,True,1200,True,1200x3,True,1200x3,True,1200x4,1200,59617.975049,59677.924135,59.949086,20.000305,True,31.188527,32.352614,True,ok,train
Chunk_5,99c94dc769b5d96e|2018-07-06--12-32-39,25,Chunk_5/99c94dc769b5d96e|2018-07-06--12-32-39/25,Chunk_5/99c94dc769b5d96e|2018-07-06--12-32-39/25/video.hevc,37481518,True,True,True,1200,True,1200x3,True,1200x3,True,1200x4,1200,59677.974137,59737.923293,59.949156,20.000282,True,31.033046,32.370795,True,ok,train
Chunk_5,99c94dc769b5d96e|2018-07-06--12-32-39,26,Chunk_5/99c94dc769b5d96e|2018-07-06--12-32-39/26,Chunk_5/99c94dc769b5d96e|2018-07-06--12-32-39/26/video.hevc,37507678,True,True,True,1200,True,1200x3,True,1200x3,True,1200x4,1200,59737.973312,59797.922456,59.949144,20.000286,True,28.521096,32.114597,True,ok,train
Chunk_5,99c94dc769b5d96e|2018-07-06--12-32-39,27,Chunk_5/99c94dc769b5d96e|2018-07-06--12-32-39/27,Chunk_5/99c94dc769b5d96e|2018-07-06--12-32-39/27/video.hevc,37518910,True,True,True,1201,True,1201x3,True,1201x3,True,1201x4,1201,59797.972463,59857.971627,59.999164,20.000279,True,11.715796,19.531168,True,ok,train
Chunk_5,99c94dc769b5d96e|2018-07-06--12-32-39,28,Chunk_5/99c94dc769b5d96e|2018-07-06--12-32-39/28,Chunk_5/99c94dc769b5d96e|2018-07-06--12-32-39/28/video.hevc,37486126,True,True,True,1198,True,1198x3,True,1198x3,True,1198x4,1198,59858.02161,59917.970783,59.949173,19.966914,True,10.648025,16.552353,True,ok,train
Chunk_5,99c94dc769b5d96e|2018-07-06--12-32-39,29,Chunk_5/99c94dc769b5d96e|2018-07-06--12-32-39/29,Chunk_5/99c94dc769b5d96e|2018-07-06--12-32-39/29/video.hevc,37448830,True,True,True,1199,True,1199x3,True,1199x3,True,1199x4,1199,59918.020762,59977.919946,59.899184,20.000272,True,16.11401,17.598118,True,ok,train
Chunk_5,99c94dc769b5d96e|2018-07-06--18-18-36,5,Chunk_5/99c94dc769b5d96e|2018-07-06--18-18-36/5,Chunk_5/99c94dc769b5d96e|2018-07-06--18-18-36/5/video.hevc,37406014,True,True,True,1197,True,1197x3,True,1197x3,True,1197x4,1197,79234.891536,79294.840696,59.94916,19.950238,True,15.694966,22.338046,True,ok,train
Chunk_5,99c94dc769b5d96e|2018-07-06--18-18-36,6,Chunk_5/99c94dc769b5d96e|2018-07-06--18-18-36/6,Chunk_5/99c94dc769b5d96e|2018-07-06--18-18-36/6/video.hevc,37440734,True,True,True,1199,True,1199x3,True,1199x3,True,1199x4,1199,79294.890712,79354.839861,59.949149,19.983603,True,7.731041,16.536803,True,ok,train
Chunk_5,99c94dc769b5d96e|2018-07-06--18-18-36,7,Chunk_5/99c94dc769b5d96e|2018-07-06--18-18-36/7,Chunk_5/99c94dc769b5d96e|2018-07-06--18-18-36/7/video.hevc,37468542,True,True,True,1200,True,1200x3,True,1200x3,True,1200x4,1200,79354.889862,79414.839016,59.949154,20.000282,True,6.101745,25.273834,True,ok,train
Chunk_5,99c94dc769b5d96e|2018-07-06--18-18-36,8,Chunk_5/99c94dc769b5d96e|2018-07-06--18-18-36/8,Chunk_5/99c94dc769b5d96e|2018-07-06--18-18-36/8/video.hevc,37483278,True,True,True,1200,True,1200x3,True,1200x3,True,1200x4,1200,79414.889012,79474.838172,59.94916,20.00028,True,26.888362,30.744245,True,ok,train
Chunk_5,99c94dc769b5d96e|2018-07-06--18-18-36,9,Chunk_5/99c94dc769b5d96e|2018-07-06--18-18-36/9,Chunk_5/99c94dc769b5d96e|2018-07-06--18-18-36/9/video.hevc,37472030,True,True,True,1200,True,1200x3,True,1200x3,True,1200x4,1200,79474.888171,79534.837336,59.949165,20.000279,True,28.415911,30.332697,True,ok,train
Chunk_5,99c94dc769b5d96e|2018-07-06--18-18-36,10,Chunk_5/99c94dc769b5d96e|2018-07-06--18-18-36/10,Chunk_5/99c94dc769b5d96e|2018-07-06--18-18-36/10/video.hevc,37490430,True,True,True,1200,True,1200x3,True,1200x3,True,1200x4,1200,79534.887322,79594.836485,59.949163,20.000279,True,30.417127,30.909046,True,ok,train
Chunk_5,99c94dc769b5d96e|2018-07-06--18-18-36,11,Chunk_5/99c94dc769b5d96e|2018-07-06--18-18-36/11,Chunk_5/99c94dc769b5d96e|2018-07-06--18-18-36/11/video.hevc,37480942,True,True,True,1200,True,1200x3,True,1200x3,True,1200x4,1200,79594.886482,79654.83565,59.949168,20.000278,True,30.466055,30.839039,True,ok,train
Chunk_5,99c94dc769b5d96e|2018-07-06--18-18-36,12,Chunk_5/99c94dc769b5d96e|2018-07-06--18-18-36/12,Chunk_5/99c94dc769b5d96e|2018-07-06--18-18-36/12/video.hevc,37504126,True,True,True,1200,True,1200x3,True,1200x3,True,1200x4,1200,79654.885639,79714.834799,59.94916,20.00028,True,30.103712,30.964099,True,ok,train
Chunk_5,99c94dc769b5d96e|2018-07-06--18-18-36,13,Chunk_5/99c94dc769b5d96e|2018-07-06--18-18-36/13,Chunk_5/99c94dc769b5d96e|2018-07-06--18-18-36/13/video.hevc,37534542,True,True,True,1200,True,1200x3,True,1200x3,True,1200x4,1200,79714.884806,79774.833985,59.949179,20.000274,True,25.329314,29.251625,True,ok,train
Chunk_5,99c94dc769b5d96e|2018-07-06--18-18-36,14,Chunk_5/99c94dc769b5d96e|2018-07-06--18-18-36/14,Chunk_5/99c94dc769b5d96e|2018-07-06--18-18-36/14/video.hevc,37544334,True,True,True,1200,True,1200x3,True,1200x3,True,1200x4,1200,79774.883952,79834.883111,59.999159,19.983613,True,19.400464,24.911924,True,ok,train
Chunk_5,99c94dc769b5d96e|2018-07-06--18-18-36,15,Chunk_5/99c94dc769b5d96e|2018-07-06--18-18-36/15,Chunk_5/99c94dc769b5d96e|2018-07-06--18-18-36/15/video.hevc,37491198,True,True,True,1199,True,1199x3,True,1199x3,True,1199x4,1199,79834.933111,79894.882267,59.949156,19.983601,True,4.534838,18.994216,True,ok,train
Chunk_5,99c94dc769b5d96e|2018-07-06--18-18-36,16,Chunk_5/99c94dc769b5d96e|2018-07-06--18-18-36/16,Chunk_5/99c94dc769b5d96e|2018-07-06--18-18-36/16/video.hevc,37442958,True,True,True,1200,True,1200x3,True,1200x3,True,1200x4,1200,79894.932265,79954.881432,59.949167,20.000278,True,7.38408,20.712132,True,ok,train
Chunk_5,99c94dc769b5d96e|2018-07-06--18-18-36,17,Chunk_5/99c94dc769b5d96e|2018-07-06--18-18-36/17,Chunk_5/99c94dc769b5d96e|2018-07-06--18-18-36/17/video.hevc,37483966,True,True,True,1200,True,1200x3,True,1200x3,True,1200x4,1200,79954.931427,80014.880587,59.94916,20.00028,True,1.507693,2.846461,True,ok,train
Chunk_5,99c94dc769b5d96e|2018-07-06--18-18-36,18,Chunk_5/99c94dc769b5d96e|2018-07-06--18-18-36/18,Chunk_5/99c94dc769b5d96e|2018-07-06--18-18-36/18/video.hevc,37475134,True,True,True,1200,True,1200x3,True,1200x3,True,1200x4,1200,80014.930582,80074.879756,59.949174,20.000276,True,0.935155,2.899038,True,ok,train
Chunk_5,99c94dc769b5d96e|2018-07-06--18-18-36,19,Chunk_5/99c94dc769b5d96e|2018-07-06--18-18-36/19,Chunk_5/99c94dc769b5d96e|2018-07-06--18-18-36/19/video.hevc,37507470,True,True,True,1198,True,1198x3,True,1198x3,True,1198x4,1198,80074.929738,80134.878897,59.949159,19.966919,True,8.482363,21.925927,True,ok,train
Chunk_5,99c94dc769b5d96e|2018-07-06--18-18-36,20,Chunk_5/99c94dc769b5d96e|2018-07-06--18-18-36/20,Chunk_5/99c94dc769b5d96e|2018-07-06--18-18-36/20/video.hevc,37464990,True,True,True,1199,True,1199x3,True,1199x3,True,1199x4,1199,80134.928887,80194.878057,59.94917,19.983596,True,24.922437,28.461367,True,ok,train
Chunk_5,99c94dc769b5d96e|2018-07-06--18-18-36,21,Chunk_5/99c94dc769b5d96e|2018-07-06--18-18-36/21,Chunk_5/99c94dc769b5d96e|2018-07-06--18-18-36/21/video.hevc,37485054,True,True,True,1200,True,1200x3,True,1200x3,True,1200x4,1200,80194.928056,80254.877211,59.949155,20.000282,True,27.992119,30.859709,True,ok,train
Chunk_5,99c94dc769b5d96e|2018-07-06--18-18-36,22,Chunk_5/99c94dc769b5d96e|2018-07-06--18-18-36/22,Chunk_5/99c94dc769b5d96e|2018-07-06--18-18-36/22/video.hevc,37468478,True,True,True,1200,True,1200x3,True,1200x3,True,1200x4,1200,80254.927208,80314.876366,59.949158,20.000281,True,30.413734,30.924044,True,ok,train
Chunk_5,99c94dc769b5d96e|2018-07-06--18-18-36,23,Chunk_5/99c94dc769b5d96e|2018-07-06--18-18-36/23,Chunk_5/99c94dc769b5d96e|2018-07-06--18-18-36/23/video.hevc,37461326,True,True,True,1200,True,1200x3,True,1200x3,True,1200x4,1200,80314.926372,80374.87553,59.949158,20.000281,True,30.609655,30.927633,True,ok,train
Chunk_5,99c94dc769b5d96e|2018-07-06--18-18-36,24,Chunk_5/99c94dc769b5d96e|2018-07-06--18-18-36/24,Chunk_5/99c94dc769b5d96e|2018-07-06--18-18-36/24/video.hevc,37486174,True,True,True,1199,True,1199x3,True,1199x3,True,1199x4,1199,80374.92552,80434.874682,59.949162,19.983599,True,28.279813,30.684796,True,ok,train
Chunk_5,99c94dc769b5d96e|2018-07-06--18-18-36,25,Chunk_5/99c94dc769b5d96e|2018-07-06--18-18-36/25,Chunk_5/99c94dc769b5d96e|2018-07-06--18-18-36/25/video.hevc,37470398,True,True,True,1196,True,1196x3,True,1196x3,True,1196x4,1196,80434.924681,80494.82384,59.899159,19.950197,True,22.350711,25.984078,True,ok,train
Chunk_5,99c94dc769b5d96e|2018-07-06--18-18-36,26,Chunk_5/99c94dc769b5d96e|2018-07-06--18-18-36/26,Chunk_5/99c94dc769b5d96e|2018-07-06--18-18-36/26/video.hevc,37570766,True,True,True,1198,True,1198x3,True,1198x3,True,1198x4,1198,80494.87385,80554.873009,59.999159,19.95028,True,10.735629,19.257204,True,ok,train
Chunk_5,99c94dc769b5d96e|2018-07-06--18-18-36,27,Chunk_5/99c94dc769b5d96e|2018-07-06--18-18-36/27,Chunk_5/99c94dc769b5d96e|2018-07-06--18-18-36/27/video.hevc,37498158,True,True,True,1199,True,1199x3,True,1199x3,True,1199x4,1199,80554.923004,80614.87215,59.949146,19.983604,True,6.895577,19.676796,True,ok,train
Chunk_5,99c94dc769b5d96e|2018-07-06--18-18-36,28,Chunk_5/99c94dc769b5d96e|2018-07-06--18-18-36/28,Chunk_5/99c94dc769b5d96e|2018-07-06--18-18-36/28/video.hevc,37446782,True,True,True,1200,True,1200x3,True,1200x3,True,1200x4,1200,80614.922149,80674.871306,59.949157,20.000281,True,15.102511,18.8092,True,ok,train
Chunk_6,99c94dc769b5d96e|2018-07-09--11-25-27,5,Chunk_6/99c94dc769b5d96e|2018-07-09--11-25-27/5,Chunk_6/99c94dc769b5d96e|2018-07-09--11-25-27/5/video.hevc,37455630,True,True,True,1200,True,1200x3,True,1200x3,True,1200x4,1200,82451.846274,82511.795421,59.949147,20.000285,True,14.695835,20.231103,True,ok,train
Chunk_6,99c94dc769b5d96e|2018-07-09--11-25-27,6,Chunk_6/99c94dc769b5d96e|2018-07-09--11-25-27/6,Chunk_6/99c94dc769b5d96e|2018-07-09--11-25-27/6/video.hevc,37435534,True,True,True,1200,True,1200x3,True,1200x3,True,1200x4,1200,82511.845458,82571.794585,59.949127,20.000291,True,7.727455,16.04606,True,ok,train
Chunk_6,99c94dc769b5d96e|2018-07-09--11-25-27,7,Chunk_6/99c94dc769b5d96e|2018-07-09--11-25-27/7,Chunk_6/99c94dc769b5d96e|2018-07-09--11-25-27/7/video.hevc,37467054,True,True,True,1200,True,1200x3,True,1200x3,True,1200x4,1200,82571.844575,82631.793728,59.949153,20.000283,True,19.353857,24.297041,True,ok,train
Chunk_6,99c94dc769b5d96e|2018-07-09--11-25-27,8,Chunk_6/99c94dc769b5d96e|2018-07-09--11-25-27/8,Chunk_6/99c94dc769b5d96e|2018-07-09--11-25-27/8/video.hevc,37482798,True,True,True,1200,True,1200x3,True,1200x3,True,1200x4,1200,82631.843744,82691.792901,59.949157,20.000281,True,27.032025,28.5068,True,ok,train
Chunk_6,99c94dc769b5d96e|2018-07-09--11-25-27,9,Chunk_6/99c94dc769b5d96e|2018-07-09--11-25-27/9,Chunk_6/99c94dc769b5d96e|2018-07-09--11-25-27/9/video.hevc,37489518,True,True,True,1200,True,1200x3,True,1200x3,True,1200x4,1200,82691.84289,82751.792087,59.949197,20.000268,True,29.11478,30.832425,True,ok,train
Chunk_6,99c94dc769b5d96e|2018-07-09--11-25-27,10,Chunk_6/99c94dc769b5d96e|2018-07-09--11-25-27/10,Chunk_6/99c94dc769b5d96e|2018-07-09--11-25-27/10/video.hevc,37483870,True,True,True,1200,True,1200x3,True,1200x3,True,1200x4,1200,82751.842063,82811.791209,59.949146,20.000285,True,30.806484,32.75539,True,ok,train
Chunk_6,99c94dc769b5d96e|2018-07-09--11-25-27,11,Chunk_6/99c94dc769b5d96e|2018-07-09--11-25-27/11,Chunk_6/99c94dc769b5d96e|2018-07-09--11-25-27/11/video.hevc,37519038,True,True,True,1200,True,1200x3,True,1200x3,True,1200x4,1200,82811.841199,82871.790357,59.949158,20.000281,True,32.11747,33.167062,True,ok,train
Chunk_6,99c94dc769b5d96e|2018-07-09--11-25-27,12,Chunk_6/99c94dc769b5d96e|2018-07-09--11-25-27/12,Chunk_6/99c94dc769b5d96e|2018-07-09--11-25-27/12/video.hevc,37486958,True,True,True,1200,True,1200x3,True,1200x3,True,1200x4,1200,82871.840364,82931.789521,59.949157,20.000281,True,33.683261,35.091874,True,ok,train
Chunk_6,99c94dc769b5d96e|2018-07-09--11-25-27,13,Chunk_6/99c94dc769b5d96e|2018-07-09--11-25-27/13,Chunk_6/99c94dc769b5d96e|2018-07-09--11-25-27/13/video.hevc,37458350,True,True,True,1200,True,1200x3,True,1200x3,True,1200x4,1200,82931.839559,82991.788674,59.949115,20.000295,True,34.884239,36.619655,True,ok,train
Chunk_6,99c94dc769b5d96e|2018-07-09--11-25-27,14,Chunk_6/99c94dc769b5d96e|2018-07-09--11-25-27/14,Chunk_6/99c94dc769b5d96e|2018-07-09--11-25-27/14/video.hevc,37475534,True,True,True,1200,True,1200x3,True,1200x3,True,1200x4,1200,82991.838673,83051.787828,59.949155,20.000282,True,31.226531,37.247675,True,ok,train
Chunk_6,99c94dc769b5d96e|2018-07-09--11-25-27,15,Chunk_6/99c94dc769b5d96e|2018-07-09--11-25-27/15,Chunk_6/99c94dc769b5d96e|2018-07-09--11-25-27/15/video.hevc,37480734,True,True,True,1200,True,1200x3,True,1200x3,True,1200x4,1200,83051.83785,83111.787003,59.949153,20.000283,True,29.80715,31.873312,True,ok,train
Chunk_6,99c94dc769b5d96e|2018-07-09--11-25-27,16,Chunk_6/99c94dc769b5d96e|2018-07-09--11-25-27/16,Chunk_6/99c94dc769b5d96e|2018-07-09--11-25-27/16/video.hevc,37464222,True,True,True,1200,True,1200x3,True,1200x3,True,1200x4,1200,83111.836995,83171.786157,59.949162,20.00028,True,29.615935,32.524522,True,ok,train
Chunk_6,99c94dc769b5d96e|2018-07-09--11-25-27,24,Chunk_6/99c94dc769b5d96e|2018-07-09--11-25-27/24,Chunk_6/99c94dc769b5d96e|2018-07-09--11-25-27/24/video.hevc,37493390,True,True,True,1200,True,1200x3,True,1200x3,True,1200x4,1200,83591.830254,83651.779435,59.949181,20.000273,True,31.390945,32.643937,True,ok,train
Chunk_6,99c94dc769b5d96e|2018-07-09--11-25-27,25,Chunk_6/99c94dc769b5d96e|2018-07-09--11-25-27/25,Chunk_6/99c94dc769b5d96e|2018-07-09--11-25-27/25/video.hevc,37488990,True,True,True,1200,True,1200x3,True,1200x3,True,1200x4,1200,83651.829421,83711.778556,59.949135,20.000289,True,30.943714,31.979904,True,ok,train
Chunk_6,99c94dc769b5d96e|2018-07-09--11-25-27,26,Chunk_6/99c94dc769b5d96e|2018-07-09--11-25-27/26,Chunk_6/99c94dc769b5d96e|2018-07-09--11-25-27/26/video.hevc,37495726,True,True,True,1200,True,1200x3,True,1200x3,True,1200x4,1200,83711.828564,83771.777722,59.949158,20.000281,True,31.08405,32.792443,True,ok,train
Chunk_6,99c94dc769b5d96e|2018-07-09--11-25-27,27,Chunk_6/99c94dc769b5d96e|2018-07-09--11-25-27/27,Chunk_6/99c94dc769b5d96e|2018-07-09--11-25-27/27/video.hevc,37537694,True,True,True,1201,True,1201x3,True,1201x3,True,1201x4,1201,83771.827745,83831.82687,59.999125,20.000292,True,30.98528,32.615805,True,ok,train
Chunk_6,99c94dc769b5d96e|2018-07-09--11-25-27,28,Chunk_6/99c94dc769b5d96e|2018-07-09--11-25-27/28,Chunk_6/99c94dc769b5d96e|2018-07-09--11-25-27/28/video.hevc,37474734,True,True,True,1200,True,1200x3,True,1200x3,True,1200x4,1200,83831.876879,83891.826032,59.949153,20.000283,True,29.275509,29.891209,True,ok,train
Chunk_6,99c94dc769b5d96e|2018-07-09--11-25-27,29,Chunk_6/99c94dc769b5d96e|2018-07-09--11-25-27/29,Chunk_6/99c94dc769b5d96e|2018-07-09--11-25-27/29/video.hevc,37483566,True,True,True,1200,True,1200x3,True,1200x3,True,1200x4,1200,83891.876033,83951.825204,59.949171,20.000277,True,31.379227,32.987271,True,ok,train
Chunk_6,99c94dc769b5d96e|2018-07-09--11-25-27,30,Chunk_6/99c94dc769b5d96e|2018-07-09--11-25-27/30,Chunk_6/99c94dc769b5d96e|2018-07-09--11-25-27/30/video.hevc,37446270,True,True,True,1199,True,1199x3,True,1199x3,True,1199x4,1199,83951.875184,84011.774357,59.899173,20.000276,True,31.106368,32.748798,True,ok,train
Chunk_6,99c94dc769b5d96e|2018-07-09--11-25-27,31,Chunk_6/99c94dc769b5d96e|2018-07-09--11-25-27/31,Chunk_6/99c94dc769b5d96e|2018-07-09--11-25-27/31/video.hevc,37436206,True,True,True,1200,True,1200x3,True,1200x3,True,1200x4,1200,84011.82437,84071.773508,59.949138,20.000288,True,29.168212,32.714647,True,ok,train
Chunk_6,99c94dc769b5d96e|2018-07-09--11-25-27,32,Chunk_6/99c94dc769b5d96e|2018-07-09--11-25-27/32,Chunk_6/99c94dc769b5d96e|2018-07-09--11-25-27/32/video.hevc,37481470,True,True,True,1200,True,1200x3,True,1200x3,True,1200x4,1200,84071.823502,84131.772656,59.949154,20.000282,True,23.41918,25.254734,True,ok,train
Chunk_6,99c94dc769b5d96e|2018-07-09--11-25-27,33,Chunk_6/99c94dc769b5d96e|2018-07-09--11-25-27/33,Chunk_6/99c94dc769b5d96e|2018-07-09--11-25-27/33/video.hevc,37495214,True,True,True,1198,True,1198x3,True,1198x3,True,1198x4,1198,84131.822657,84191.821813,59.999156,19.950281,True,12.676677,20.071796,True,ok,train
Chunk_6,99c94dc769b5d96e|2018-07-09--11-25-27,34,Chunk_6/99c94dc769b5d96e|2018-07-09--11-25-27/34,Chunk_6/99c94dc769b5d96e|2018-07-09--11-25-27/34/video.hevc,37448094,True,True,True,1200,True,1200x3,True,1200x3,True,1200x4,1200,84191.871811,84251.820967,59.949156,20.000282,True,10.294369,17.55888,True,ok,train
Chunk_6,99c94dc769b5d96e|2018-07-09--11-25-27,35,Chunk_6/99c94dc769b5d96e|2018-07-09--11-25-27/35,Chunk_6/99c94dc769b5d96e|2018-07-09--11-25-27/35/video.hevc,37521854,True,True,True,1200,True,1200x3,True,1200x3,True,1200x4,1200,84251.870983,84311.820122,59.949139,20.000287,True,0.564851,8.788896,True,ok,train
Chunk_6,99c94dc769b5d96e|2018-07-09--11-25-27,36,Chunk_6/99c94dc769b5d96e|2018-07-09--11-25-27/36,Chunk_6/99c94dc769b5d96e|2018-07-09--11-25-27/36/video.hevc,37446798,True,True,True,1199,True,1199x3,True,1199x3,True,1199x4,1199,84311.870146,84371.769281,59.899135,20.000289,True,16.24741,17.755458,True,ok,train
Chunk_6,99c94dc769b5d96e|2018-07-09--14-08-31,12,Chunk_6/99c94dc769b5d96e|2018-07-09--14-08-31/12,Chunk_6/99c94dc769b5d96e|2018-07-09--14-08-31/12/video.hevc,37496494,True,True,True,1200,True,1200x3,True,1200x3,True,1200x4,1200,92656.040606,92715.989766,59.94916,20.00028,True,12.061402,21.103865,True,ok,train
Chunk_6,99c94dc769b5d96e|2018-07-09--14-08-31,13,Chunk_6/99c94dc769b5d96e|2018-07-09--14-08-31/13,Chunk_6/99c94dc769b5d96e|2018-07-09--14-08-31/13/video.hevc,37464638,True,True,True,1200,True,1200x3,True,1200x3,True,1200x4,1200,92716.03977,92775.988925,59.949155,20.000282,True,6.486403,15.342453,True,ok,train
Chunk_6,99c94dc769b5d96e|2018-07-09--14-08-31,14,Chunk_6/99c94dc769b5d96e|2018-07-09--14-08-31/14,Chunk_6/99c94dc769b5d96e|2018-07-09--14-08-31/14/video.hevc,37508142,True,True,True,1200,True,1200x3,True,1200x3,True,1200x4,1200,92776.038957,92835.988085,59.949128,20.000291,True,0.103387,0.559316,True,ok,train
Chunk_6,99c94dc769b5d96e|2018-07-09--14-08-31,15,Chunk_6/99c94dc769b5d96e|2018-07-09--14-08-31/15,Chunk_6/99c94dc769b5d96e|2018-07-09--14-08-31/15/video.hevc,37464878,True,True,True,1200,True,1200x3,True,1200x3,True,1200x4,1200,92836.038101,92895.987234,59.949133,20.000289,True,17.817698,23.976112,True,ok,train
Chunk_6,99c94dc769b5d96e|2018-07-09--14-08-31,16,Chunk_6/99c94dc769b5d96e|2018-07-09--14-08-31/16,Chunk_6/99c94dc769b5d96e|2018-07-09--14-08-31/16/video.hevc,37455006,True,True,True,1200,True,1200x3,True,1200x3,True,1200x4,1200,92896.037242,92955.986428,59.949186,20.000272,True,23.309499,23.814595,True,ok,train
Chunk_6,99c94dc769b5d96e|2018-07-09--14-08-31,17,Chunk_6/99c94dc769b5d96e|2018-07-09--14-08-31/17,Chunk_6/99c94dc769b5d96e|2018-07-09--14-08-31/17/video.hevc,37527998,True,True,True,1200,True,1200x3,True,1200x3,True,1200x4,1200,92956.036413,93015.985569,59.949156,20.000282,True,27.925029,30.259101,True,ok,train
Chunk_6,99c94dc769b5d96e|2018-07-09--14-08-31,18,Chunk_6/99c94dc769b5d96e|2018-07-09--14-08-31/18,Chunk_6/99c94dc769b5d96e|2018-07-09--14-08-31/18/video.hevc,37513374,True,True,True,1200,True,1200x3,True,1200x3,True,1200x4,1200,93016.035579,93075.984701,59.949122,20.000293,True,27.822814,29.799702,True,ok,train
Chunk_6,99c94dc769b5d96e|2018-07-09--14-08-31,19,Chunk_6/99c94dc769b5d96e|2018-07-09--14-08-31/19,Chunk_6/99c94dc769b5d96e|2018-07-09--14-08-31/19/video.hevc,37522670,True,True,True,1200,True,1200x3,True,1200x3,True,1200x4,1200,93076.034722,93135.983873,59.949151,20.000283,True,30.837517,32.421561,True,ok,train
Chunk_6,99c94dc769b5d96e|2018-07-09--14-08-31,20,Chunk_6/99c94dc769b5d96e|2018-07-09--14-08-31/20,Chunk_6/99c94dc769b5d96e|2018-07-09--14-08-31/20/video.hevc,37510894,True,True,True,1200,True,1200x3,True,1200x3,True,1200x4,1200,93136.033873,93195.983026,59.949153,20.000283,True,29.594108,31.623751,True,ok,train
Chunk_6,99c94dc769b5d96e|2018-07-09--14-08-31,21,Chunk_6/99c94dc769b5d96e|2018-07-09--14-08-31/21,Chunk_6/99c94dc769b5d96e|2018-07-09--14-08-31/21/video.hevc,37495422,True,True,True,1200,True,1200x3,True,1200x3,True,1200x4,1200,93196.033016,93255.982189,59.949173,20.000276,True,30.656643,32.786465,True,ok,train
Chunk_6,99c94dc769b5d96e|2018-07-09--14-08-31,22,Chunk_6/99c94dc769b5d96e|2018-07-09--14-08-31/22,Chunk_6/99c94dc769b5d96e|2018-07-09--14-08-31/22/video.hevc,37470686,True,True,True,1200,True,1200x3,True,1200x3,True,1200x4,1200,93256.032177,93315.981335,59.949158,20.000281,True,27.844587,32.840771,True,ok,train
Chunk_6,99c94dc769b5d96e|2018-07-09--14-08-31,23,Chunk_6/99c94dc769b5d96e|2018-07-09--14-08-31/23,Chunk_6/99c94dc769b5d96e|2018-07-09--14-08-31/23/video.hevc,37477694,True,True,True,1200,True,1200x3,True,1200x3,True,1200x4,1200,93316.031362,93375.980498,59.949136,20.000288,True,14.913225,29.393915,True,ok,train
Chunk_6,99c94dc769b5d96e|2018-07-09--14-08-31,24,Chunk_6/99c94dc769b5d96e|2018-07-09--14-08-31/24,Chunk_6/99c94dc769b5d96e|2018-07-09--14-08-31/24/video.hevc,37474494,True,True,True,1200,True,1200x3,True,1200x3,True,1200x4,1200,93376.030499,93435.979645,59.949146,20.000285,True,31.287335,32.495696,True,ok,train
Chunk_6,99c94dc769b5d96e|2018-07-09--14-08-31,25,Chunk_6/99c94dc769b5d96e|2018-07-09--14-08-31/25,Chunk_6/99c94dc769b5d96e|2018-07-09--14-08-31/25/video.hevc,37494718,True,True,True,1200,True,1200x3,True,1200x3,True,1200x4,1200,93436.029652,93495.978814,59.949162,20.00028,True,30.180405,31.471397,True,ok,train
Chunk_6,99c94dc769b5d96e|2018-07-09--14-08-31,26,Chunk_6/99c94dc769b5d96e|2018-07-09--14-08-31/26,Chunk_6/99c94dc769b5d96e|2018-07-09--14-08-31/26/video.hevc,37548814,True,True,True,1201,True,1201x3,True,1201x3,True,1201x4,1201,93496.028802,93556.027965,59.999163,20.000279,True,30.117447,31.480165,True,ok,train
Chunk_6,99c94dc769b5d96e|2018-07-09--14-08-31,27,Chunk_6/99c94dc769b5d96e|2018-07-09--14-08-31/27,Chunk_6/99c94dc769b5d96e|2018-07-09--14-08-31/27/video.hevc,37480350,True,True,True,1200,True,1200x3,True,1200x3,True,1200x4,1200,93556.077963,93616.027121,59.949158,20.000281,True,30.872249,31.618714,True,ok,train
Chunk_6,99c94dc769b5d96e|2018-07-09--14-08-31,28,Chunk_6/99c94dc769b5d96e|2018-07-09--14-08-31/28,Chunk_6/99c94dc769b5d96e|2018-07-09--14-08-31/28/video.hevc,37499166,True,True,True,1199,True,1199x3,True,1199x3,True,1199x4,1199,93616.077126,93676.026277,59.949151,19.983602,True,28.955612,30.386896,True,ok,train
Chunk_6,99c94dc769b5d96e|2018-07-09--14-08-31,29,Chunk_6/99c94dc769b5d96e|2018-07-09--14-08-31/29,Chunk_6/99c94dc769b5d96e|2018-07-09--14-08-31/29/video.hevc,37481742,True,True,True,1200,True,1200x3,True,1200x3,True,1200x4,1200,93676.076286,93736.025434,59.949148,20.000284,True,28.10281,30.521893,True,ok,train
Chunk_6,99c94dc769b5d96e|2018-07-09--14-08-31,30,Chunk_6/99c94dc769b5d96e|2018-07-09--14-08-31/30,Chunk_6/99c94dc769b5d96e|2018-07-09--14-08-31/30/video.hevc,37514414,True,True,True,1200,True,1200x3,True,1200x3,True,1200x4,1200,93736.075434,93796.024589,59.949155,20.000282,True,20.382062,28.700238,True,ok,train
Chunk_6,99c94dc769b5d96e|2018-07-09--14-08-31,31,Chunk_6/99c94dc769b5d96e|2018-07-09--14-08-31/31,Chunk_6/99c94dc769b5d96e|2018-07-09--14-08-31/31/video.hevc,37498878,True,True,True,1200,True,1200x3,True,1200x3,True,1200x4,1200,93796.07459,93856.023757,59.949167,20.000278,True,3.36816,12.602578,True,ok,train
Chunk_6,99c94dc769b5d96e|2018-07-09--14-08-31,32,Chunk_6/99c94dc769b5d96e|2018-07-09--14-08-31/32,Chunk_6/99c94dc769b5d96e|2018-07-09--14-08-31/32/video.hevc,37463630,True,True,True,1198,True,1198x3,True,1198x3,True,1198x4,1198,93856.073766,93916.022908,59.949142,19.966925,True,7.532447,17.5796,True,ok,train
Chunk_6,99c94dc769b5d96e|2018-07-09--14-08-31,33,Chunk_6/99c94dc769b5d96e|2018-07-09--14-08-31/33,Chunk_6/99c94dc769b5d96e|2018-07-09--14-08-31/33/video.hevc,37490622,True,True,True,1200,True,1200x3,True,1200x3,True,1200x4,1200,93916.072903,93976.022073,59.94917,20.000277,True,13.599564,16.9248,True,ok,train
Chunk_6,99c94dc769b5d96e|2018-07-10--10-01-44,5,Chunk_6/99c94dc769b5d96e|2018-07-10--10-01-44/5,Chunk_6/99c94dc769b5d96e|2018-07-10--10-01-44/5/video.hevc,37517502,True,True,True,1200,True,1200x3,True,1200x3,True,1200x4,1200,163828.841664,163888.790835,59.949171,20.000277,True,17.128786,22.02445,True,ok,validation
Chunk_6,99c94dc769b5d96e|2018-07-10--10-01-44,6,Chunk_6/99c94dc769b5d96e|2018-07-10--10-01-44/6,Chunk_6/99c94dc769b5d96e|2018-07-10--10-01-44/6/video.hevc,37492142,True,True,True,1200,True,1200x3,True,1200x3,True,1200x4,1200,163888.840816,163948.789976,59.94916,20.00028,True,8.965608,14.83116,True,ok,validation
Chunk_6,99c94dc769b5d96e|2018-07-10--10-01-44,7,Chunk_6/99c94dc769b5d96e|2018-07-10--10-01-44/7,Chunk_6/99c94dc769b5d96e|2018-07-10--10-01-44/7/video.hevc,37457662,True,True,True,1200,True,1200x3,True,1200x3,True,1200x4,1200,163948.839976,164008.789149,59.949173,20.000276,True,20.171436,25.670261,True,ok,validation
Chunk_6,99c94dc769b5d96e|2018-07-10--10-01-44,8,Chunk_6/99c94dc769b5d96e|2018-07-10--10-01-44/8,Chunk_6/99c94dc769b5d96e|2018-07-10--10-01-44/8/video.hevc,37423710,True,True,True,1199,True,1199x3,True,1199x3,True,1199x4,1199,164008.83914,164068.73829,59.89915,20.000284,True,27.069582,29.742653,True,ok,validation
Chunk_6,99c94dc769b5d96e|2018-07-10--10-01-44,9,Chunk_6/99c94dc769b5d96e|2018-07-10--10-01-44/9,Chunk_6/99c94dc769b5d96e|2018-07-10--10-01-44/9/video.hevc,37515886,True,True,True,1201,True,1201x3,True,1201x3,True,1201x4,1201,164068.78829,164128.787447,59.999157,20.000281,True,26.084189,28.673186,True,ok,validation
Chunk_6,99c94dc769b5d96e|2018-07-10--10-01-44,10,Chunk_6/99c94dc769b5d96e|2018-07-10--10-01-44/10,Chunk_6/99c94dc769b5d96e|2018-07-10--10-01-44/10/video.hevc,37471550,True,True,True,1200,True,1200x3,True,1200x3,True,1200x4,1200,164128.837442,164188.786596,59.949154,20.000282,True,25.686555,27.127567,True,ok,validation
Chunk_6,99c94dc769b5d96e|2018-07-10--10-01-44,11,Chunk_6/99c94dc769b5d96e|2018-07-10--10-01-44/11,Chunk_6/99c94dc769b5d96e|2018-07-10--10-01-44/11/video.hevc,37480030,True,True,True,1200,True,1200x3,True,1200x3,True,1200x4,1200,164188.836594,164248.78575,59.949156,20.000282,True,27.165472,28.868198,True,ok,validation
Chunk_6,99c94dc769b5d96e|2018-07-10--10-01-44,12,Chunk_6/99c94dc769b5d96e|2018-07-10--10-01-44/12,Chunk_6/99c94dc769b5d96e|2018-07-10--10-01-44/12/video.hevc,37495406,True,True,True,1200,True,1200x3,True,1200x3,True,1200x4,1200,164248.835772,164308.784918,59.949146,20.000285,True,28.402898,29.428096,True,ok,validation
Chunk_6,99c94dc769b5d96e|2018-07-10--10-01-44,13,Chunk_6/99c94dc769b5d96e|2018-07-10--10-01-44/13,Chunk_6/99c94dc769b5d96e|2018-07-10--10-01-44/13/video.hevc,37510750,True,True,True,1200,True,1200x3,True,1200x3,True,1200x4,1200,164308.834912,164368.784084,59.949172,20.000276,True,28.945671,29.315141,True,ok,validation
Chunk_6,99c94dc769b5d96e|2018-07-10--10-01-44,14,Chunk_6/99c94dc769b5d96e|2018-07-10--10-01-44/14,Chunk_6/99c94dc769b5d96e|2018-07-10--10-01-44/14/video.hevc,37483022,True,True,True,1200,True,1200x3,True,1200x3,True,1200x4,1200,164368.834075,164428.783236,59.949161,20.00028,True,28.748969,29.221072,True,ok,validation
Chunk_6,99c94dc769b5d96e|2018-07-10--10-01-44,15,Chunk_6/99c94dc769b5d96e|2018-07-10--10-01-44/15,Chunk_6/99c94dc769b5d96e|2018-07-10--10-01-44/15/video.hevc,37472014,True,True,True,1200,True,1200x3,True,1200x3,True,1200x4,1200,164428.833228,164488.782383,59.949155,20.000282,True,28.845315,28.962714,True,ok,validation
Chunk_6,99c94dc769b5d96e|2018-07-10--10-01-44,16,Chunk_6/99c94dc769b5d96e|2018-07-10--10-01-44/16,Chunk_6/99c94dc769b5d96e|2018-07-10--10-01-44/16/video.hevc,37510990,True,True,True,1200,True,1200x3,True,1200x3,True,1200x4,1200,164488.832402,164548.781594,59.949192,20.00027,True,27.66121,29.100042,True,ok,validation
Chunk_6,99c94dc769b5d96e|2018-07-10--10-01-44,17,Chunk_6/99c94dc769b5d96e|2018-07-10--10-01-44/17,Chunk_6/99c94dc769b5d96e|2018-07-10--10-01-44/17/video.hevc,37494030,True,True,True,1200,True,1200x3,True,1200x3,True,1200x4,1200,164548.831557,164608.780713,59.949156,20.000282,True,26.252174,29.270614,True,ok,validation
Chunk_6,99c94dc769b5d96e|2018-07-10--10-01-44,35,Chunk_6/99c94dc769b5d96e|2018-07-10--10-01-44/35,Chunk_6/99c94dc769b5d96e|2018-07-10--10-01-44/35/video.hevc,37473886,True,True,True,1200,True,1200x3,True,1200x3,True,1200x4,1200,165628.866366,165688.815518,59.949152,20.000283,True,32.716664,33.131805,True,ok,validation
Chunk_6,99c94dc769b5d96e|2018-07-10--10-01-44,36,Chunk_6/99c94dc769b5d96e|2018-07-10--10-01-44/36,Chunk_6/99c94dc769b5d96e|2018-07-10--10-01-44/36/video.hevc,37479342,True,True,True,1200,True,1200x3,True,1200x3,True,1200x4,1200,165688.86552,165748.814701,59.949181,20.000273,True,32.940057,33.195291,True,ok,validation
Chunk_6,99c94dc769b5d96e|2018-07-10--10-01-44,37,Chunk_6/99c94dc769b5d96e|2018-07-10--10-01-44/37,Chunk_6/99c94dc769b5d96e|2018-07-10--10-01-44/37/video.hevc,37518430,True,True,True,1200,True,1200x3,True,1200x3,True,1200x4,1200,165748.864684,165808.813835,59.949151,20.000283,True,30.894972,32.684904,True,ok,validation
Chunk_6,99c94dc769b5d96e|2018-07-10--10-01-44,38,Chunk_6/99c94dc769b5d96e|2018-07-10--10-01-44/38,Chunk_6/99c94dc769b5d96e|2018-07-10--10-01-44/38/video.hevc,37515230,True,True,True,1197,True,1197x3,True,1197x3,True,1197x4,1197,165808.863839,165868.81299,59.949151,19.950241,True,29.971407,32.243141,True,ok,validation
Chunk_6,99c94dc769b5d96e|2018-07-10--10-01-44,39,Chunk_6/99c94dc769b5d96e|2018-07-10--10-01-44/39,Chunk_6/99c94dc769b5d96e|2018-07-10--10-01-44/39/video.hevc,37481086,True,True,True,1197,True,1197x3,True,1197x3,True,1197x4,1197,165868.862994,165928.762149,59.899155,19.966893,True,30.349204,33.01564,True,ok,validation
Chunk_6,99c94dc769b5d96e|2018-07-10--10-01-44,40,Chunk_6/99c94dc769b5d96e|2018-07-10--10-01-44/40,Chunk_6/99c94dc769b5d96e|2018-07-10--10-01-44/40/video.hevc,37522622,True,True,True,1199,True,1199x3,True,1199x3,True,1199x4,1199,165928.812148,165988.8113,59.999152,19.966949,True,28.893442,30.469222,True,ok,validation
Chunk_6,99c94dc769b5d96e|2018-07-10--10-01-44,41,Chunk_6/99c94dc769b5d96e|2018-07-10--10-01-44/41,Chunk_6/99c94dc769b5d96e|2018-07-10--10-01-44/41/video.hevc,37501390,True,True,True,1197,True,1197x3,True,1197x3,True,1197x4,1197,165988.861303,166048.810502,59.949199,19.950225,True,28.515642,30.103898,True,ok,validation
Chunk_6,99c94dc769b5d96e|2018-07-10--10-01-44,42,Chunk_6/99c94dc769b5d96e|2018-07-10--10-01-44/42,Chunk_6/99c94dc769b5d96e|2018-07-10--10-01-44/42/video.hevc,37474430,True,True,True,1199,True,1199x3,True,1199x3,True,1199x4,1199,166048.860466,166108.759624,59.899158,20.000281,True,28.72797,31.365071,True,ok,validation
Chunk_6,99c94dc769b5d96e|2018-07-10--10-01-44,43,Chunk_6/99c94dc769b5d96e|2018-07-10--10-01-44/43,Chunk_6/99c94dc769b5d96e|2018-07-10--10-01-44/43/video.hevc,37599054,True,True,True,1201,True,1201x3,True,1201x3,True,1201x4,1201,166108.809615,166168.808774,59.999159,20.00028,True,22.945615,27.512425,True,ok,validation
Chunk_6,99c94dc769b5d96e|2018-07-10--10-01-44,44,Chunk_6/99c94dc769b5d96e|2018-07-10--10-01-44/44,Chunk_6/99c94dc769b5d96e|2018-07-10--10-01-44/44/video.hevc,37500350,True,True,True,1188,True,1188x3,True,1188x3,True,1188x4,1188,166168.858783,166228.757955,59.899172,19.816635,True,17.345189,20.927799,True,ok,validation
Chunk_6,99c94dc769b5d96e|2018-07-10--10-01-44,45,Chunk_6/99c94dc769b5d96e|2018-07-10--10-01-44/45,Chunk_6/99c94dc769b5d96e|2018-07-10--10-01-44/45/video.hevc,37474718,True,True,True,1200,True,1200x3,True,1200x3,True,1200x4,1200,166228.807935,166288.757094,59.949159,20.000281,True,3.063877,16.489442,True,ok,validation
Chunk_6,99c94dc769b5d96e|2018-07-10--10-01-44,46,Chunk_6/99c94dc769b5d96e|2018-07-10--10-01-44/46,Chunk_6/99c94dc769b5d96e|2018-07-10--10-01-44/46/video.hevc,37493678,True,True,True,1195,True,1195x3,True,1195x3,True,1195x4,1195,166288.807088,166348.756258,59.94917,19.916873,True,12.703868,19.769782,True,ok,validation
Chunk_6,99c94dc769b5d96e|2018-07-10--14-21-51,4,Chunk_6/99c94dc769b5d96e|2018-07-10--14-21-51/4,Chunk_6/99c94dc769b5d96e|2018-07-10--14-21-51/4/video.hevc,37478830,True,True,True,1183,True,1183x3,True,1183x3,True,1183x4,1183,179375.610119,179435.559281,59.949162,19.716706,True,5.237688,17.858093,True,ok,test
Chunk_6,99c94dc769b5d96e|2018-07-10--14-21-51,5,Chunk_6/99c94dc769b5d96e|2018-07-10--14-21-51/5,Chunk_6/99c94dc769b5d96e|2018-07-10--14-21-51/5/video.hevc,37498158,True,True,True,1198,True,1198x3,True,1198x3,True,1198x4,1198,179435.609275,179495.608459,59.999184,19.950271,True,5.775892,17.911103,True,ok,test
Chunk_6,99c94dc769b5d96e|2018-07-10--14-21-51,6,Chunk_6/99c94dc769b5d96e|2018-07-10--14-21-51/6,Chunk_6/99c94dc769b5d96e|2018-07-10--14-21-51/6/video.hevc,37412046,True,True,True,1198,True,1198x3,True,1198x3,True,1198x4,1198,179495.658431,179555.607613,59.949182,19.966911,True,7.769427,15.343945,True,ok,test
Chunk_6,99c94dc769b5d96e|2018-07-10--14-21-51,7,Chunk_6/99c94dc769b5d96e|2018-07-10--14-21-51/7,Chunk_6/99c94dc769b5d96e|2018-07-10--14-21-51/7/video.hevc,37527566,True,True,True,1200,True,1200x3,True,1200x3,True,1200x4,1200,179555.657593,179615.606747,59.949154,20.000282,True,0.136047,0.679194,True,ok,test
Chunk_6,99c94dc769b5d96e|2018-07-10--14-21-51,8,Chunk_6/99c94dc769b5d96e|2018-07-10--14-21-51/8,Chunk_6/99c94dc769b5d96e|2018-07-10--14-21-51/8/video.hevc,37538494,True,True,True,1200,True,1200x3,True,1200x3,True,1200x4,1200,179615.656742,179675.605911,59.949169,20.000277,True,13.454345,22.756592,True,ok,test
Chunk_6,99c94dc769b5d96e|2018-07-10--14-21-51,9,Chunk_6/99c94dc769b5d96e|2018-07-10--14-21-51/9,Chunk_6/99c94dc769b5d96e|2018-07-10--14-21-51/9/video.hevc,37489790,True,True,True,1200,True,1200x3,True,1200x3,True,1200x4,1200,179675.655909,179735.605071,59.949162,20.00028,True,26.91766,32.577171,True,ok,test
Chunk_6,99c94dc769b5d96e|2018-07-10--14-21-51,10,Chunk_6/99c94dc769b5d96e|2018-07-10--14-21-51/10,Chunk_6/99c94dc769b5d96e|2018-07-10--14-21-51/10/video.hevc,37509662,True,True,True,1200,True,1200x3,True,1200x3,True,1200x4,1200,179735.65507,179795.604219,59.949149,20.000284,True,28.496402,30.340947,True,ok,test
Chunk_6,99c94dc769b5d96e|2018-07-10--14-21-51,11,Chunk_6/99c94dc769b5d96e|2018-07-10--14-21-51/11,Chunk_6/99c94dc769b5d96e|2018-07-10--14-21-51/11/video.hevc,37508238,True,True,True,1200,True,1200x3,True,1200x3,True,1200x4,1200,179795.65422,179855.60338,59.94916,20.00028,True,29.435296,30.834847,True,ok,test
Chunk_6,99c94dc769b5d96e|2018-07-10--14-21-51,12,Chunk_6/99c94dc769b5d96e|2018-07-10--14-21-51/12,Chunk_6/99c94dc769b5d96e|2018-07-10--14-21-51/12/video.hevc,37489326,True,True,True,1200,True,1200x3,True,1200x3,True,1200x4,1200,179855.653381,179915.602532,59.949151,20.000283,True,27.109463,30.000975,True,ok,test
Chunk_6,99c94dc769b5d96e|2018-07-10--14-21-51,13,Chunk_6/99c94dc769b5d96e|2018-07-10--14-21-51/13,Chunk_6/99c94dc769b5d96e|2018-07-10--14-21-51/13/video.hevc,37471934,True,True,True,1200,True,1200x3,True,1200x3,True,1200x4,1200,179915.652533,179975.601699,59.949166,20.000278,True,29.86516,31.123324,True,ok,test
Chunk_6,99c94dc769b5d96e|2018-07-10--14-21-51,14,Chunk_6/99c94dc769b5d96e|2018-07-10--14-21-51/14,Chunk_6/99c94dc769b5d96e|2018-07-10--14-21-51/14/video.hevc,37563422,True,True,True,1201,True,1201x3,True,1201x3,True,1201x4,1201,179975.651692,180035.650847,59.999155,20.000282,True,26.670203,28.53392,True,ok,test
Chunk_6,99c94dc769b5d96e|2018-07-10--14-21-51,15,Chunk_6/99c94dc769b5d96e|2018-07-10--14-21-51/15,Chunk_6/99c94dc769b5d96e|2018-07-10--14-21-51/15/video.hevc,37519838,True,True,True,1200,True,1200x3,True,1200x3,True,1200x4,1200,180035.70085,180095.650007,59.949157,20.000281,True,29.667648,30.954006,True,ok,test
Chunk_6,99c94dc769b5d96e|2018-07-10--14-21-51,16,Chunk_6/99c94dc769b5d96e|2018-07-10--14-21-51/16,Chunk_6/99c94dc769b5d96e|2018-07-10--14-21-51/16/video.hevc,37490830,True,True,True,1200,True,1200x3,True,1200x3,True,1200x4,1200,180095.699999,180155.649171,59.949172,20.000276,True,30.182647,30.710217,True,ok,test
Chunk_6,99c94dc769b5d96e|2018-07-10--14-21-51,17,Chunk_6/99c94dc769b5d96e|2018-07-10--14-21-51/17,Chunk_6/99c94dc769b5d96e|2018-07-10--14-21-51/17/video.hevc,37427790,True,True,True,1199,True,1199x3,True,1199x3,True,1199x4,1199,180155.699162,180215.598317,59.899155,20.000282,True,30.531296,30.893803,True,ok,test
Chunk_6,99c94dc769b5d96e|2018-07-10--14-21-51,18,Chunk_6/99c94dc769b5d96e|2018-07-10--14-21-51/18,Chunk_6/99c94dc769b5d96e|2018-07-10--14-21-51/18/video.hevc,37532190,True,True,True,1201,True,1201x3,True,1201x3,True,1201x4,1201,180215.648331,180275.64749,59.999159,20.00028,True,30.480567,30.990675,True,ok,test
Chunk_6,99c94dc769b5d96e|2018-07-10--14-21-51,26,Chunk_6/99c94dc769b5d96e|2018-07-10--14-21-51/26,Chunk_6/99c94dc769b5d96e|2018-07-10--14-21-51/26/video.hevc,37464318,True,True,True,1200,True,1200x3,True,1200x3,True,1200x4,1200,180695.691575,180755.640733,59.949158,20.000281,True,30.631972,30.910224,True,ok,test
Chunk_6,99c94dc769b5d96e|2018-07-10--14-21-51,27,Chunk_6/99c94dc769b5d96e|2018-07-10--14-21-51/27,Chunk_6/99c94dc769b5d96e|2018-07-10--14-21-51/27/video.hevc,37490414,True,True,True,1200,True,1200x3,True,1200x3,True,1200x4,1200,180755.690729,180815.639892,59.949163,20.000279,True,30.610126,30.980319,True,ok,test
Chunk_6,99c94dc769b5d96e|2018-07-10--14-21-51,28,Chunk_6/99c94dc769b5d96e|2018-07-10--14-21-51/28,Chunk_6/99c94dc769b5d96e|2018-07-10--14-21-51/28/video.hevc,37494030,True,True,True,1200,True,1200x3,True,1200x3,True,1200x4,1200,180815.689897,180875.63904,59.949143,20.000286,True,30.840276,31.023313,True,ok,test
Chunk_6,99c94dc769b5d96e|2018-07-10--14-21-51,29,Chunk_6/99c94dc769b5d96e|2018-07-10--14-21-51/29,Chunk_6/99c94dc769b5d96e|2018-07-10--14-21-51/29/video.hevc,37477262,True,True,True,1200,True,1200x3,True,1200x3,True,1200x4,1200,180875.689044,180935.638202,59.949158,20.000281,True,29.262883,30.494903,True,ok,test
Chunk_6,99c94dc769b5d96e|2018-07-10--14-21-51,30,Chunk_6/99c94dc769b5d96e|2018-07-10--14-21-51/30,Chunk_6/99c94dc769b5d96e|2018-07-10--14-21-51/30/video.hevc,37474910,True,True,True,1200,True,1200x3,True,1200x3,True,1200x4,1200,180935.688227,180995.637355,59.949128,20.000291,True,28.664078,30.714269,True,ok,test
Chunk_6,99c94dc769b5d96e|2018-07-10--14-21-51,31,Chunk_6/99c94dc769b5d96e|2018-07-10--14-21-51/31,Chunk_6/99c94dc769b5d96e|2018-07-10--14-21-51/31/video.hevc,37476430,True,True,True,1200,True,1200x3,True,1200x3,True,1200x4,1200,180995.687354,181055.636521,59.949167,20.000278,True,28.178588,30.201324,True,ok,test
Chunk_6,99c94dc769b5d96e|2018-07-10--14-21-51,32,Chunk_6/99c94dc769b5d96e|2018-07-10--14-21-51/32,Chunk_6/99c94dc769b5d96e|2018-07-10--14-21-51/32/video.hevc,37461326,True,True,True,1199,True,1199x3,True,1199x3,True,1199x4,1199,181055.686525,181115.635676,59.949151,19.983602,True,29.582705,30.933089,True,ok,test
Chunk_6,99c94dc769b5d96e|2018-07-10--14-21-51,33,Chunk_6/99c94dc769b5d96e|2018-07-10--14-21-51/33,Chunk_6/99c94dc769b5d96e|2018-07-10--14-21-51/33/video.hevc,37469518,True,True,True,1199,True,1199x3,True,1199x3,True,1199x4,1199,181115.685689,181175.634827,59.949138,19.983607,True,29.681126,30.938726,True,ok,test
Chunk_6,99c94dc769b5d96e|2018-07-10--14-21-51,34,Chunk_6/99c94dc769b5d96e|2018-07-10--14-21-51/34,Chunk_6/99c94dc769b5d96e|2018-07-10--14-21-51/34/video.hevc,37453374,True,True,True,1198,True,1198x3,True,1198x3,True,1198x4,1198,181175.684828,181235.583994,59.899166,19.983584,True,27.598234,30.818304,True,ok,test
Chunk_6,99c94dc769b5d96e|2018-07-10--14-21-51,35,Chunk_6/99c94dc769b5d96e|2018-07-10--14-21-51/35,Chunk_6/99c94dc769b5d96e|2018-07-10--14-21-51/35/video.hevc,37469118,True,True,True,1199,True,1199x3,True,1199x3,True,1199x4,1199,181235.633992,181295.583149,59.949157,19.9836,True,22.031925,29.497936,True,ok,test
Chunk_6,99c94dc769b5d96e|2018-07-10--14-21-51,36,Chunk_6/99c94dc769b5d96e|2018-07-10--14-21-51/36,Chunk_6/99c94dc769b5d96e|2018-07-10--14-21-51/36/video.hevc,37496094,True,True,True,1185,True,1185x3,True,1185x3,True,1185x4,1185,181295.633145,181355.582298,59.949153,19.750071,True,6.201651,16.90028,True,ok,test
Chunk_6,99c94dc769b5d96e|2018-07-10--14-21-51,37,Chunk_6/99c94dc769b5d96e|2018-07-10--14-21-51/37,Chunk_6/99c94dc769b5d96e|2018-07-10--14-21-51/37/video.hevc,37523998,True,True,True,1198,True,1198x3,True,1198x3,True,1198x4,1198,181355.632304,181415.631451,59.999147,19.950284,True,4.093656,15.551598,True,ok,test
Chunk_6,99c94dc769b5d96e|2018-07-10--14-21-51,38,Chunk_6/99c94dc769b5d96e|2018-07-10--14-21-51/38,Chunk_6/99c94dc769b5d96e|2018-07-10--14-21-51/38/video.hevc,37480446,True,True,True,1191,True,1191x3,True,1191x3,True,1191x4,1191,181415.681449,181475.580619,59.89917,19.866719,True,17.200472,19.352646,True,ok,test
Chunk_6,99c94dc769b5d96e|2018-07-11--10-10-11,3,Chunk_6/99c94dc769b5d96e|2018-07-11--10-10-11/3,Chunk_6/99c94dc769b5d96e|2018-07-11--10-10-11/3/video.hevc,37534158,True,True,True,1196,True,1196x3,True,1196x3,True,1196x4,1196,250615.454316,250675.403453,59.949137,19.933565,True,11.470943,19.902007,True,ok,train
Chunk_6,99c94dc769b5d96e|2018-07-11--10-10-11,4,Chunk_6/99c94dc769b5d96e|2018-07-11--10-10-11/4,Chunk_6/99c94dc769b5d96e|2018-07-11--10-10-11/4/video.hevc,37475118,True,True,True,1200,True,1200x3,True,1200x3,True,1200x4,1200,250675.453473,250735.40261,59.949137,20.000288,True,13.043639,21.376681,True,ok,train
Chunk_6,99c94dc769b5d96e|2018-07-11--10-10-11,5,Chunk_6/99c94dc769b5d96e|2018-07-11--10-10-11/5,Chunk_6/99c94dc769b5d96e|2018-07-11--10-10-11/5/video.hevc,37445486,True,True,True,1199,True,1199x3,True,1199x3,True,1199x4,1199,250735.452613,250795.401779,59.949166,19.983597,True,1.363444,12.796724,True,ok,train
Chunk_6,99c94dc769b5d96e|2018-07-11--10-10-11,6,Chunk_6/99c94dc769b5d96e|2018-07-11--10-10-11/6,Chunk_6/99c94dc769b5d96e|2018-07-11--10-10-11/6/video.hevc,37490142,True,True,True,1199,True,1199x3,True,1199x3,True,1199x4,1199,250795.451766,250855.400924,59.949158,19.9836,True,9.846664,22.025286,True,ok,train
Chunk_6,99c94dc769b5d96e|2018-07-11--10-10-11,7,Chunk_6/99c94dc769b5d96e|2018-07-11--10-10-11/7,Chunk_6/99c94dc769b5d96e|2018-07-11--10-10-11/7/video.hevc,37463518,True,True,True,1200,True,1200x3,True,1200x3,True,1200x4,1200,250855.450925,250915.400097,59.949172,20.000276,True,23.527901,25.556912,True,ok,train
Chunk_6,99c94dc769b5d96e|2018-07-11--10-10-11,8,Chunk_6/99c94dc769b5d96e|2018-07-11--10-10-11/8,Chunk_6/99c94dc769b5d96e|2018-07-11--10-10-11/8/video.hevc,37466750,True,True,True,1199,True,1199x3,True,1199x3,True,1199x4,1199,250915.450093,250975.399238,59.949145,19.983604,True,27.425821,31.349408,True,ok,train
Chunk_6,99c94dc769b5d96e|2018-07-11--10-10-11,9,Chunk_6/99c94dc769b5d96e|2018-07-11--10-10-11/9,Chunk_6/99c94dc769b5d96e|2018-07-11--10-10-11/9/video.hevc,37480830,True,True,True,1199,True,1199x3,True,1199x3,True,1199x4,1199,250975.449239,251035.398398,59.949159,19.9836,True,26.570871,29.377681,True,ok,train
Chunk_6,99c94dc769b5d96e|2018-07-11--10-10-11,10,Chunk_6/99c94dc769b5d96e|2018-07-11--10-10-11/10,Chunk_6/99c94dc769b5d96e|2018-07-11--10-10-11/10/video.hevc,37488046,True,True,True,1199,True,1199x3,True,1199x3,True,1199x4,1199,251035.448401,251095.397548,59.949147,19.983604,True,28.066786,29.429336,True,ok,train
Chunk_6,99c94dc769b5d96e|2018-07-11--10-10-11,11,Chunk_6/99c94dc769b5d96e|2018-07-11--10-10-11/11,Chunk_6/99c94dc769b5d96e|2018-07-11--10-10-11/11/video.hevc,37474750,True,True,True,1200,True,1200x3,True,1200x3,True,1200x4,1200,251095.447585,251155.396714,59.949129,20.000291,True,27.449938,28.407516,True,ok,train
Chunk_6,99c94dc769b5d96e|2018-07-11--10-10-11,12,Chunk_6/99c94dc769b5d96e|2018-07-11--10-10-11/12,Chunk_6/99c94dc769b5d96e|2018-07-11--10-10-11/12/video.hevc,37485678,True,True,True,1200,True,1200x3,True,1200x3,True,1200x4,1200,251155.446708,251215.395882,59.949174,20.000276,True,27.175395,27.930001,True,ok,train
Chunk_6,99c94dc769b5d96e|2018-07-11--10-10-11,13,Chunk_6/99c94dc769b5d96e|2018-07-11--10-10-11/13,Chunk_6/99c94dc769b5d96e|2018-07-11--10-10-11/13/video.hevc,37557262,True,True,True,1201,True,1201x3,True,1201x3,True,1201x4,1201,251215.445886,251275.445042,59.999156,20.000281,True,27.057429,27.650352,True,ok,train
Chunk_6,99c94dc769b5d96e|2018-07-11--10-10-11,14,Chunk_6/99c94dc769b5d96e|2018-07-11--10-10-11/14,Chunk_6/99c94dc769b5d96e|2018-07-11--10-10-11/14/video.hevc,37452430,True,True,True,1199,True,1199x3,True,1199x3,True,1199x4,1199,251275.495032,251335.444183,59.949151,19.983602,True,26.800804,28.102332,True,ok,train
Chunk_6,99c94dc769b5d96e|2018-07-11--10-10-11,15,Chunk_6/99c94dc769b5d96e|2018-07-11--10-10-11/15,Chunk_6/99c94dc769b5d96e|2018-07-11--10-10-11/15/video.hevc,37455950,True,True,True,1199,True,1199x3,True,1199x3,True,1199x4,1199,251335.494179,251395.443342,59.949163,19.983598,True,27.424432,28.920023,True,ok,train
Chunk_6,99c94dc769b5d96e|2018-07-11--10-10-11,16,Chunk_6/99c94dc769b5d96e|2018-07-11--10-10-11/16,Chunk_6/99c94dc769b5d96e|2018-07-11--10-10-11/16/video.hevc,37480222,True,True,True,1200,True,1200x3,True,1200x3,True,1200x4,1200,251395.493353,251455.442491,59.949138,20.000288,True,27.257162,29.619038,True,ok,train
Chunk_6,99c94dc769b5d96e|2018-07-11--10-10-11,17,Chunk_6/99c94dc769b5d96e|2018-07-11--10-10-11/17,Chunk_6/99c94dc769b5d96e|2018-07-11--10-10-11/17/video.hevc,37451534,True,True,True,1200,True,1200x3,True,1200x3,True,1200x4,1200,251455.492509,251515.441654,59.949145,20.000285,True,15.404214,31.063149,True,ok,train
Chunk_6,99c94dc769b5d96e|2018-07-11--10-10-11,19,Chunk_6/99c94dc769b5d96e|2018-07-11--10-10-11/19,Chunk_6/99c94dc769b5d96e|2018-07-11--10-10-11/19/video.hevc,37434814,True,True,True,1198,True,1198x3,True,1198x3,True,1198x4,1198,251575.490819,251635.389961,59.899142,19.983592,True,19.253923,29.85471,True,ok,train
Chunk_6,99c94dc769b5d96e|2018-07-11--10-10-11,20,Chunk_6/99c94dc769b5d96e|2018-07-11--10-10-11/20,Chunk_6/99c94dc769b5d96e|2018-07-11--10-10-11/20/video.hevc,37551886,True,True,True,1199,True,1199x3,True,1199x3,True,1199x4,1199,251635.439961,251695.43913,59.999169,19.966943,True,31.330712,32.317589,True,ok,train
Chunk_6,99c94dc769b5d96e|2018-07-11--10-10-11,21,Chunk_6/99c94dc769b5d96e|2018-07-11--10-10-11/21,Chunk_6/99c94dc769b5d96e|2018-07-11--10-10-11/21/video.hevc,37475294,True,True,True,1198,True,1198x3,True,1198x3,True,1198x4,1198,251695.489121,251755.388293,59.899172,19.983582,True,30.892574,32.236206,True,ok,train
Chunk_6,99c94dc769b5d96e|2018-07-11--10-10-11,22,Chunk_6/99c94dc769b5d96e|2018-07-11--10-10-11/22,Chunk_6/99c94dc769b5d96e|2018-07-11--10-10-11/22/video.hevc,37570702,True,True,True,1201,True,1201x3,True,1201x3,True,1201x4,1201,251755.438286,251815.43745,59.999164,20.000279,True,29.494691,31.456869,True,ok,train
Chunk_6,99c94dc769b5d96e|2018-07-11--10-10-11,23,Chunk_6/99c94dc769b5d96e|2018-07-11--10-10-11/23,Chunk_6/99c94dc769b5d96e|2018-07-11--10-10-11/23/video.hevc,37460286,True,True,True,1196,True,1196x3,True,1196x3,True,1196x4,1196,251815.487449,251875.386592,59.899143,19.950202,True,29.030867,30.793355,True,ok,train
Chunk_6,99c94dc769b5d96e|2018-07-11--10-10-11,24,Chunk_6/99c94dc769b5d96e|2018-07-11--10-10-11/24,Chunk_6/99c94dc769b5d96e|2018-07-11--10-10-11/24/video.hevc,37510478,True,True,True,1196,True,1196x3,True,1196x3,True,1196x4,1196,251875.436606,251935.435748,59.999142,19.916951,True,25.938964,29.798795,True,ok,train
Chunk_6,99c94dc769b5d96e|2018-07-11--10-10-11,25,Chunk_6/99c94dc769b5d96e|2018-07-11--10-10-11/25,Chunk_6/99c94dc769b5d96e|2018-07-11--10-10-11/25/video.hevc,37481678,True,True,True,1198,True,1198x3,True,1198x3,True,1198x4,1198,251935.485769,251995.434904,59.949135,19.966927,True,29.644807,32.39444,True,ok,train
Chunk_6,99c94dc769b5d96e|2018-07-11--10-10-11,26,Chunk_6/99c94dc769b5d96e|2018-07-11--10-10-11/26,Chunk_6/99c94dc769b5d96e|2018-07-11--10-10-11/26/video.hevc,37478030,True,True,True,1199,True,1199x3,True,1199x3,True,1199x4,1199,251995.484936,252055.434066,59.94913,19.983609,True,30.331018,32.37924,True,ok,train
Chunk_6,99c94dc769b5d96e|2018-07-11--10-10-11,27,Chunk_6/99c94dc769b5d96e|2018-07-11--10-10-11/27,Chunk_6/99c94dc769b5d96e|2018-07-11--10-10-11/27/video.hevc,37504302,True,True,True,1199,True,1199x3,True,1199x3,True,1199x4,1199,252055.484066,252115.433228,59.949162,19.983599,True,28.639683,30.793158,True,ok,train
Chunk_6,99c94dc769b5d96e|2018-07-11--10-10-11,28,Chunk_6/99c94dc769b5d96e|2018-07-11--10-10-11/28,Chunk_6/99c94dc769b5d96e|2018-07-11--10-10-11/28/video.hevc,37475582,True,True,True,1200,True,1200x3,True,1200x3,True,1200x4,1200,252115.483236,252175.432379,59.949143,20.000286,True,25.44347,30.931159,True,ok,train
Chunk_6,99c94dc769b5d96e|2018-07-11--10-10-11,29,Chunk_6/99c94dc769b5d96e|2018-07-11--10-10-11/29,Chunk_6/99c94dc769b5d96e|2018-07-11--10-10-11/29/video.hevc,37542222,True,True,True,1196,True,1196x3,True,1196x3,True,1196x4,1196,252175.482385,252235.431539,59.949154,19.933559,True,9.224594,18.489105,True,ok,train
Chunk_6,99c94dc769b5d96e|2018-07-11--10-10-11,30,Chunk_6/99c94dc769b5d96e|2018-07-11--10-10-11/30,Chunk_6/99c94dc769b5d96e|2018-07-11--10-10-11/30/video.hevc,37466206,True,True,True,1197,True,1197x3,True,1197x3,True,1197x4,1197,252235.481537,252295.430689,59.949152,19.95024,True,7.171633,19.837579,True,ok,train
Chunk_6,99c94dc769b5d96e|2018-07-11--10-10-11,31,Chunk_6/99c94dc769b5d96e|2018-07-11--10-10-11/31,Chunk_6/99c94dc769b5d96e|2018-07-11--10-10-11/31/video.hevc,37527902,True,True,True,1198,True,1198x3,True,1198x3,True,1198x4,1198,252295.480697,252355.429842,59.949145,19.966924,True,11.846717,19.988353,True,ok,train
Chunk_6,99c94dc769b5d96e|2018-07-11--15-13-12,6,Chunk_6/99c94dc769b5d96e|2018-07-11--15-13-12/6,Chunk_6/99c94dc769b5d96e|2018-07-11--15-13-12/6/video.hevc,37468878,True,True,True,1200,True,1200x3,True,1200x3,True,1200x4,1200,268976.606466,269036.555622,59.949156,20.000282,True,4.400938,21.127138,True,ok,train
Chunk_6,99c94dc769b5d96e|2018-07-11--15-13-12,7,Chunk_6/99c94dc769b5d96e|2018-07-11--15-13-12/7,Chunk_6/99c94dc769b5d96e|2018-07-11--15-13-12/7/video.hevc,37466014,True,True,True,1200,True,1200x3,True,1200x3,True,1200x4,1200,269036.605623,269096.554787,59.949164,20.000279,True,5.631884,20.286984,True,ok,train
Chunk_6,99c94dc769b5d96e|2018-07-11--15-13-12,8,Chunk_6/99c94dc769b5d96e|2018-07-11--15-13-12/8,Chunk_6/99c94dc769b5d96e|2018-07-11--15-13-12/8/video.hevc,37457054,True,True,True,1198,True,1198x3,True,1198x3,True,1198x4,1198,269096.60478,269156.553951,59.949171,19.966915,True,7.039956,19.898184,True,ok,train
Chunk_6,99c94dc769b5d96e|2018-07-11--15-13-12,9,Chunk_6/99c94dc769b5d96e|2018-07-11--15-13-12/9,Chunk_6/99c94dc769b5d96e|2018-07-11--15-13-12/9/video.hevc,37441982,True,True,True,1200,True,1200x3,True,1200x3,True,1200x4,1200,269156.603934,269216.553094,59.94916,20.00028,True,15.475765,21.458461,True,ok,train
Chunk_6,99c94dc769b5d96e|2018-07-11--15-13-12,10,Chunk_6/99c94dc769b5d96e|2018-07-11--15-13-12/10,Chunk_6/99c94dc769b5d96e|2018-07-11--15-13-12/10/video.hevc,37487006,True,True,True,1200,True,1200x3,True,1200x3,True,1200x4,1200,269216.603097,269276.552267,59.94917,20.000277,True,27.264581,31.547004,True,ok,train
Chunk_6,99c94dc769b5d96e|2018-07-11--15-13-12,11,Chunk_6/99c94dc769b5d96e|2018-07-11--15-13-12/11,Chunk_6/99c94dc769b5d96e|2018-07-11--15-13-12/11/video.hevc,37495406,True,True,True,1200,True,1200x3,True,1200x3,True,1200x4,1200,269276.602252,269336.55141,59.949158,20.000281,True,32.210416,32.884166,True,ok,train
Chunk_6,99c94dc769b5d96e|2018-07-11--15-13-12,12,Chunk_6/99c94dc769b5d96e|2018-07-11--15-13-12/12,Chunk_6/99c94dc769b5d96e|2018-07-11--15-13-12/12/video.hevc,37477838,True,True,True,1200,True,1200x3,True,1200x3,True,1200x4,1200,269336.601406,269396.550566,59.94916,20.00028,True,30.414295,33.080004,True,ok,train
Chunk_6,99c94dc769b5d96e|2018-07-11--15-13-12,13,Chunk_6/99c94dc769b5d96e|2018-07-11--15-13-12/13,Chunk_6/99c94dc769b5d96e|2018-07-11--15-13-12/13/video.hevc,37478206,True,True,True,1200,True,1200x3,True,1200x3,True,1200x4,1200,269396.600576,269456.549725,59.949149,20.000284,True,32.478276,34.689084,True,ok,train
Chunk_6,99c94dc769b5d96e|2018-07-11--15-13-12,14,Chunk_6/99c94dc769b5d96e|2018-07-11--15-13-12/14,Chunk_6/99c94dc769b5d96e|2018-07-11--15-13-12/14/video.hevc,37484622,True,True,True,1200,True,1200x3,True,1200x3,True,1200x4,1200,269456.599719,269516.548878,59.949159,20.000281,True,16.548058,29.349755,True,ok,train
Chunk_6,99c94dc769b5d96e|2018-07-11--15-13-12,15,Chunk_6/99c94dc769b5d96e|2018-07-11--15-13-12/15,Chunk_6/99c94dc769b5d96e|2018-07-11--15-13-12/15/video.hevc,37482062,True,True,True,1200,True,1200x3,True,1200x3,True,1200x4,1200,269516.598874,269576.54805,59.949176,20.000275,True,13.320563,26.214262,True,ok,train
Chunk_6,99c94dc769b5d96e|2018-07-11--15-13-12,16,Chunk_6/99c94dc769b5d96e|2018-07-11--15-13-12/16,Chunk_6/99c94dc769b5d96e|2018-07-11--15-13-12/16/video.hevc,37469950,True,True,True,1200,True,1200x3,True,1200x3,True,1200x4,1200,269576.59804,269636.547188,59.949148,20.000284,True,30.387777,32.831885,True,ok,train
Chunk_6,99c94dc769b5d96e|2018-07-11--15-13-12,17,Chunk_6/99c94dc769b5d96e|2018-07-11--15-13-12/17,Chunk_6/99c94dc769b5d96e|2018-07-11--15-13-12/17/video.hevc,37483070,True,True,True,1200,True,1200x3,True,1200x3,True,1200x4,1200,269636.597186,269696.546356,59.94917,20.000277,True,28.966319,30.593691,True,ok,train
Chunk_6,99c94dc769b5d96e|2018-07-11--15-13-12,18,Chunk_6/99c94dc769b5d96e|2018-07-11--15-13-12/18,Chunk_6/99c94dc769b5d96e|2018-07-11--15-13-12/18/video.hevc,37509406,True,True,True,1200,True,1200x3,True,1200x3,True,1200x4,1200,269696.596349,269756.545511,59.949162,20.00028,True,27.601685,31.343106,True,ok,train
Chunk_6,99c94dc769b5d96e|2018-07-11--15-13-12,19,Chunk_6/99c94dc769b5d96e|2018-07-11--15-13-12/19,Chunk_6/99c94dc769b5d96e|2018-07-11--15-13-12/19/video.hevc,37488062,True,True,True,1200,True,1200x3,True,1200x3,True,1200x4,1200,269756.595518,269816.544662,59.949144,20.000286,True,22.975462,29.447989,True,ok,train
Chunk_6,99c94dc769b5d96e|2018-07-11--15-13-12,20,Chunk_6/99c94dc769b5d96e|2018-07-11--15-13-12/20,Chunk_6/99c94dc769b5d96e|2018-07-11--15-13-12/20/video.hevc,37472190,True,True,True,1200,True,1200x3,True,1200x3,True,1200x4,1200,269816.594668,269876.543816,59.949148,20.000284,True,7.927242,18.950726,True,ok,train
Chunk_6,99c94dc769b5d96e|2018-07-11--15-13-12,21,Chunk_6/99c94dc769b5d96e|2018-07-11--15-13-12/21,Chunk_6/99c94dc769b5d96e|2018-07-11--15-13-12/21/video.hevc,37504702,True,True,True,1200,True,1200x3,True,1200x3,True,1200x4,1200,269876.59382,269936.543,59.94918,20.000274,True,3.63458,10.757898,True,ok,train
Chunk_6,99c94dc769b5d96e|2018-07-11--15-13-12,22,Chunk_6/99c94dc769b5d96e|2018-07-11--15-13-12/22,Chunk_6/99c94dc769b5d96e|2018-07-11--15-13-12/22/video.hevc,37470766,True,True,True,1200,True,1200x3,True,1200x3,True,1200x4,1200,269936.592986,269996.542154,59.949168,20.000278,True,0.683446,7.229599,True,ok,train
Chunk_6,99c94dc769b5d96e|2018-07-11--15-13-12,23,Chunk_6/99c94dc769b5d96e|2018-07-11--15-13-12/23,Chunk_6/99c94dc769b5d96e|2018-07-11--15-13-12/23/video.hevc,37457822,True,True,True,1200,True,1200x3,True,1200x3,True,1200x4,1200,269996.592135,270056.541306,59.949171,20.000277,True,10.229839,20.183902,True,ok,train
Chunk_6,99c94dc769b5d96e|2018-07-11--15-13-12,24,Chunk_6/99c94dc769b5d96e|2018-07-11--15-13-12/24,Chunk_6/99c94dc769b5d96e|2018-07-11--15-13-12/24/video.hevc,37478718,True,True,True,1200,True,1200x3,True,1200x3,True,1200x4,1200,270056.591322,270116.540451,59.949129,20.000291,True,1.510979,12.900186,True,ok,train
Chunk_6,99c94dc769b5d96e|2018-07-11--15-13-12,25,Chunk_6/99c94dc769b5d96e|2018-07-11--15-13-12/25,Chunk_6/99c94dc769b5d96e|2018-07-11--15-13-12/25/video.hevc,37475614,True,True,True,1200,True,1200x3,True,1200x3,True,1200x4,1200,270116.590474,270176.539604,59.94913,20.00029,True,16.046791,19.772544,True,ok,train
Chunk_6,99c94dc769b5d96e|2018-07-11--18-22-01,7,Chunk_6/99c94dc769b5d96e|2018-07-11--18-22-01/7,Chunk_6/99c94dc769b5d96e|2018-07-11--18-22-01/7/video.hevc,37484462,True,True,True,1199,True,1199x3,True,1199x3,True,1199x4,1199,280365.616136,280425.5153,59.899164,20.000279,True,12.170549,19.575186,True,ok,train
Chunk_6,99c94dc769b5d96e|2018-07-11--18-22-01,8,Chunk_6/99c94dc769b5d96e|2018-07-11--18-22-01/8,Chunk_6/99c94dc769b5d96e|2018-07-11--18-22-01/8/video.hevc,37457982,True,True,True,1200,True,1200x3,True,1200x3,True,1200x4,1200,280425.565314,280485.514458,59.949144,20.000286,True,10.835947,17.485847,True,ok,train
Chunk_6,99c94dc769b5d96e|2018-07-11--18-22-01,9,Chunk_6/99c94dc769b5d96e|2018-07-11--18-22-01/9,Chunk_6/99c94dc769b5d96e|2018-07-11--18-22-01/9/video.hevc,37489390,True,True,True,1200,True,1200x3,True,1200x3,True,1200x4,1200,280485.564462,280545.513608,59.949146,20.000285,True,22.658331,27.348558,True,ok,train
Chunk_6,99c94dc769b5d96e|2018-07-11--18-22-01,10,Chunk_6/99c94dc769b5d96e|2018-07-11--18-22-01/10,Chunk_6/99c94dc769b5d96e|2018-07-11--18-22-01/10/video.hevc,37494670,True,True,True,1200,True,1200x3,True,1200x3,True,1200x4,1200,280545.563614,280605.512783,59.949169,20.000277,True,27.094789,28.708932,True,ok,train
Chunk_6,99c94dc769b5d96e|2018-07-11--18-22-01,11,Chunk_6/99c94dc769b5d96e|2018-07-11--18-22-01/11,Chunk_6/99c94dc769b5d96e|2018-07-11--18-22-01/11/video.hevc,37489166,True,True,True,1200,True,1200x3,True,1200x3,True,1200x4,1200,280605.562766,280665.511931,59.949165,20.000279,True,26.886937,27.981428,True,ok,train
Chunk_6,99c94dc769b5d96e|2018-07-11--18-22-01,12,Chunk_6/99c94dc769b5d96e|2018-07-11--18-22-01/12,Chunk_6/99c94dc769b5d96e|2018-07-11--18-22-01/12/video.hevc,37510446,True,True,True,1199,True,1199x3,True,1199x3,True,1199x4,1199,280665.561924,280725.511103,59.949179,19.983593,True,29.762316,30.537802,True,ok,train
Chunk_6,99c94dc769b5d96e|2018-07-11--18-22-01,13,Chunk_6/99c94dc769b5d96e|2018-07-11--18-22-01/13,Chunk_6/99c94dc769b5d96e|2018-07-11--18-22-01/13/video.hevc,37525838,True,True,True,1200,True,1200x3,True,1200x3,True,1200x4,1200,280725.561083,280785.56024,59.999157,19.983614,True,30.415636,30.664444,True,ok,train
Chunk_6,99c94dc769b5d96e|2018-07-11--18-22-01,14,Chunk_6/99c94dc769b5d96e|2018-07-11--18-22-01/14,Chunk_6/99c94dc769b5d96e|2018-07-11--18-22-01/14/video.hevc,37493838,True,True,True,1200,True,1200x3,True,1200x3,True,1200x4,1200,280785.610233,280845.559394,59.949161,20.00028,True,28.803506,30.747749,True,ok,train
Chunk_6,99c94dc769b5d96e|2018-07-11--18-22-01,15,Chunk_6/99c94dc769b5d96e|2018-07-11--18-22-01/15,Chunk_6/99c94dc769b5d96e|2018-07-11--18-22-01/15/video.hevc,37490094,True,True,True,1200,True,1200x3,True,1200x3,True,1200x4,1200,280845.60939,280905.558549,59.949159,20.000281,True,23.500639,25.832581,True,ok,train
Chunk_6,99c94dc769b5d96e|2018-07-11--18-22-01,16,Chunk_6/99c94dc769b5d96e|2018-07-11--18-22-01/16,Chunk_6/99c94dc769b5d96e|2018-07-11--18-22-01/16/video.hevc,37534750,True,True,True,1200,True,1200x3,True,1200x3,True,1200x4,1200,280905.608544,280965.557716,59.949172,20.000276,True,7.659819,17.936039,True,ok,train
Chunk_6,99c94dc769b5d96e|2018-07-11--18-22-01,17,Chunk_6/99c94dc769b5d96e|2018-07-11--18-22-01/17,Chunk_6/99c94dc769b5d96e|2018-07-11--18-22-01/17/video.hevc,37401918,True,True,True,1200,True,1200x3,True,1200x3,True,1200x4,1200,280965.607711,281025.556871,59.94916,20.00028,True,9.895656,22.705457,True,ok,train
Chunk_6,99c94dc769b5d96e|2018-07-11--18-22-01,18,Chunk_6/99c94dc769b5d96e|2018-07-11--18-22-01/18,Chunk_6/99c94dc769b5d96e|2018-07-11--18-22-01/18/video.hevc,37445038,True,True,True,1200,True,1200x3,True,1200x3,True,1200x4,1200,281025.606885,281085.556022,59.949137,20.000288,True,8.63341,21.901393,True,ok,train
Chunk_6,99c94dc769b5d96e|2018-07-11--18-22-01,19,Chunk_6/99c94dc769b5d96e|2018-07-11--18-22-01/19,Chunk_6/99c94dc769b5d96e|2018-07-11--18-22-01/19/video.hevc,37496814,True,True,True,1200,True,1200x3,True,1200x3,True,1200x4,1200,281085.606023,281145.555185,59.949162,20.00028,True,14.315511,20.454568,True,ok,train
Chunk_6,99c94dc769b5d96e|2018-07-11--18-22-01,20,Chunk_6/99c94dc769b5d96e|2018-07-11--18-22-01/20,Chunk_6/99c94dc769b5d96e|2018-07-11--18-22-01/20/video.hevc,37451758,True,True,True,1200,True,1200x3,True,1200x3,True,1200x4,1200,281145.605171,281205.554368,59.949197,20.000268,True,21.234512,24.218098,True,ok,train
Chunk_6,99c94dc769b5d96e|2018-07-11--18-22-01,21,Chunk_6/99c94dc769b5d96e|2018-07-11--18-22-01/21,Chunk_6/99c94dc769b5d96e|2018-07-11--18-22-01/21/video.hevc,37490670,True,True,True,1200,True,1200x3,True,1200x3,True,1200x4,1200,281205.604331,281265.553509,59.949178,20.000274,True,20.208209,24.633408,True,ok,train
Chunk_6,99c94dc769b5d96e|2018-07-11--18-22-01,22,Chunk_6/99c94dc769b5d96e|2018-07-11--18-22-01/22,Chunk_6/99c94dc769b5d96e|2018-07-11--18-22-01/22/video.hevc,37468382,True,True,True,1198,True,1198x3,True,1198x3,True,1198x4,1198,281265.603489,281325.552648,59.949159,19.966919,True,28.536551,30.070811,True,ok,train
Chunk_6,99c94dc769b5d96e|2018-07-11--18-22-01,23,Chunk_6/99c94dc769b5d96e|2018-07-11--18-22-01/23,Chunk_6/99c94dc769b5d96e|2018-07-11--18-22-01/23/video.hevc,37499774,True,True,True,1200,True,1200x3,True,1200x3,True,1200x4,1200,281325.602647,281385.551833,59.949186,20.000272,True,28.598591,30.665966,True,ok,train
Chunk_6,99c94dc769b5d96e|2018-07-11--18-22-01,24,Chunk_6/99c94dc769b5d96e|2018-07-11--18-22-01/24,Chunk_6/99c94dc769b5d96e|2018-07-11--18-22-01/24/video.hevc,37494190,True,True,True,1200,True,1200x3,True,1200x3,True,1200x4,1200,281385.601805,281445.550971,59.949166,20.000278,True,29.526688,30.762122,True,ok,train
Chunk_6,99c94dc769b5d96e|2018-07-11--18-22-01,25,Chunk_6/99c94dc769b5d96e|2018-07-11--18-22-01/25,Chunk_6/99c94dc769b5d96e|2018-07-11--18-22-01/25/video.hevc,37484318,True,True,True,1200,True,1200x3,True,1200x3,True,1200x4,1200,281445.600968,281505.550122,59.949154,20.000282,True,5.987669,22.305283,True,ok,train
Chunk_6,99c94dc769b5d96e|2018-07-11--18-22-01,26,Chunk_6/99c94dc769b5d96e|2018-07-11--18-22-01/26,Chunk_6/99c94dc769b5d96e|2018-07-11--18-22-01/26/video.hevc,37471182,True,True,True,1200,True,1200x3,True,1200x3,True,1200x4,1200,281505.600133,281565.549301,59.949168,20.000278,True,8.723473,15.806942,True,ok,train
Chunk_6,99c94dc769b5d96e|2018-07-11--18-22-01,27,Chunk_6/99c94dc769b5d96e|2018-07-11--18-22-01/27,Chunk_6/99c94dc769b5d96e|2018-07-11--18-22-01/27/video.hevc,37456254,True,True,True,1200,True,1200x3,True,1200x3,True,1200x4,1200,281565.599301,281625.548436,59.949135,20.000289,True,6.190921,11.098658,True,ok,train
Chunk_6,99c94dc769b5d96e|2018-07-11--18-22-01,28,Chunk_6/99c94dc769b5d96e|2018-07-11--18-22-01/28,Chunk_6/99c94dc769b5d96e|2018-07-11--18-22-01/28/video.hevc,37459534,True,True,True,1200,True,1200x3,True,1200x3,True,1200x4,1200,281625.598433,281685.547594,59.949161,20.00028,True,3.009245,7.453603,True,ok,train
Chunk_6,99c94dc769b5d96e|2018-07-11--18-22-01,29,Chunk_6/99c94dc769b5d96e|2018-07-11--18-22-01/29,Chunk_6/99c94dc769b5d96e|2018-07-11--18-22-01/29/video.hevc,37512382,True,True,True,1200,True,1200x3,True,1200x3,True,1200x4,1200,281685.597613,281745.546751,59.949138,20.000288,True,1.287138,9.263785,True,ok,train
Chunk_6,99c94dc769b5d96e|2018-07-11--18-22-01,30,Chunk_6/99c94dc769b5d96e|2018-07-11--18-22-01/30,Chunk_6/99c94dc769b5d96e|2018-07-11--18-22-01/30/video.hevc,37484238,True,True,True,1200,True,1200x3,True,1200x3,True,1200x4,1200,281745.596749,281805.545908,59.949159,20.000281,True,3.059911,10.687534,True,ok,train
Chunk_6,99c94dc769b5d96e|2018-07-11--18-22-01,31,Chunk_6/99c94dc769b5d96e|2018-07-11--18-22-01/31,Chunk_6/99c94dc769b5d96e|2018-07-11--18-22-01/31/video.hevc,37509118,True,True,True,1200,True,1200x3,True,1200x3,True,1200x4,1200,281805.595903,281865.545065,59.949162,20.00028,True,8.261191,16.312182,True,ok,train
Chunk_6,99c94dc769b5d96e|2018-07-11--18-22-01,32,Chunk_6/99c94dc769b5d96e|2018-07-11--18-22-01/32,Chunk_6/99c94dc769b5d96e|2018-07-11--18-22-01/32/video.hevc,37493982,True,True,True,1200,True,1200x3,True,1200x3,True,1200x4,1200,281865.595063,281925.544227,59.949164,20.000279,True,2.767886,14.101083,True,ok,train
Chunk_6,99c94dc769b5d96e|2018-07-11--18-22-01,33,Chunk_6/99c94dc769b5d96e|2018-07-11--18-22-01/33,Chunk_6/99c94dc769b5d96e|2018-07-11--18-22-01/33/video.hevc,37434494,True,True,True,1200,True,1200x3,True,1200x3,True,1200x4,1200,281925.59423,281985.543401,59.949171,20.000277,True,15.36683,18.778937,True,ok,train
Chunk_6,99c94dc769b5d96e|2018-07-12--16-42-23,8,Chunk_6/99c94dc769b5d96e|2018-07-12--16-42-23/8,Chunk_6/99c94dc769b5d96e|2018-07-12--16-42-23/8/video.hevc,37471934,True,True,True,1200,True,1200x3,True,1200x3,True,1200x4,1200,360847.038183,360906.98734,59.949157,20.000281,True,7.61179,17.817418,True,ok,test
Chunk_6,99c94dc769b5d96e|2018-07-12--16-42-23,9,Chunk_6/99c94dc769b5d96e|2018-07-12--16-42-23/9,Chunk_6/99c94dc769b5d96e|2018-07-12--16-42-23/9/video.hevc,37483406,True,True,True,1200,True,1200x3,True,1200x3,True,1200x4,1200,360907.037342,360966.986503,59.949161,20.00028,True,17.154493,29.848117,True,ok,test
Chunk_6,99c94dc769b5d96e|2018-07-12--16-42-23,10,Chunk_6/99c94dc769b5d96e|2018-07-12--16-42-23/10,Chunk_6/99c94dc769b5d96e|2018-07-12--16-42-23/10/video.hevc,37484942,True,True,True,1200,True,1200x3,True,1200x3,True,1200x4,1200,360967.036501,361026.985663,59.949162,20.00028,True,30.433572,34.385961,True,ok,test
Chunk_6,99c94dc769b5d96e|2018-07-12--16-42-23,11,Chunk_6/99c94dc769b5d96e|2018-07-12--16-42-23/11,Chunk_6/99c94dc769b5d96e|2018-07-12--16-42-23/11/video.hevc,37526574,True,True,True,1200,True,1200x3,True,1200x3,True,1200x4,1200,361027.035693,361086.984805,59.949112,20.000296,True,28.066298,34.090109,True,ok,test
Chunk_6,99c94dc769b5d96e|2018-07-12--18-23-15,13,Chunk_6/99c94dc769b5d96e|2018-07-12--18-23-15/13,Chunk_6/99c94dc769b5d96e|2018-07-12--18-23-15/13/video.hevc,37480158,True,True,True,1198,True,1198x3,True,1198x3,True,1198x4,1198,367199.598603,367259.497769,59.899166,19.983584,True,29.291512,35.351803,True,ok,validation
Chunk_6,99c94dc769b5d96e|2018-07-12--18-23-15,14,Chunk_6/99c94dc769b5d96e|2018-07-12--18-23-15/14,Chunk_6/99c94dc769b5d96e|2018-07-12--18-23-15/14/video.hevc,37491870,True,True,True,1200,True,1200x3,True,1200x3,True,1200x4,1200,367259.547776,367319.496931,59.949155,20.000282,True,25.001828,29.709679,True,ok,validation
Chunk_6,99c94dc769b5d96e|2018-07-12--18-23-15,15,Chunk_6/99c94dc769b5d96e|2018-07-12--18-23-15/15,Chunk_6/99c94dc769b5d96e|2018-07-12--18-23-15/15/video.hevc,37546862,True,True,True,1201,True,1201x3,True,1201x3,True,1201x4,1201,367319.546915,367379.546079,59.999164,20.000279,True,22.011925,28.882512,True,ok,validation
Chunk_6,99c94dc769b5d96e|2018-07-12--22-14-39,4,Chunk_6/99c94dc769b5d96e|2018-07-12--22-14-39/4,Chunk_6/99c94dc769b5d96e|2018-07-12--22-14-39/4/video.hevc,37474366,True,True,True,1200,True,1200x3,True,1200x3,True,1200x4,1200,380543.584605,380603.533741,59.949136,20.000288,True,18.862285,22.165299,True,ok,train
Chunk_6,99c94dc769b5d96e|2018-07-12--22-14-39,5,Chunk_6/99c94dc769b5d96e|2018-07-12--22-14-39/5,Chunk_6/99c94dc769b5d96e|2018-07-12--22-14-39/5/video.hevc,37496142,True,True,True,1200,True,1200x3,True,1200x3,True,1200x4,1200,380603.583744,380663.532898,59.949154,20.000282,True,4.958198,19.709369,True,ok,train
Chunk_6,99c94dc769b5d96e|2018-07-12--22-14-39,6,Chunk_6/99c94dc769b5d96e|2018-07-12--22-14-39/6,Chunk_6/99c94dc769b5d96e|2018-07-12--22-14-39/6/video.hevc,37485582,True,True,True,1200,True,1200x3,True,1200x3,True,1200x4,1200,380663.582903,380723.53207,59.949167,20.000278,True,11.72287,25.415894,True,ok,train
Chunk_6,99c94dc769b5d96e|2018-07-12--22-14-39,7,Chunk_6/99c94dc769b5d96e|2018-07-12--22-14-39/7,Chunk_6/99c94dc769b5d96e|2018-07-12--22-14-39/7/video.hevc,37488910,True,True,True,1200,True,1200x3,True,1200x3,True,1200x4,1200,380723.582067,380783.531229,59.949162,20.00028,True,28.618706,30.893079,True,ok,train
Chunk_6,99c94dc769b5d96e|2018-07-12--22-14-39,8,Chunk_6/99c94dc769b5d96e|2018-07-12--22-14-39/8,Chunk_6/99c94dc769b5d96e|2018-07-12--22-14-39/8/video.hevc,37440702,True,True,True,1200,True,1200x3,True,1200x3,True,1200x4,1200,380783.581232,380843.53038,59.949148,20.000284,True,30.466795,30.678364,True,ok,train
Chunk_6,99c94dc769b5d96e|2018-07-12--22-14-39,9,Chunk_6/99c94dc769b5d96e|2018-07-12--22-14-39/9,Chunk_6/99c94dc769b5d96e|2018-07-12--22-14-39/9/video.hevc,37431518,True,True,True,1200,True,1200x3,True,1200x3,True,1200x4,1200,380843.580378,380903.529551,59.949173,20.000276,True,30.541726,30.892798,True,ok,train
Chunk_6,99c94dc769b5d96e|2018-07-12--22-14-39,10,Chunk_6/99c94dc769b5d96e|2018-07-12--22-14-39/10,Chunk_6/99c94dc769b5d96e|2018-07-12--22-14-39/10/video.hevc,37389566,True,True,True,1200,True,1200x3,True,1200x3,True,1200x4,1200,380903.579526,380963.528685,59.949159,20.000281,True,30.608726,30.941355,True,ok,train
Chunk_6,99c94dc769b5d96e|2018-07-12--22-14-39,11,Chunk_6/99c94dc769b5d96e|2018-07-12--22-14-39/11,Chunk_6/99c94dc769b5d96e|2018-07-12--22-14-39/11/video.hevc,37445726,True,True,True,1200,True,1200x3,True,1200x3,True,1200x4,1200,380963.578701,381023.527894,59.949193,20.000269,True,30.687067,30.936347,True,ok,train
Chunk_6,99c94dc769b5d96e|2018-07-12--22-14-39,12,Chunk_6/99c94dc769b5d96e|2018-07-12--22-14-39/12,Chunk_6/99c94dc769b5d96e|2018-07-12--22-14-39/12/video.hevc,37375118,True,True,True,1200,True,1200x3,True,1200x3,True,1200x4,1200,381023.577844,381083.527001,59.949157,20.000281,True,30.571201,30.9258,True,ok,train
Chunk_6,99c94dc769b5d96e|2018-07-12--22-14-39,13,Chunk_6/99c94dc769b5d96e|2018-07-12--22-14-39/13,Chunk_6/99c94dc769b5d96e|2018-07-12--22-14-39/13/video.hevc,37407630,True,True,True,1200,True,1200x3,True,1200x3,True,1200x4,1200,381083.577002,381143.52616,59.949158,20.000281,True,30.505587,30.876299,True,ok,train
Chunk_6,99c94dc769b5d96e|2018-07-12--22-14-39,14,Chunk_6/99c94dc769b5d96e|2018-07-12--22-14-39/14,Chunk_6/99c94dc769b5d96e|2018-07-12--22-14-39/14/video.hevc,37485678,True,True,True,1200,True,1200x3,True,1200x3,True,1200x4,1200,381143.576157,381203.525315,59.949158,20.000281,True,30.581433,30.81473,True,ok,train
Chunk_6,99c94dc769b5d96e|2018-07-12--22-14-39,15,Chunk_6/99c94dc769b5d96e|2018-07-12--22-14-39/15,Chunk_6/99c94dc769b5d96e|2018-07-12--22-14-39/15/video.hevc,37351934,True,True,True,1200,True,1200x3,True,1200x3,True,1200x4,1200,381203.575321,381263.524472,59.949151,20.000283,True,30.523789,30.796854,True,ok,train
Chunk_6,99c94dc769b5d96e|2018-07-12--22-14-39,22,Chunk_6/99c94dc769b5d96e|2018-07-12--22-14-39/22,Chunk_6/99c94dc769b5d96e|2018-07-12--22-14-39/22/video.hevc,37375438,True,True,True,1200,True,1200x3,True,1200x3,True,1200x4,1200,381623.56941,381683.518576,59.949166,20.000278,True,30.610027,30.846196,True,ok,train
Chunk_6,99c94dc769b5d96e|2018-07-12--22-14-39,23,Chunk_6/99c94dc769b5d96e|2018-07-12--22-14-39/23,Chunk_6/99c94dc769b5d96e|2018-07-12--22-14-39/23/video.hevc,37396606,True,True,True,1200,True,1200x3,True,1200x3,True,1200x4,1200,381683.568571,381743.517729,59.949158,20.000281,True,30.679697,30.90798,True,ok,train
Chunk_6,99c94dc769b5d96e|2018-07-12--22-14-39,24,Chunk_6/99c94dc769b5d96e|2018-07-12--22-14-39/24,Chunk_6/99c94dc769b5d96e|2018-07-12--22-14-39/24/video.hevc,37441822,True,True,True,1200,True,1200x3,True,1200x3,True,1200x4,1200,381743.567736,381803.516899,59.949163,20.000279,True,30.621446,30.95035,True,ok,train
Chunk_6,99c94dc769b5d96e|2018-07-12--22-14-39,25,Chunk_6/99c94dc769b5d96e|2018-07-12--22-14-39/25,Chunk_6/99c94dc769b5d96e|2018-07-12--22-14-39/25/video.hevc,37449422,True,True,True,1200,True,1200x3,True,1200x3,True,1200x4,1200,381803.566903,381863.516096,59.949193,20.000269,True,30.578535,30.889251,True,ok,train
Chunk_6,99c94dc769b5d96e|2018-07-12--22-14-39,26,Chunk_6/99c94dc769b5d96e|2018-07-12--22-14-39/26,Chunk_6/99c94dc769b5d96e|2018-07-12--22-14-39/26/video.hevc,37444478,True,True,True,1199,True,1199x3,True,1199x3,True,1199x4,1199,381863.566045,381923.515206,59.949161,19.983599,True,30.502362,30.879525,True,ok,train
Chunk_6,99c94dc769b5d96e|2018-07-12--22-14-39,27,Chunk_6/99c94dc769b5d96e|2018-07-12--22-14-39/27,Chunk_6/99c94dc769b5d96e|2018-07-12--22-14-39/27/video.hevc,37491118,True,True,True,1200,True,1200x3,True,1200x3,True,1200x4,1200,381923.565202,381983.514358,59.949156,20.000282,True,28.526423,30.518782,True,ok,train
Chunk_6,99c94dc769b5d96e|2018-07-12--22-14-39,28,Chunk_6/99c94dc769b5d96e|2018-07-12--22-14-39/28,Chunk_6/99c94dc769b5d96e|2018-07-12--22-14-39/28/video.hevc,37520670,True,True,True,1200,True,1200x3,True,1200x3,True,1200x4,1200,381983.56436,382043.513527,59.949167,20.000278,True,29.433607,30.253298,True,ok,train
Chunk_6,99c94dc769b5d96e|2018-07-12--22-14-39,29,Chunk_6/99c94dc769b5d96e|2018-07-12--22-14-39/29,Chunk_6/99c94dc769b5d96e|2018-07-12--22-14-39/29/video.hevc,37550062,True,True,True,1201,True,1201x3,True,1201x3,True,1201x4,1201,382043.563522,382103.562675,59.999153,20.000282,True,30.303726,30.957781,True,ok,train
Chunk_6,99c94dc769b5d96e|2018-07-12--22-14-39,30,Chunk_6/99c94dc769b5d96e|2018-07-12--22-14-39/30,Chunk_6/99c94dc769b5d96e|2018-07-12--22-14-39/30/video.hevc,37480814,True,True,True,1200,True,1200x3,True,1200x3,True,1200x4,1200,382103.612692,382163.561845,59.949153,20.000283,True,30.400746,30.680105,True,ok,train
Chunk_6,99c94dc769b5d96e|2018-07-12--22-14-39,31,Chunk_6/99c94dc769b5d96e|2018-07-12--22-14-39/31,Chunk_6/99c94dc769b5d96e|2018-07-12--22-14-39/31/video.hevc,37469262,True,True,True,1200,True,1200x3,True,1200x3,True,1200x4,1200,382163.611833,382223.560985,59.949152,20.000283,True,18.662774,30.431323,True,ok,train
Chunk_6,99c94dc769b5d96e|2018-07-12--22-14-39,32,Chunk_6/99c94dc769b5d96e|2018-07-12--22-14-39/32,Chunk_6/99c94dc769b5d96e|2018-07-12--22-14-39/32/video.hevc,37368782,True,True,True,1200,True,1200x3,True,1200x3,True,1200x4,1200,382223.610984,382283.56015,59.949166,20.000278,True,6.594783,20.530669,True,ok,train
Chunk_6,99c94dc769b5d96e|2018-07-12--22-14-39,33,Chunk_6/99c94dc769b5d96e|2018-07-12--22-14-39/33,Chunk_6/99c94dc769b5d96e|2018-07-12--22-14-39/33/video.hevc,37506318,True,True,True,1200,True,1200x3,True,1200x3,True,1200x4,1200,382283.610156,382343.55934,59.949184,20.000272,True,8.7728,17.379815,True,ok,train
Chunk_7,99c94dc769b5d96e|2018-07-19--15-34-31,7,Chunk_7/99c94dc769b5d96e|2018-07-19--15-34-31/7,Chunk_7/99c94dc769b5d96e|2018-07-19--15-34-31/7/video.hevc,37526734,True,True,True,1200,True,1200x3,True,1200x3,True,1200x4,1200,176056.238668,176116.187839,59.949171,20.000277,True,13.905766,20.197274,True,ok,train
Chunk_7,99c94dc769b5d96e|2018-07-19--15-34-31,8,Chunk_7/99c94dc769b5d96e|2018-07-19--15-34-31/8,Chunk_7/99c94dc769b5d96e|2018-07-19--15-34-31/8/video.hevc,37518126,True,True,True,1200,True,1200x3,True,1200x3,True,1200x4,1200,176116.237831,176176.186999,59.949168,20.000278,True,10.267338,20.246249,True,ok,train
Chunk_7,99c94dc769b5d96e|2018-07-19--15-34-31,9,Chunk_7/99c94dc769b5d96e|2018-07-19--15-34-31/9,Chunk_7/99c94dc769b5d96e|2018-07-19--15-34-31/9/video.hevc,37511166,True,True,True,1200,True,1200x3,True,1200x3,True,1200x4,1200,176176.236981,176236.18615,59.949169,20.000277,True,12.299223,22.188149,True,ok,train
Chunk_7,99c94dc769b5d96e|2018-07-19--15-34-31,10,Chunk_7/99c94dc769b5d96e|2018-07-19--15-34-31/10,Chunk_7/99c94dc769b5d96e|2018-07-19--15-34-31/10/video.hevc,37483710,True,True,True,1200,True,1200x3,True,1200x3,True,1200x4,1200,176236.236148,176296.185335,59.949187,20.000271,True,24.529439,26.256784,True,ok,train
Chunk_7,99c94dc769b5d96e|2018-07-19--15-34-31,11,Chunk_7/99c94dc769b5d96e|2018-07-19--15-34-31/11,Chunk_7/99c94dc769b5d96e|2018-07-19--15-34-31/11/video.hevc,37469038,True,True,True,1200,True,1200x3,True,1200x3,True,1200x4,1200,176296.235303,176356.184455,59.949152,20.000283,True,29.213696,32.686077,True,ok,train
Chunk_7,99c94dc769b5d96e|2018-07-19--15-34-31,12,Chunk_7/99c94dc769b5d96e|2018-07-19--15-34-31/12,Chunk_7/99c94dc769b5d96e|2018-07-19--15-34-31/12/video.hevc,37507262,True,True,True,1200,True,1200x3,True,1200x3,True,1200x4,1200,176356.234453,176416.183608,59.949155,20.000282,True,28.74207,32.608501,True,ok,train
Chunk_7,99c94dc769b5d96e|2018-07-19--15-34-31,13,Chunk_7/99c94dc769b5d96e|2018-07-19--15-34-31/13,Chunk_7/99c94dc769b5d96e|2018-07-19--15-34-31/13/video.hevc,37503502,True,True,True,1200,True,1200x3,True,1200x3,True,1200x4,1200,176416.233616,176476.182784,59.949168,20.000278,True,32.789205,34.38363,True,ok,train
Chunk_7,99c94dc769b5d96e|2018-07-19--15-34-31,14,Chunk_7/99c94dc769b5d96e|2018-07-19--15-34-31/14,Chunk_7/99c94dc769b5d96e|2018-07-19--15-34-31/14/video.hevc,37496638,True,True,True,1200,True,1200x3,True,1200x3,True,1200x4,1200,176476.232772,176536.181948,59.949176,20.000275,True,32.668358,36.994969,True,ok,train
Chunk_7,99c94dc769b5d96e|2018-07-19--15-34-31,15,Chunk_7/99c94dc769b5d96e|2018-07-19--15-34-31/15,Chunk_7/99c94dc769b5d96e|2018-07-19--15-34-31/15/video.hevc,37501774,True,True,True,1200,True,1200x3,True,1200x3,True,1200x4,1200,176536.231922,176596.181088,59.949166,20.000278,True,31.592971,32.444314,True,ok,train
Chunk_7,99c94dc769b5d96e|2018-07-19--15-34-31,16,Chunk_7/99c94dc769b5d96e|2018-07-19--15-34-31/16,Chunk_7/99c94dc769b5d96e|2018-07-19--15-34-31/16/video.hevc,37479838,True,True,True,1200,True,1200x3,True,1200x3,True,1200x4,1200,176596.231103,176656.180245,59.949142,20.000286,True,33.140598,36.242036,True,ok,train
Chunk_7,99c94dc769b5d96e|2018-07-19--15-34-31,17,Chunk_7/99c94dc769b5d96e|2018-07-19--15-34-31/17,Chunk_7/99c94dc769b5d96e|2018-07-19--15-34-31/17/video.hevc,37473534,True,True,True,1200,True,1200x3,True,1200x3,True,1200x4,1200,176656.230258,176716.179402,59.949144,20.000286,True,29.609247,31.015942,True,ok,train
Chunk_7,99c94dc769b5d96e|2018-07-19--15-34-31,18,Chunk_7/99c94dc769b5d96e|2018-07-19--15-34-31/18,Chunk_7/99c94dc769b5d96e|2018-07-19--15-34-31/18/video.hevc,37492174,True,True,True,1200,True,1200x3,True,1200x3,True,1200x4,1200,176716.2294,176776.178557,59.949157,20.000281,True,30.221434,33.157712,True,ok,train
Chunk_7,99c94dc769b5d96e|2018-07-20--10-39-03,27,Chunk_7/99c94dc769b5d96e|2018-07-20--10-39-03/27,Chunk_7/99c94dc769b5d96e|2018-07-20--10-39-03/27/video.hevc,37475326,True,True,True,1200,True,1200x3,True,1200x3,True,1200x4,1200,245928.133935,245988.08307,59.949135,20.000289,True,33.432126,33.731273,True,ok,train
Chunk_7,99c94dc769b5d96e|2018-07-20--10-39-03,28,Chunk_7/99c94dc769b5d96e|2018-07-20--10-39-03/28,Chunk_7/99c94dc769b5d96e|2018-07-20--10-39-03/28/video.hevc,37484942,True,True,True,1200,True,1200x3,True,1200x3,True,1200x4,1200,245988.133071,246048.082231,59.94916,20.00028,True,33.448777,33.703924,True,ok,train
Chunk_7,99c94dc769b5d96e|2018-07-20--10-39-03,29,Chunk_7/99c94dc769b5d96e|2018-07-20--10-39-03/29,Chunk_7/99c94dc769b5d96e|2018-07-20--10-39-03/29/video.hevc,37499614,True,True,True,1200,True,1200x3,True,1200x3,True,1200x4,1200,246048.132246,246108.081396,59.94915,20.000284,True,33.373623,33.633009,True,ok,train
Chunk_7,99c94dc769b5d96e|2018-07-20--10-39-03,30,Chunk_7/99c94dc769b5d96e|2018-07-20--10-39-03/30,Chunk_7/99c94dc769b5d96e|2018-07-20--10-39-03/30/video.hevc,37495774,True,True,True,1200,True,1200x3,True,1200x3,True,1200x4,1200,246108.131401,246168.080548,59.949147,20.000285,True,32.737186,33.688442,True,ok,train
Chunk_7,99c94dc769b5d96e|2018-07-20--10-39-03,31,Chunk_7/99c94dc769b5d96e|2018-07-20--10-39-03/31,Chunk_7/99c94dc769b5d96e|2018-07-20--10-39-03/31/video.hevc,37494270,True,True,True,1200,True,1200x3,True,1200x3,True,1200x4,1200,246168.130539,246228.079703,59.949164,20.000279,True,30.538473,34.148352,True,ok,train
Chunk_7,99c94dc769b5d96e|2018-07-20--10-39-03,32,Chunk_7/99c94dc769b5d96e|2018-07-20--10-39-03/32,Chunk_7/99c94dc769b5d96e|2018-07-20--10-39-03/32/video.hevc,37469742,True,True,True,1200,True,1200x3,True,1200x3,True,1200x4,1200,246228.129702,246288.078867,59.949165,20.000279,True,29.710171,31.959636,True,ok,train
Chunk_7,99c94dc769b5d96e|2018-07-20--10-39-03,33,Chunk_7/99c94dc769b5d96e|2018-07-20--10-39-03/33,Chunk_7/99c94dc769b5d96e|2018-07-20--10-39-03/33/video.hevc,37475566,True,True,True,1200,True,1200x3,True,1200x3,True,1200x4,1200,246288.128866,246348.078042,59.949176,20.000275,True,28.796414,30.839085,True,ok,train
Chunk_7,99c94dc769b5d96e|2018-07-20--10-39-03,34,Chunk_7/99c94dc769b5d96e|2018-07-20--10-39-03/34,Chunk_7/99c94dc769b5d96e|2018-07-20--10-39-03/34/video.hevc,37500702,True,True,True,1200,True,1200x3,True,1200x3,True,1200x4,1200,246348.128019,246408.077178,59.949159,20.000281,True,30.626091,31.066382,True,ok,train
Chunk_7,99c94dc769b5d96e|2018-07-20--10-39-03,35,Chunk_7/99c94dc769b5d96e|2018-07-20--10-39-03/35,Chunk_7/99c94dc769b5d96e|2018-07-20--10-39-03/35/video.hevc,37486606,True,True,True,1200,True,1200x3,True,1200x3,True,1200x4,1200,246408.127171,246468.076326,59.949155,20.000282,True,28.174927,30.736012,True,ok,train
Chunk_7,99c94dc769b5d96e|2018-07-20--10-39-03,36,Chunk_7/99c94dc769b5d96e|2018-07-20--10-39-03/36,Chunk_7/99c94dc769b5d96e|2018-07-20--10-39-03/36/video.hevc,37434766,True,True,True,1200,True,1200x3,True,1200x3,True,1200x4,1200,246468.126363,246528.075508,59.949145,20.000285,True,12.493137,21.618304,True,ok,train
Chunk_7,99c94dc769b5d96e|2018-07-20--10-39-03,37,Chunk_7/99c94dc769b5d96e|2018-07-20--10-39-03/37,Chunk_7/99c94dc769b5d96e|2018-07-20--10-39-03/37/video.hevc,37499774,True,True,True,1200,True,1200x3,True,1200x3,True,1200x4,1200,246528.125488,246588.074651,59.949163,20.000279,True,10.250787,18.305745,True,ok,train
Chunk_7,99c94dc769b5d96e|2018-07-20--10-39-03,38,Chunk_7/99c94dc769b5d96e|2018-07-20--10-39-03/38,Chunk_7/99c94dc769b5d96e|2018-07-20--10-39-03/38/video.hevc,37500878,True,True,True,1200,True,1200x3,True,1200x3,True,1200x4,1200,246588.124641,246648.073801,59.94916,20.00028,True,1.046036,11.567971,True,ok,train
Chunk_7,99c94dc769b5d96e|2018-07-20--10-39-03,39,Chunk_7/99c94dc769b5d96e|2018-07-20--10-39-03/39,Chunk_7/99c94dc769b5d96e|2018-07-20--10-39-03/39/video.hevc,37495294,True,True,True,1199,True,1199x3,True,1199x3,True,1199x4,1199,246648.123832,246708.073059,59.949227,19.983577,True,18.427552,21.626971,True,ok,train
Chunk_7,99c94dc769b5d96e|2018-07-20--16-07-46,7,Chunk_7/99c94dc769b5d96e|2018-07-20--16-07-46/7,Chunk_7/99c94dc769b5d96e|2018-07-20--16-07-46/7/video.hevc,37507646,True,True,True,1200,True,1200x3,True,1200x3,True,1200x4,1200,264450.683048,264510.632205,59.949157,20.000281,True,9.662693,21.20753,True,ok,train
Chunk_7,99c94dc769b5d96e|2018-07-20--16-07-46,8,Chunk_7/99c94dc769b5d96e|2018-07-20--16-07-46/8,Chunk_7/99c94dc769b5d96e|2018-07-20--16-07-46/8/video.hevc,37465854,True,True,True,1200,True,1200x3,True,1200x3,True,1200x4,1200,264510.68221,264570.631376,59.949166,20.000278,True,7.42605,18.033858,True,ok,train
Chunk_7,99c94dc769b5d96e|2018-07-20--16-07-46,9,Chunk_7/99c94dc769b5d96e|2018-07-20--16-07-46/9,Chunk_7/99c94dc769b5d96e|2018-07-20--16-07-46/9/video.hevc,37453022,True,True,True,1200,True,1200x3,True,1200x3,True,1200x4,1200,264570.681389,264630.63053,59.949141,20.000287,True,0.358197,6.458316,True,ok,train
Chunk_7,99c94dc769b5d96e|2018-07-20--16-07-46,10,Chunk_7/99c94dc769b5d96e|2018-07-20--16-07-46/10,Chunk_7/99c94dc769b5d96e|2018-07-20--16-07-46/10/video.hevc,37468206,True,True,True,1200,True,1200x3,True,1200x3,True,1200x4,1200,264630.680534,264690.629682,59.949148,20.000284,True,6.955164,23.848174,True,ok,train
Chunk_7,99c94dc769b5d96e|2018-07-20--16-07-46,11,Chunk_7/99c94dc769b5d96e|2018-07-20--16-07-46/11,Chunk_7/99c94dc769b5d96e|2018-07-20--16-07-46/11/video.hevc,37502894,True,True,True,1200,True,1200x3,True,1200x3,True,1200x4,1200,264690.679686,264750.62884,59.949154,20.000282,True,24.197943,28.606337,True,ok,train
Chunk_7,99c94dc769b5d96e|2018-07-20--16-07-46,12,Chunk_7/99c94dc769b5d96e|2018-07-20--16-07-46/12,Chunk_7/99c94dc769b5d96e|2018-07-20--16-07-46/12/video.hevc,37472830,True,True,True,1200,True,1200x3,True,1200x3,True,1200x4,1200,264750.678842,264810.627993,59.949151,20.000283,True,27.703283,28.513279,True,ok,train
Chunk_7,99c94dc769b5d96e|2018-07-20--16-07-46,13,Chunk_7/99c94dc769b5d96e|2018-07-20--16-07-46/13,Chunk_7/99c94dc769b5d96e|2018-07-20--16-07-46/13/video.hevc,37510734,True,True,True,1200,True,1200x3,True,1200x3,True,1200x4,1200,264810.677997,264870.627159,59.949162,20.00028,True,26.55888,28.875021,True,ok,train
Chunk_7,99c94dc769b5d96e|2018-07-20--16-07-46,14,Chunk_7/99c94dc769b5d96e|2018-07-20--16-07-46/14,Chunk_7/99c94dc769b5d96e|2018-07-20--16-07-46/14/video.hevc,37459358,True,True,True,1200,True,1200x3,True,1200x3,True,1200x4,1200,264870.677156,264930.626315,59.949159,20.000281,True,6.474132,17.046911,True,ok,train
Chunk_7,99c94dc769b5d96e|2018-07-20--16-07-46,15,Chunk_7/99c94dc769b5d96e|2018-07-20--16-07-46/15,Chunk_7/99c94dc769b5d96e|2018-07-20--16-07-46/15/video.hevc,37434750,True,True,True,1200,True,1200x3,True,1200x3,True,1200x4,1200,264930.676315,264990.625465,59.94915,20.000284,True,5.003461,12.470911,True,ok,train
Chunk_7,99c94dc769b5d96e|2018-07-20--16-42-49,0,Chunk_7/99c94dc769b5d96e|2018-07-20--16-42-49/0,Chunk_7/99c94dc769b5d96e|2018-07-20--16-42-49/0/video.hevc,6926414,True,True,True,222,True,222x3,True,222x3,True,222x4,222,266134.061691,266145.111527,11.049836,20.000297,True,0.028216,0.074165,True,ok,train
Chunk_7,99c94dc769b5d96e|2018-07-20--16-43-04,0,Chunk_7/99c94dc769b5d96e|2018-07-20--16-43-04/0,Chunk_7/99c94dc769b5d96e|2018-07-20--16-43-04/0/video.hevc,37167982,True,True,True,1189,True,1189x3,True,1189x3,True,1189x4,1189,266149.03659,266208.435697,59.399107,20.000301,True,0.964223,3.902242,True,ok,test
Chunk_7,99c94dc769b5d96e|2018-07-20--16-43-04,1,Chunk_7/99c94dc769b5d96e|2018-07-20--16-43-04/1,Chunk_7/99c94dc769b5d96e|2018-07-20--16-43-04/1/video.hevc,37556654,True,True,True,1201,True,1201x3,True,1201x3,True,1201x4,1201,266208.485696,266268.484874,59.999178,20.000274,True,4.126645,7.809549,True,ok,test
Chunk_7,99c94dc769b5d96e|2018-07-20--16-43-04,2,Chunk_7/99c94dc769b5d96e|2018-07-20--16-43-04/2,Chunk_7/99c94dc769b5d96e|2018-07-20--16-43-04/2/video.hevc,37456958,True,True,True,1200,True,1200x3,True,1200x3,True,1200x4,1200,266268.534847,266328.484043,59.949196,20.000268,True,4.619746,10.924338,True,ok,test
Chunk_7,99c94dc769b5d96e|2018-07-20--16-43-04,3,Chunk_7/99c94dc769b5d96e|2018-07-20--16-43-04/3,Chunk_7/99c94dc769b5d96e|2018-07-20--16-43-04/3/video.hevc,37485502,True,True,True,1200,True,1200x3,True,1200x3,True,1200x4,1200,266328.534004,266388.48318,59.949176,20.000275,True,8.330398,15.806842,True,ok,test
Chunk_7,99c94dc769b5d96e|2018-07-20--16-43-04,4,Chunk_7/99c94dc769b5d96e|2018-07-20--16-43-04/4,Chunk_7/99c94dc769b5d96e|2018-07-20--16-43-04/4/video.hevc,37507614,True,True,True,1200,True,1200x3,True,1200x3,True,1200x4,1200,266388.533166,266448.482325,59.949159,20.000281,True,20.885628,28.717383,True,ok,test
Chunk_7,99c94dc769b5d96e|2018-07-20--16-43-04,5,Chunk_7/99c94dc769b5d96e|2018-07-20--16-43-04/5,Chunk_7/99c94dc769b5d96e|2018-07-20--16-43-04/5/video.hevc,37467518,True,True,True,1200,True,1200x3,True,1200x3,True,1200x4,1200,266448.53232,266508.481478,59.949158,20.000281,True,28.290456,28.924942,True,ok,test
Chunk_7,99c94dc769b5d96e|2018-07-20--16-43-04,6,Chunk_7/99c94dc769b5d96e|2018-07-20--16-43-04/6,Chunk_7/99c94dc769b5d96e|2018-07-20--16-43-04/6/video.hevc,37517534,True,True,True,1200,True,1200x3,True,1200x3,True,1200x4,1200,266508.531479,266568.480634,59.949155,20.000282,True,21.894581,29.101957,True,ok,test
Chunk_7,99c94dc769b5d96e|2018-07-20--16-43-04,7,Chunk_7/99c94dc769b5d96e|2018-07-20--16-43-04/7,Chunk_7/99c94dc769b5d96e|2018-07-20--16-43-04/7/video.hevc,37474750,True,True,True,1200,True,1200x3,True,1200x3,True,1200x4,1200,266568.530641,266628.479798,59.949157,20.000281,True,5.639041,12.005196,True,ok,test
Chunk_7,99c94dc769b5d96e|2018-07-20--16-43-04,8,Chunk_7/99c94dc769b5d96e|2018-07-20--16-43-04/8,Chunk_7/99c94dc769b5d96e|2018-07-20--16-43-04/8/video.hevc,37458702,True,True,True,1200,True,1200x3,True,1200x3,True,1200x4,1200,266628.529811,266688.478967,59.949156,20.000282,True,3.462872,9.33456,True,ok,test
Chunk_7,99c94dc769b5d96e|2018-07-20--16-43-04,9,Chunk_7/99c94dc769b5d96e|2018-07-20--16-43-04/9,Chunk_7/99c94dc769b5d96e|2018-07-20--16-43-04/9/video.hevc,37428638,True,True,True,1200,True,1200x3,True,1200x3,True,1200x4,1200,266688.528958,266748.478111,59.949153,20.000283,True,3.753673,10.747735,True,ok,test
Chunk_7,99c94dc769b5d96e|2018-07-20--16-43-04,10,Chunk_7/99c94dc769b5d96e|2018-07-20--16-43-04/10,Chunk_7/99c94dc769b5d96e|2018-07-20--16-43-04/10/video.hevc,37439550,True,True,True,1200,True,1200x3,True,1200x3,True,1200x4,1200,266748.52811,266808.477261,59.949151,20.000283,True,0.048751,2.029457,True,ok,test
Chunk_7,99c94dc769b5d96e|2018-07-20--16-43-04,11,Chunk_7/99c94dc769b5d96e|2018-07-20--16-43-04/11,Chunk_7/99c94dc769b5d96e|2018-07-20--16-43-04/11/video.hevc,37530078,True,True,True,1200,True,1200x3,True,1200x3,True,1200x4,1200,266808.527279,266868.476426,59.949147,20.000285,True,13.217076,18.58811,True,ok,test
Chunk_7,99c94dc769b5d96e|2018-07-20--20-16-28,0,Chunk_7/99c94dc769b5d96e|2018-07-20--20-16-28/0,Chunk_7/99c94dc769b5d96e|2018-07-20--20-16-28/0/video.hevc,37183790,True,True,True,1192,True,1192x3,True,1192x3,True,1192x4,1192,278953.647364,279013.196534,59.54917,20.000279,True,9.716004,21.118193,True,ok,validation
Chunk_7,99c94dc769b5d96e|2018-07-20--20-16-28,1,Chunk_7/99c94dc769b5d96e|2018-07-20--20-16-28/1,Chunk_7/99c94dc769b5d96e|2018-07-20--20-16-28/1/video.hevc,37411598,True,True,True,1199,True,1199x3,True,1199x3,True,1199x4,1199,279013.246525,279073.145684,59.899159,20.000281,True,7.066012,17.88452,True,ok,validation
Chunk_7,99c94dc769b5d96e|2018-07-20--20-16-28,2,Chunk_7/99c94dc769b5d96e|2018-07-20--20-16-28/2,Chunk_7/99c94dc769b5d96e|2018-07-20--20-16-28/2/video.hevc,37567006,True,True,True,1201,True,1201x3,True,1201x3,True,1201x4,1201,279073.195709,279133.194837,59.999128,20.000291,True,8.434353,24.923917,True,ok,validation
Chunk_7,99c94dc769b5d96e|2018-07-20--20-16-28,3,Chunk_7/99c94dc769b5d96e|2018-07-20--20-16-28/3,Chunk_7/99c94dc769b5d96e|2018-07-20--20-16-28/3/video.hevc,37489294,True,True,True,1200,True,1200x3,True,1200x3,True,1200x4,1200,279133.244841,279193.193998,59.949157,20.000281,True,29.410674,32.831494,True,ok,validation
Chunk_7,99c94dc769b5d96e|2018-07-20--20-16-28,4,Chunk_7/99c94dc769b5d96e|2018-07-20--20-16-28/4,Chunk_7/99c94dc769b5d96e|2018-07-20--20-16-28/4/video.hevc,37482510,True,True,True,1200,True,1200x3,True,1200x3,True,1200x4,1200,279193.243997,279253.193171,59.949174,20.000276,True,32.7009,33.061318,True,ok,validation
Chunk_7,99c94dc769b5d96e|2018-07-20--20-16-28,5,Chunk_7/99c94dc769b5d96e|2018-07-20--20-16-28/5,Chunk_7/99c94dc769b5d96e|2018-07-20--20-16-28/5/video.hevc,37473950,True,True,True,1200,True,1200x3,True,1200x3,True,1200x4,1200,279253.243155,279313.192348,59.949193,20.000269,True,32.782911,33.118297,True,ok,validation
Chunk_7,99c94dc769b5d96e|2018-07-20--20-16-28,6,Chunk_7/99c94dc769b5d96e|2018-07-20--20-16-28/6,Chunk_7/99c94dc769b5d96e|2018-07-20--20-16-28/6/video.hevc,37554670,True,True,True,1200,True,1200x3,True,1200x3,True,1200x4,1200,279313.242311,279373.191473,59.949162,20.00028,True,32.840934,33.106967,True,ok,validation
Chunk_7,99c94dc769b5d96e|2018-07-20--20-16-28,7,Chunk_7/99c94dc769b5d96e|2018-07-20--20-16-28/7,Chunk_7/99c94dc769b5d96e|2018-07-20--20-16-28/7/video.hevc,37425742,True,True,True,1199,True,1199x3,True,1199x3,True,1199x4,1199,279373.241468,279433.140657,59.899189,20.000271,True,32.861944,33.145216,True,ok,validation
Chunk_7,99c94dc769b5d96e|2018-07-20--20-16-28,8,Chunk_7/99c94dc769b5d96e|2018-07-20--20-16-28/8,Chunk_7/99c94dc769b5d96e|2018-07-20--20-16-28/8/video.hevc,37533870,True,True,True,1201,True,1201x3,True,1201x3,True,1201x4,1201,279433.190624,279493.189806,59.999182,20.000273,True,32.74948,33.133656,True,ok,validation
Chunk_7,99c94dc769b5d96e|2018-07-20--20-16-28,9,Chunk_7/99c94dc769b5d96e|2018-07-20--20-16-28/9,Chunk_7/99c94dc769b5d96e|2018-07-20--20-16-28/9/video.hevc,37499214,True,True,True,1200,True,1200x3,True,1200x3,True,1200x4,1200,279493.239781,279553.188943,59.949162,20.00028,True,32.682469,32.853518,True,ok,validation
Chunk_7,99c94dc769b5d96e|2018-07-20--20-16-28,10,Chunk_7/99c94dc769b5d96e|2018-07-20--20-16-28/10,Chunk_7/99c94dc769b5d96e|2018-07-20--20-16-28/10/video.hevc,37505118,True,True,True,1200,True,1200x3,True,1200x3,True,1200x4,1200,279553.238941,279613.188109,59.949168,20.000278,True,32.770069,33.032182,True,ok,validation
Chunk_7,99c94dc769b5d96e|2018-07-20--20-16-28,11,Chunk_7/99c94dc769b5d96e|2018-07-20--20-16-28/11,Chunk_7/99c94dc769b5d96e|2018-07-20--20-16-28/11/video.hevc,37448030,True,True,True,1200,True,1200x3,True,1200x3,True,1200x4,1200,279613.238095,279673.18726,59.949165,20.000279,True,32.848439,33.128478,True,ok,validation
Chunk_7,99c94dc769b5d96e|2018-07-23--09-23-24,29,Chunk_7/99c94dc769b5d96e|2018-07-23--09-23-24/29,Chunk_7/99c94dc769b5d96e|2018-07-23--09-23-24/29/video.hevc,37490238,True,True,True,1200,True,1200x3,True,1200x3,True,1200x4,1200,56577.650329,56637.599489,59.94916,20.00028,True,33.42458,36.723426,True,ok,train
Chunk_7,99c94dc769b5d96e|2018-07-23--09-23-24,30,Chunk_7/99c94dc769b5d96e|2018-07-23--09-23-24/30,Chunk_7/99c94dc769b5d96e|2018-07-23--09-23-24/30/video.hevc,37484270,True,True,True,1200,True,1200x3,True,1200x3,True,1200x4,1200,56637.649508,56697.598662,59.949154,20.000282,True,35.153402,39.578412,True,ok,train
Chunk_7,99c94dc769b5d96e|2018-07-23--09-23-24,31,Chunk_7/99c94dc769b5d96e|2018-07-23--09-23-24/31,Chunk_7/99c94dc769b5d96e|2018-07-23--09-23-24/31/video.hevc,37487326,True,True,True,1200,True,1200x3,True,1200x3,True,1200x4,1200,56697.648643,56757.597818,59.949175,20.000275,True,34.582716,36.13187,True,ok,train
Chunk_7,99c94dc769b5d96e|2018-07-23--09-23-24,32,Chunk_7/99c94dc769b5d96e|2018-07-23--09-23-24/32,Chunk_7/99c94dc769b5d96e|2018-07-23--09-23-24/32/video.hevc,37472878,True,True,True,1200,True,1200x3,True,1200x3,True,1200x4,1200,56757.64782,56817.596974,59.949154,20.000282,True,34.288521,35.851789,True,ok,train
Chunk_7,99c94dc769b5d96e|2018-07-23--09-23-24,33,Chunk_7/99c94dc769b5d96e|2018-07-23--09-23-24/33,Chunk_7/99c94dc769b5d96e|2018-07-23--09-23-24/33/video.hevc,37497998,True,True,True,1200,True,1200x3,True,1200x3,True,1200x4,1200,56817.646973,56877.596116,59.949143,20.000286,True,29.802135,33.519846,True,ok,train
Chunk_7,99c94dc769b5d96e|2018-07-23--09-23-24,34,Chunk_7/99c94dc769b5d96e|2018-07-23--09-23-24/34,Chunk_7/99c94dc769b5d96e|2018-07-23--09-23-24/34/video.hevc,37476014,True,True,True,1200,True,1200x3,True,1200x3,True,1200x4,1200,56877.646129,56937.595274,59.949145,20.000285,True,27.686338,30.585567,True,ok,train
Chunk_7,99c94dc769b5d96e|2018-07-23--09-23-24,35,Chunk_7/99c94dc769b5d96e|2018-07-23--09-23-24/35,Chunk_7/99c94dc769b5d96e|2018-07-23--09-23-24/35/video.hevc,37532526,True,True,True,1200,True,1200x3,True,1200x3,True,1200x4,1200,56937.645287,56997.594434,59.949147,20.000285,True,28.975816,31.342275,True,ok,train
Chunk_7,99c94dc769b5d96e|2018-07-23--09-23-24,36,Chunk_7/99c94dc769b5d96e|2018-07-23--09-23-24/36,Chunk_7/99c94dc769b5d96e|2018-07-23--09-23-24/36/video.hevc,37507166,True,True,True,1200,True,1200x3,True,1200x3,True,1200x4,1200,56997.644435,57057.59359,59.949155,20.000282,True,31.826313,33.655811,True,ok,train
Chunk_7,99c94dc769b5d96e|2018-07-23--09-23-24,37,Chunk_7/99c94dc769b5d96e|2018-07-23--09-23-24/37,Chunk_7/99c94dc769b5d96e|2018-07-23--09-23-24/37/video.hevc,37500654,True,True,True,1200,True,1200x3,True,1200x3,True,1200x4,1200,57057.643582,57117.592759,59.949177,20.000275,True,28.412206,31.970249,True,ok,train
Chunk_7,99c94dc769b5d96e|2018-07-23--09-23-24,38,Chunk_7/99c94dc769b5d96e|2018-07-23--09-23-24/38,Chunk_7/99c94dc769b5d96e|2018-07-23--09-23-24/38/video.hevc,37514142,True,True,True,1200,True,1200x3,True,1200x3,True,1200x4,1200,57117.642756,57177.591906,59.94915,20.000284,True,18.896793,21.72293,True,ok,train
Chunk_7,99c94dc769b5d96e|2018-07-23--09-23-24,39,Chunk_7/99c94dc769b5d96e|2018-07-23--09-23-24/39,Chunk_7/99c94dc769b5d96e|2018-07-23--09-23-24/39/video.hevc,37513022,True,True,True,1200,True,1200x3,True,1200x3,True,1200x4,1200,57177.641902,57237.591069,59.949167,20.000278,True,11.713172,20.976307,True,ok,train
Chunk_7,99c94dc769b5d96e|2018-07-24--20-31-30,4,Chunk_7/99c94dc769b5d96e|2018-07-24--20-31-30/4,Chunk_7/99c94dc769b5d96e|2018-07-24--20-31-30/4/video.hevc,37469646,True,True,True,1200,True,1200x3,True,1200x3,True,1200x4,1200,294.381338,354.330547,59.949209,20.000264,True,14.156711,16.966794,True,ok,train
Chunk_7,99c94dc769b5d96e|2018-07-24--20-31-30,5,Chunk_7/99c94dc769b5d96e|2018-07-24--20-31-30/5,Chunk_7/99c94dc769b5d96e|2018-07-24--20-31-30/5/video.hevc,37429838,True,True,True,1200,True,1200x3,True,1200x3,True,1200x4,1200,354.380496,414.329643,59.949147,20.000285,True,7.079757,16.939593,True,ok,train
Chunk_7,99c94dc769b5d96e|2018-07-24--20-31-30,6,Chunk_7/99c94dc769b5d96e|2018-07-24--20-31-30/6,Chunk_7/99c94dc769b5d96e|2018-07-24--20-31-30/6/video.hevc,37496238,True,True,True,1200,True,1200x3,True,1200x3,True,1200x4,1200,414.379676,474.328818,59.949142,20.000286,True,0.797193,9.313605,True,ok,train
Chunk_7,99c94dc769b5d96e|2018-07-24--20-31-30,7,Chunk_7/99c94dc769b5d96e|2018-07-24--20-31-30/7,Chunk_7/99c94dc769b5d96e|2018-07-24--20-31-30/7/video.hevc,37511598,True,True,True,1200,True,1200x3,True,1200x3,True,1200x4,1200,474.378793,534.327969,59.949176,20.000275,True,18.75106,24.400896,True,ok,train
Chunk_7,99c94dc769b5d96e|2018-07-24--20-31-30,8,Chunk_7/99c94dc769b5d96e|2018-07-24--20-31-30/8,Chunk_7/99c94dc769b5d96e|2018-07-24--20-31-30/8/video.hevc,37504574,True,True,True,1200,True,1200x3,True,1200x3,True,1200x4,1200,534.377955,594.327115,59.94916,20.00028,True,29.784999,30.880956,True,ok,train
Chunk_7,99c94dc769b5d96e|2018-07-24--20-31-30,9,Chunk_7/99c94dc769b5d96e|2018-07-24--20-31-30/9,Chunk_7/99c94dc769b5d96e|2018-07-24--20-31-30/9/video.hevc,37490702,True,True,True,1200,True,1200x3,True,1200x3,True,1200x4,1200,594.377111,654.326269,59.949158,20.000281,True,29.153972,30.600999,True,ok,train
Chunk_7,99c94dc769b5d96e|2018-07-24--20-31-30,10,Chunk_7/99c94dc769b5d96e|2018-07-24--20-31-30/10,Chunk_7/99c94dc769b5d96e|2018-07-24--20-31-30/10/video.hevc,37501662,True,True,True,1200,True,1200x3,True,1200x3,True,1200x4,1200,654.376262,714.325435,59.949173,20.000276,True,29.909328,30.64108,True,ok,train
Chunk_7,99c94dc769b5d96e|2018-07-24--20-31-30,11,Chunk_7/99c94dc769b5d96e|2018-07-24--20-31-30/11,Chunk_7/99c94dc769b5d96e|2018-07-24--20-31-30/11/video.hevc,37556286,True,True,True,1200,True,1200x3,True,1200x3,True,1200x4,1200,714.375425,774.324583,59.949158,20.000281,True,29.823342,31.167154,True,ok,train
Chunk_7,99c94dc769b5d96e|2018-07-24--20-31-30,12,Chunk_7/99c94dc769b5d96e|2018-07-24--20-31-30/12,Chunk_7/99c94dc769b5d96e|2018-07-24--20-31-30/12/video.hevc,37476670,True,True,True,1200,True,1200x3,True,1200x3,True,1200x4,1200,774.374581,834.323742,59.949161,20.00028,True,28.871128,30.971592,True,ok,train
Chunk_7,99c94dc769b5d96e|2018-07-24--20-31-30,13,Chunk_7/99c94dc769b5d96e|2018-07-24--20-31-30/13,Chunk_7/99c94dc769b5d96e|2018-07-24--20-31-30/13/video.hevc,37565406,True,True,True,1200,True,1200x3,True,1200x3,True,1200x4,1200,834.373742,894.322902,59.94916,20.00028,True,28.663486,30.192614,True,ok,train
Chunk_7,99c94dc769b5d96e|2018-07-24--20-31-30,14,Chunk_7/99c94dc769b5d96e|2018-07-24--20-31-30/14,Chunk_7/99c94dc769b5d96e|2018-07-24--20-31-30/14/video.hevc,37498926,True,True,True,1200,True,1200x3,True,1200x3,True,1200x4,1200,894.372895,954.322068,59.949173,20.000276,True,29.101967,30.574983,True,ok,train
Chunk_7,99c94dc769b5d96e|2018-07-24--20-31-30,15,Chunk_7/99c94dc769b5d96e|2018-07-24--20-31-30/15,Chunk_7/99c94dc769b5d96e|2018-07-24--20-31-30/15/video.hevc,37448158,True,True,True,1200,True,1200x3,True,1200x3,True,1200x4,1200,954.372054,1014.321215,59.949161,20.00028,True,28.443345,29.447436,True,ok,train
Chunk_7,99c94dc769b5d96e|2018-07-24--20-31-30,16,Chunk_7/99c94dc769b5d96e|2018-07-24--20-31-30/16,Chunk_7/99c94dc769b5d96e|2018-07-24--20-31-30/16/video.hevc,37480190,True,True,True,1200,True,1200x3,True,1200x3,True,1200x4,1200,1014.371213,1074.32037,59.949157,20.000281,True,28.998698,29.620035,True,ok,train
Chunk_7,99c94dc769b5d96e|2018-07-24--20-31-30,17,Chunk_7/99c94dc769b5d96e|2018-07-24--20-31-30/17,Chunk_7/99c94dc769b5d96e|2018-07-24--20-31-30/17/video.hevc,37555374,True,True,True,1200,True,1200x3,True,1200x3,True,1200x4,1200,1074.370367,1134.319531,59.949164,20.000279,True,30.427863,30.998194,True,ok,train
Chunk_7,99c94dc769b5d96e|2018-07-26--11-09-01,26,Chunk_7/99c94dc769b5d96e|2018-07-26--11-09-01/26,Chunk_7/99c94dc769b5d96e|2018-07-26--11-09-01/26/video.hevc,37463806,True,True,True,1200,True,1200x3,True,1200x3,True,1200x4,1200,75024.839362,75084.788521,59.949159,20.000281,True,33.136815,33.776966,True,ok,train
Chunk_7,99c94dc769b5d96e|2018-07-26--11-09-01,27,Chunk_7/99c94dc769b5d96e|2018-07-26--11-09-01/27,Chunk_7/99c94dc769b5d96e|2018-07-26--11-09-01/27/video.hevc,37494494,True,True,True,1200,True,1200x3,True,1200x3,True,1200x4,1200,75084.838517,75144.787678,59.949161,20.00028,True,33.68239,34.597837,True,ok,train
Chunk_7,99c94dc769b5d96e|2018-07-26--11-09-01,28,Chunk_7/99c94dc769b5d96e|2018-07-26--11-09-01/28,Chunk_7/99c94dc769b5d96e|2018-07-26--11-09-01/28/video.hevc,37510942,True,True,True,1200,True,1200x3,True,1200x3,True,1200x4,1200,75144.837666,75204.786818,59.949152,20.000283,True,34.181226,34.532127,True,ok,train
Chunk_7,99c94dc769b5d96e|2018-07-26--11-09-01,29,Chunk_7/99c94dc769b5d96e|2018-07-26--11-09-01/29,Chunk_7/99c94dc769b5d96e|2018-07-26--11-09-01/29/video.hevc,37473870,True,True,True,1200,True,1200x3,True,1200x3,True,1200x4,1200,75204.836816,75264.785968,59.949152,20.000283,True,33.745677,34.43366,True,ok,train
Chunk_7,99c94dc769b5d96e|2018-07-26--11-09-01,30,Chunk_7/99c94dc769b5d96e|2018-07-26--11-09-01/30,Chunk_7/99c94dc769b5d96e|2018-07-26--11-09-01/30/video.hevc,37458318,True,True,True,1199,True,1199x3,True,1199x3,True,1199x4,1199,75264.835989,75324.73513,59.899141,20.000287,True,32.838906,34.486843,True,ok,train
Chunk_7,99c94dc769b5d96e|2018-07-26--11-09-01,31,Chunk_7/99c94dc769b5d96e|2018-07-26--11-09-01/31,Chunk_7/99c94dc769b5d96e|2018-07-26--11-09-01/31/video.hevc,37569678,True,True,True,1201,True,1201x3,True,1201x3,True,1201x4,1201,75324.785124,75384.784291,59.999167,20.000278,True,34.173652,34.516061,True,ok,train
Chunk_7,99c94dc769b5d96e|2018-07-26--11-09-01,32,Chunk_7/99c94dc769b5d96e|2018-07-26--11-09-01/32,Chunk_7/99c94dc769b5d96e|2018-07-26--11-09-01/32/video.hevc,37499598,True,True,True,1200,True,1200x3,True,1200x3,True,1200x4,1200,75384.834302,75444.783453,59.949151,20.000283,True,33.310498,34.473418,True,ok,train
Chunk_7,99c94dc769b5d96e|2018-07-26--11-09-01,33,Chunk_7/99c94dc769b5d96e|2018-07-26--11-09-01/33,Chunk_7/99c94dc769b5d96e|2018-07-26--11-09-01/33/video.hevc,37492766,True,True,True,1200,True,1200x3,True,1200x3,True,1200x4,1200,75444.833454,75504.782653,59.949199,20.000267,True,33.590878,34.379591,True,ok,train
Chunk_7,99c94dc769b5d96e|2018-07-26--11-09-01,34,Chunk_7/99c94dc769b5d96e|2018-07-26--11-09-01/34,Chunk_7/99c94dc769b5d96e|2018-07-26--11-09-01/34/video.hevc,37435214,True,True,True,1200,True,1200x3,True,1200x3,True,1200x4,1200,75504.832618,75564.781755,59.949137,20.000288,True,11.650062,27.772806,True,ok,train
Chunk_7,99c94dc769b5d96e|2018-07-26--11-09-01,35,Chunk_7/99c94dc769b5d96e|2018-07-26--11-09-01/35,Chunk_7/99c94dc769b5d96e|2018-07-26--11-09-01/35/video.hevc,37471310,True,True,True,1200,True,1200x3,True,1200x3,True,1200x4,1200,75564.831758,75624.780911,59.949153,20.000283,True,4.315688,11.164508,True,ok,train
Chunk_7,99c94dc769b5d96e|2018-07-26--11-09-01,36,Chunk_7/99c94dc769b5d96e|2018-07-26--11-09-01/36,Chunk_7/99c94dc769b5d96e|2018-07-26--11-09-01/36/video.hevc,37398750,True,True,True,1200,True,1200x3,True,1200x3,True,1200x4,1200,75624.830909,75684.780084,59.949175,20.000275,True,6.016983,17.708589,True,ok,train
Chunk_7,99c94dc769b5d96e|2018-07-26--11-09-01,37,Chunk_7/99c94dc769b5d96e|2018-07-26--11-09-01/37,Chunk_7/99c94dc769b5d96e|2018-07-26--11-09-01/37/video.hevc,37484542,True,True,True,1200,True,1200x3,True,1200x3,True,1200x4,1200,75684.83007,75744.779229,59.949159,20.000281,True,8.575191,19.925188,True,ok,train
Chunk_7,99c94dc769b5d96e|2018-07-26--21-25-46,6,Chunk_7/99c94dc769b5d96e|2018-07-26--21-25-46/6,Chunk_7/99c94dc769b5d96e|2018-07-26--21-25-46/6/video.hevc,37485102,True,True,True,1200,True,1200x3,True,1200x3,True,1200x4,1200,110828.803511,110888.752676,59.949165,20.000279,True,16.801048,20.735486,True,ok,validation
Chunk_7,99c94dc769b5d96e|2018-07-26--21-25-46,7,Chunk_7/99c94dc769b5d96e|2018-07-26--21-25-46/7,Chunk_7/99c94dc769b5d96e|2018-07-26--21-25-46/7/video.hevc,37562318,True,True,True,1201,True,1201x3,True,1201x3,True,1201x4,1201,110888.802664,110948.801831,59.999167,20.000278,True,8.336036,14.833974,True,ok,validation
Chunk_7,99c94dc769b5d96e|2018-07-26--21-25-46,8,Chunk_7/99c94dc769b5d96e|2018-07-26--21-25-46/8,Chunk_7/99c94dc769b5d96e|2018-07-26--21-25-46/8/video.hevc,37515374,True,True,True,1200,True,1200x3,True,1200x3,True,1200x4,1200,110948.851836,111008.800979,59.949143,20.000286,True,0.108476,3.721975,True,ok,validation
Chunk_7,99c94dc769b5d96e|2018-07-26--21-25-46,9,Chunk_7/99c94dc769b5d96e|2018-07-26--21-25-46/9,Chunk_7/99c94dc769b5d96e|2018-07-26--21-25-46/9/video.hevc,37482398,True,True,True,1200,True,1200x3,True,1200x3,True,1200x4,1200,111008.850997,111068.800148,59.949151,20.000283,True,18.253554,24.041193,True,ok,validation
Chunk_7,99c94dc769b5d96e|2018-07-26--21-25-46,10,Chunk_7/99c94dc769b5d96e|2018-07-26--21-25-46/10,Chunk_7/99c94dc769b5d96e|2018-07-26--21-25-46/10/video.hevc,37473806,True,True,True,1200,True,1200x3,True,1200x3,True,1200x4,1200,111068.850135,111128.7993,59.949165,20.000279,True,26.726519,30.951057,True,ok,validation
Chunk_7,99c94dc769b5d96e|2018-07-26--21-25-46,11,Chunk_7/99c94dc769b5d96e|2018-07-26--21-25-46/11,Chunk_7/99c94dc769b5d96e|2018-07-26--21-25-46/11/video.hevc,37534174,True,True,True,1200,True,1200x3,True,1200x3,True,1200x4,1200,111128.849298,111188.798465,59.949167,20.000278,True,28.436716,30.594285,True,ok,validation
Chunk_7,99c94dc769b5d96e|2018-07-26--21-25-46,12,Chunk_7/99c94dc769b5d96e|2018-07-26--21-25-46/12,Chunk_7/99c94dc769b5d96e|2018-07-26--21-25-46/12/video.hevc,37575326,True,True,True,1200,True,1200x3,True,1200x3,True,1200x4,1200,111188.848453,111248.797625,59.949172,20.000276,True,27.949442,31.537262,True,ok,validation
Chunk_7,99c94dc769b5d96e|2018-07-26--21-25-46,13,Chunk_7/99c94dc769b5d96e|2018-07-26--21-25-46/13,Chunk_7/99c94dc769b5d96e|2018-07-26--21-25-46/13/video.hevc,37462190,True,True,True,1199,True,1199x3,True,1199x3,True,1199x4,1199,111248.84763,111308.746801,59.899171,20.000277,True,28.46622,29.958517,True,ok,validation
Chunk_7,99c94dc769b5d96e|2018-07-26--21-25-46,14,Chunk_7/99c94dc769b5d96e|2018-07-26--21-25-46/14,Chunk_7/99c94dc769b5d96e|2018-07-26--21-25-46/14/video.hevc,37524574,True,True,True,1201,True,1201x3,True,1201x3,True,1201x4,1201,111308.796767,111368.795928,59.999161,20.00028,True,27.678987,29.856202,True,ok,validation
Chunk_7,99c94dc769b5d96e|2018-07-26--21-25-46,15,Chunk_7/99c94dc769b5d96e|2018-07-26--21-25-46/15,Chunk_7/99c94dc769b5d96e|2018-07-26--21-25-46/15/video.hevc,37474462,True,True,True,1200,True,1200x3,True,1200x3,True,1200x4,1200,111368.845924,111428.795076,59.949152,20.000283,True,34.152341,35.228488,True,ok,validation
Chunk_7,99c94dc769b5d96e|2018-07-26--21-25-46,16,Chunk_7/99c94dc769b5d96e|2018-07-26--21-25-46/16,Chunk_7/99c94dc769b5d96e|2018-07-26--21-25-46/16/video.hevc,37469470,True,True,True,1199,True,1199x3,True,1199x3,True,1199x4,1199,111428.845086,111488.794249,59.949163,19.983598,True,33.598186,34.442264,True,ok,validation
Chunk_7,99c94dc769b5d96e|2018-07-26--21-25-46,17,Chunk_7/99c94dc769b5d96e|2018-07-26--21-25-46/17,Chunk_7/99c94dc769b5d96e|2018-07-26--21-25-46/17/video.hevc,37488126,True,True,True,1200,True,1200x3,True,1200x3,True,1200x4,1200,111488.84425,111548.793395,59.949145,20.000285,True,33.423228,34.412673,True,ok,validation
Chunk_7,99c94dc769b5d96e|2018-07-26--21-25-46,18,Chunk_7/99c94dc769b5d96e|2018-07-26--21-25-46/18,Chunk_7/99c94dc769b5d96e|2018-07-26--21-25-46/18/video.hevc,37388350,True,True,True,1199,True,1199x3,True,1199x3,True,1199x4,1199,111548.843399,111608.742555,59.899156,20.000282,True,33.925962,34.432079,True,ok,validation
Chunk_7,99c94dc769b5d96e|2018-07-27--11-39-28,25,Chunk_7/99c94dc769b5d96e|2018-07-27--11-39-28/25,Chunk_7/99c94dc769b5d96e|2018-07-27--11-39-28/25/video.hevc,37467438,True,True,True,1200,True,1200x3,True,1200x3,True,1200x4,1200,163191.325437,163251.274599,59.949162,20.00028,True,32.851444,33.846201,True,ok,train
Chunk_7,99c94dc769b5d96e|2018-07-27--11-39-28,26,Chunk_7/99c94dc769b5d96e|2018-07-27--11-39-28/26,Chunk_7/99c94dc769b5d96e|2018-07-27--11-39-28/26/video.hevc,37508846,True,True,True,1200,True,1200x3,True,1200x3,True,1200x4,1200,163251.32463,163311.27376,59.94913,20.00029,True,32.777762,33.930123,True,ok,train
Chunk_7,99c94dc769b5d96e|2018-07-27--11-39-28,27,Chunk_7/99c94dc769b5d96e|2018-07-27--11-39-28/27,Chunk_7/99c94dc769b5d96e|2018-07-27--11-39-28/27/video.hevc,37495262,True,True,True,1200,True,1200x3,True,1200x3,True,1200x4,1200,163311.323749,163371.27292,59.949171,20.000277,True,33.308559,33.956477,True,ok,train
Chunk_7,99c94dc769b5d96e|2018-07-27--11-39-28,28,Chunk_7/99c94dc769b5d96e|2018-07-27--11-39-28/28,Chunk_7/99c94dc769b5d96e|2018-07-27--11-39-28/28/video.hevc,37501598,True,True,True,1200,True,1200x3,True,1200x3,True,1200x4,1200,163371.322907,163431.272075,59.949168,20.000278,True,29.275243,31.713322,True,ok,train
Chunk_7,99c94dc769b5d96e|2018-07-27--11-39-28,29,Chunk_7/99c94dc769b5d96e|2018-07-27--11-39-28/29,Chunk_7/99c94dc769b5d96e|2018-07-27--11-39-28/29/video.hevc,37495454,True,True,True,1200,True,1200x3,True,1200x3,True,1200x4,1200,163431.322087,163491.271227,59.94914,20.000287,True,29.56808,31.049073,True,ok,train
Chunk_7,99c94dc769b5d96e|2018-07-27--11-39-28,30,Chunk_7/99c94dc769b5d96e|2018-07-27--11-39-28/30,Chunk_7/99c94dc769b5d96e|2018-07-27--11-39-28/30/video.hevc,37514078,True,True,True,1200,True,1200x3,True,1200x3,True,1200x4,1200,163491.321227,163551.270385,59.949158,20.000281,True,29.210283,31.204917,True,ok,train
Chunk_7,99c94dc769b5d96e|2018-07-27--11-39-28,31,Chunk_7/99c94dc769b5d96e|2018-07-27--11-39-28/31,Chunk_7/99c94dc769b5d96e|2018-07-27--11-39-28/31/video.hevc,37497630,True,True,True,1200,True,1200x3,True,1200x3,True,1200x4,1200,163551.320389,163611.269553,59.949164,20.000279,True,28.543774,31.085096,True,ok,train
Chunk_7,99c94dc769b5d96e|2018-07-27--11-39-28,32,Chunk_7/99c94dc769b5d96e|2018-07-27--11-39-28/32,Chunk_7/99c94dc769b5d96e|2018-07-27--11-39-28/32/video.hevc,37524430,True,True,True,1200,True,1200x3,True,1200x3,True,1200x4,1200,163611.319557,163671.268696,59.949139,20.000287,True,29.922562,31.075497,True,ok,train
Chunk_7,99c94dc769b5d96e|2018-07-27--11-39-28,33,Chunk_7/99c94dc769b5d96e|2018-07-27--11-39-28/33,Chunk_7/99c94dc769b5d96e|2018-07-27--11-39-28/33/video.hevc,37461262,True,True,True,1200,True,1200x3,True,1200x3,True,1200x4,1200,163671.318696,163731.267854,59.949158,20.000281,True,25.417412,31.235214,True,ok,train
Chunk_7,99c94dc769b5d96e|2018-07-27--11-39-28,34,Chunk_7/99c94dc769b5d96e|2018-07-27--11-39-28/34,Chunk_7/99c94dc769b5d96e|2018-07-27--11-39-28/34/video.hevc,37487662,True,True,True,1200,True,1200x3,True,1200x3,True,1200x4,1200,163731.317853,163791.267007,59.949154,20.000282,True,8.592064,19.5713,True,ok,train
Chunk_7,99c94dc769b5d96e|2018-07-27--11-39-28,35,Chunk_7/99c94dc769b5d96e|2018-07-27--11-39-28/35,Chunk_7/99c94dc769b5d96e|2018-07-27--11-39-28/35/video.hevc,37504190,True,True,True,1200,True,1200x3,True,1200x3,True,1200x4,1200,163791.317019,163851.266168,59.949149,20.000284,True,8.079059,19.926202,True,ok,train
Chunk_7,99c94dc769b5d96e|2018-07-27--11-39-28,36,Chunk_7/99c94dc769b5d96e|2018-07-27--11-39-28/36,Chunk_7/99c94dc769b5d96e|2018-07-27--11-39-28/36/video.hevc,37462174,True,True,True,1200,True,1200x3,True,1200x3,True,1200x4,1200,163851.31617,163911.265338,59.949168,20.000278,True,2.043741,17.822727,True,ok,train
Chunk_7,99c94dc769b5d96e|2018-07-27--11-39-28,37,Chunk_7/99c94dc769b5d96e|2018-07-27--11-39-28/37,Chunk_7/99c94dc769b5d96e|2018-07-27--11-39-28/37/video.hevc,37511726,True,True,True,1200,True,1200x3,True,1200x3,True,1200x4,1200,163911.31535,163971.2645,59.94915,20.000284,True,14.438573,17.70429,True,ok,train
Chunk_7,99c94dc769b5d96e|2018-07-27--21-00-35,5,Chunk_7/99c94dc769b5d96e|2018-07-27--21-00-35/5,Chunk_7/99c94dc769b5d96e|2018-07-27--21-00-35/5/video.hevc,37508382,True,True,True,1200,True,1200x3,True,1200x3,True,1200x4,1200,339.630397,399.579552,59.949155,20.000282,True,11.81282,19.353581,True,ok,train
Chunk_7,99c94dc769b5d96e|2018-07-27--21-00-35,6,Chunk_7/99c94dc769b5d96e|2018-07-27--21-00-35/6,Chunk_7/99c94dc769b5d96e|2018-07-27--21-00-35/6/video.hevc,37489214,True,True,True,1200,True,1200x3,True,1200x3,True,1200x4,1200,399.629549,459.578705,59.949156,20.000282,True,19.20393,22.834053,True,ok,train
Chunk_7,99c94dc769b5d96e|2018-07-27--21-00-35,7,Chunk_7/99c94dc769b5d96e|2018-07-27--21-00-35/7,Chunk_7/99c94dc769b5d96e|2018-07-27--21-00-35/7/video.hevc,37574174,True,True,True,1200,True,1200x3,True,1200x3,True,1200x4,1200,459.628706,519.577867,59.949161,20.00028,True,23.296233,26.419569,True,ok,train
Chunk_7,99c94dc769b5d96e|2018-07-27--21-00-35,8,Chunk_7/99c94dc769b5d96e|2018-07-27--21-00-35/8,Chunk_7/99c94dc769b5d96e|2018-07-27--21-00-35/8/video.hevc,37418942,True,True,True,1200,True,1200x3,True,1200x3,True,1200x4,1200,519.627884,579.577022,59.949138,20.000288,True,26.981051,30.442012,True,ok,train
Chunk_7,99c94dc769b5d96e|2018-07-27--21-00-35,9,Chunk_7/99c94dc769b5d96e|2018-07-27--21-00-35/9,Chunk_7/99c94dc769b5d96e|2018-07-27--21-00-35/9/video.hevc,37564462,True,True,True,1201,True,1201x3,True,1201x3,True,1201x4,1201,579.627038,639.626183,59.999145,20.000285,True,27.013913,29.623613,True,ok,train
Chunk_7,99c94dc769b5d96e|2018-07-27--21-00-35,10,Chunk_7/99c94dc769b5d96e|2018-07-27--21-00-35/10,Chunk_7/99c94dc769b5d96e|2018-07-27--21-00-35/10/video.hevc,37453230,True,True,True,1200,True,1200x3,True,1200x3,True,1200x4,1200,639.676179,699.625351,59.949172,20.000276,True,26.051283,30.207685,True,ok,train
Chunk_7,99c94dc769b5d96e|2018-07-27--21-00-35,11,Chunk_7/99c94dc769b5d96e|2018-07-27--21-00-35/11,Chunk_7/99c94dc769b5d96e|2018-07-27--21-00-35/11/video.hevc,37511598,True,True,True,1200,True,1200x3,True,1200x3,True,1200x4,1200,699.67537,759.624493,59.949123,20.000293,True,29.828386,31.394888,True,ok,train
Chunk_7,99c94dc769b5d96e|2018-07-27--21-00-35,12,Chunk_7/99c94dc769b5d96e|2018-07-27--21-00-35/12,Chunk_7/99c94dc769b5d96e|2018-07-27--21-00-35/12/video.hevc,37494798,True,True,True,1200,True,1200x3,True,1200x3,True,1200x4,1200,759.674523,819.623702,59.949179,20.000274,True,29.726741,30.941202,True,ok,train
Chunk_7,99c94dc769b5d96e|2018-07-27--21-00-35,13,Chunk_7/99c94dc769b5d96e|2018-07-27--21-00-35/13,Chunk_7/99c94dc769b5d96e|2018-07-27--21-00-35/13/video.hevc,37470174,True,True,True,1199,True,1199x3,True,1199x3,True,1199x4,1199,819.673647,879.572824,59.899177,20.000275,True,28.851351,29.177792,True,ok,train
Chunk_7,99c94dc769b5d96e|2018-07-27--21-00-35,14,Chunk_7/99c94dc769b5d96e|2018-07-27--21-00-35/14,Chunk_7/99c94dc769b5d96e|2018-07-27--21-00-35/14/video.hevc,37443614,True,True,True,1201,True,1201x3,True,1201x3,True,1201x4,1201,879.622802,939.62196,59.999158,20.000281,True,28.834945,28.950873,True,ok,train
Chunk_7,99c94dc769b5d96e|2018-07-27--21-00-35,15,Chunk_7/99c94dc769b5d96e|2018-07-27--21-00-35/15,Chunk_7/99c94dc769b5d96e|2018-07-27--21-00-35/15/video.hevc,37465806,True,True,True,1200,True,1200x3,True,1200x3,True,1200x4,1200,939.671968,999.621125,59.949157,20.000281,True,28.876761,29.140706,True,ok,train
Chunk_7,99c94dc769b5d96e|2018-07-27--21-00-35,16,Chunk_7/99c94dc769b5d96e|2018-07-27--21-00-35/16,Chunk_7/99c94dc769b5d96e|2018-07-27--21-00-35/16/video.hevc,37420734,True,True,True,1199,True,1199x3,True,1199x3,True,1199x4,1199,999.671125,1059.570276,59.899151,20.000283,True,28.914103,29.17666,True,ok,train
Chunk_7,99c94dc769b5d96e|2018-08-01--14-42-27,1,Chunk_7/99c94dc769b5d96e|2018-08-01--14-42-27/1,Chunk_7/99c94dc769b5d96e|2018-08-01--14-42-27/1/video.hevc,37499150,True,True,True,1200,True,1200x3,True,1200x3,True,1200x4,1200,749.931396,809.88057,59.949174,20.000276,True,23.416398,29.72756,True,ok,train
Chunk_7,99c94dc769b5d96e|2018-08-01--14-42-27,2,Chunk_7/99c94dc769b5d96e|2018-08-01--14-42-27/2,Chunk_7/99c94dc769b5d96e|2018-08-01--14-42-27/2/video.hevc,22259422,True,True,True,713,True,713x3,True,713x3,True,713x4,713,809.93055,845.530045,35.599495,20.000284,True,9.858721,20.433987,True,ok,train
Chunk_7,99c94dc769b5d96e|2018-08-01--14-45-10,0,Chunk_7/99c94dc769b5d96e|2018-08-01--14-45-10/0,Chunk_7/99c94dc769b5d96e|2018-08-01--14-45-10/0/video.hevc,37253102,True,True,True,1191,True,1191x3,True,1191x3,True,1191x4,1191,853.407104,912.906284,59.49918,20.000276,True,0.830841,6.962543,True,ok,test
Chunk_7,99c94dc769b5d96e|2018-08-01--14-45-10,1,Chunk_7/99c94dc769b5d96e|2018-08-01--14-45-10/1,Chunk_7/99c94dc769b5d96e|2018-08-01--14-45-10/1/video.hevc,37508686,True,True,True,1200,True,1200x3,True,1200x3,True,1200x4,1200,912.956274,972.905444,59.94917,20.000277,True,3.481176,11.280096,True,ok,test
Chunk_7,99c94dc769b5d96e|2018-08-01--14-45-10,4,Chunk_7/99c94dc769b5d96e|2018-08-01--14-45-10/4,Chunk_7/99c94dc769b5d96e|2018-08-01--14-45-10/4/video.hevc,37496798,True,True,True,1200,True,1200x3,True,1200x3,True,1200x4,1200,1092.953755,1152.902913,59.949158,20.000281,True,25.884964,31.394462,True,ok,test
Chunk_7,99c94dc769b5d96e|2018-08-01--14-45-10,5,Chunk_7/99c94dc769b5d96e|2018-08-01--14-45-10/5,Chunk_7/99c94dc769b5d96e|2018-08-01--14-45-10/5/video.hevc,37452030,True,True,True,1199,True,1199x3,True,1199x3,True,1199x4,1199,1152.952895,1212.852066,59.899171,20.000277,True,27.77662,30.566831,True,ok,test
Chunk_7,99c94dc769b5d96e|2018-08-01--14-45-10,6,Chunk_7/99c94dc769b5d96e|2018-08-01--14-45-10/6,Chunk_7/99c94dc769b5d96e|2018-08-01--14-45-10/6/video.hevc,37553438,True,True,True,1201,True,1201x3,True,1201x3,True,1201x4,1201,1212.902054,1272.901214,59.99916,20.00028,True,26.188573,32.046204,True,ok,test
Chunk_7,99c94dc769b5d96e|2018-08-01--14-45-10,7,Chunk_7/99c94dc769b5d96e|2018-08-01--14-45-10/7,Chunk_7/99c94dc769b5d96e|2018-08-01--14-45-10/7/video.hevc,37527054,True,True,True,1200,True,1200x3,True,1200x3,True,1200x4,1200,1272.951217,1332.900367,59.94915,20.000284,True,27.433735,32.72264,True,ok,test
Chunk_7,99c94dc769b5d96e|2018-08-01--14-45-10,18,Chunk_7/99c94dc769b5d96e|2018-08-01--14-45-10/18,Chunk_7/99c94dc769b5d96e|2018-08-01--14-45-10/18/video.hevc,37456590,True,True,True,1200,True,1200x3,True,1200x3,True,1200x4,1200,1932.941974,1992.891113,59.949139,20.000287,True,25.467806,28.502914,True,ok,test
Chunk_7,99c94dc769b5d96e|2018-08-01--14-45-10,19,Chunk_7/99c94dc769b5d96e|2018-08-01--14-45-10/19,Chunk_7/99c94dc769b5d96e|2018-08-01--14-45-10/19/video.hevc,37482782,True,True,True,1200,True,1200x3,True,1200x3,True,1200x4,1200,1992.94111,2052.890289,59.949179,20.000274,True,27.84611,30.748258,True,ok,test
Chunk_7,99c94dc769b5d96e|2018-08-01--14-45-10,20,Chunk_7/99c94dc769b5d96e|2018-08-01--14-45-10/20,Chunk_7/99c94dc769b5d96e|2018-08-01--14-45-10/20/video.hevc,37506206,True,True,True,1200,True,1200x3,True,1200x3,True,1200x4,1200,2052.94027,2112.889427,59.949157,20.000281,True,29.656784,30.922526,True,ok,test
Chunk_7,99c94dc769b5d96e|2018-08-01--14-45-10,21,Chunk_7/99c94dc769b5d96e|2018-08-01--14-45-10/21,Chunk_7/99c94dc769b5d96e|2018-08-01--14-45-10/21/video.hevc,37493694,True,True,True,1200,True,1200x3,True,1200x3,True,1200x4,1200,2112.939436,2172.888581,59.949145,20.000285,True,29.198892,30.380826,True,ok,test
Chunk_7,99c94dc769b5d96e|2018-08-01--14-45-10,22,Chunk_7/99c94dc769b5d96e|2018-08-01--14-45-10/22,Chunk_7/99c94dc769b5d96e|2018-08-01--14-45-10/22/video.hevc,37510990,True,True,True,1200,True,1200x3,True,1200x3,True,1200x4,1200,2172.938586,2232.887721,59.949135,20.000289,True,29.848376,31.028179,True,ok,test
Chunk_7,99c94dc769b5d96e|2018-08-01--14-45-10,23,Chunk_7/99c94dc769b5d96e|2018-08-01--14-45-10/23,Chunk_7/99c94dc769b5d96e|2018-08-01--14-45-10/23/video.hevc,37490558,True,True,True,1200,True,1200x3,True,1200x3,True,1200x4,1200,2232.93772,2292.886893,59.949173,20.000276,True,30.191784,30.822576,True,ok,test
Chunk_7,99c94dc769b5d96e|2018-08-01--14-45-10,24,Chunk_7/99c94dc769b5d96e|2018-08-01--14-45-10/24,Chunk_7/99c94dc769b5d96e|2018-08-01--14-45-10/24/video.hevc,37478430,True,True,True,1200,True,1200x3,True,1200x3,True,1200x4,1200,2292.936882,2352.886048,59.949166,20.000278,True,23.63454,29.525551,True,ok,test
Chunk_7,99c94dc769b5d96e|2018-08-01--14-45-10,25,Chunk_7/99c94dc769b5d96e|2018-08-01--14-45-10/25,Chunk_7/99c94dc769b5d96e|2018-08-01--14-45-10/25/video.hevc,37490366,True,True,True,1200,True,1200x3,True,1200x3,True,1200x4,1200,2352.936053,2412.885211,59.949158,20.000281,True,5.840135,19.446427,True,ok,test
Chunk_7,99c94dc769b5d96e|2018-08-01--14-45-10,26,Chunk_7/99c94dc769b5d96e|2018-08-01--14-45-10/26,Chunk_7/99c94dc769b5d96e|2018-08-01--14-45-10/26/video.hevc,37399518,True,True,True,1198,True,1198x3,True,1198x3,True,1198x4,1198,2412.935198,2472.884358,59.94916,19.966919,True,2.888886,9.597746,True,ok,test
Chunk_7,99c94dc769b5d96e|2018-08-01--14-45-10,27,Chunk_7/99c94dc769b5d96e|2018-08-01--14-45-10/27,Chunk_7/99c94dc769b5d96e|2018-08-01--14-45-10/27/video.hevc,37495246,True,True,True,1200,True,1200x3,True,1200x3,True,1200x4,1200,2472.934358,2532.88351,59.949152,20.000283,True,6.300551,16.384954,True,ok,test
Chunk_7,99c94dc769b5d96e|2018-08-01--14-45-10,28,Chunk_7/99c94dc769b5d96e|2018-08-01--14-45-10/28,Chunk_7/99c94dc769b5d96e|2018-08-01--14-45-10/28/video.hevc,37503102,True,True,True,1200,True,1200x3,True,1200x3,True,1200x4,1200,2532.933511,2592.882666,59.949155,20.000282,True,15.604352,19.388576,True,ok,test
Chunk_7,99c94dc769b5d96e|2018-08-03--14-04-02,13,Chunk_7/99c94dc769b5d96e|2018-08-03--14-04-02/13,Chunk_7/99c94dc769b5d96e|2018-08-03--14-04-02/13/video.hevc,37503502,True,True,True,1198,True,1198x3,True,1198x3,True,1198x4,1198,48156.349499,48216.298653,59.949154,19.966921,True,10.67611,21.375439,True,ok,test
Chunk_7,99c94dc769b5d96e|2018-08-03--14-04-02,14,Chunk_7/99c94dc769b5d96e|2018-08-03--14-04-02/14,Chunk_7/99c94dc769b5d96e|2018-08-03--14-04-02/14/video.hevc,37538734,True,True,True,1187,True,1187x3,True,1187x3,True,1187x4,1187,48216.348651,48276.297832,59.949181,19.783423,True,4.749729,20.771148,True,ok,test
Chunk_7,99c94dc769b5d96e|2018-08-03--14-04-02,15,Chunk_7/99c94dc769b5d96e|2018-08-03--14-04-02/15,Chunk_7/99c94dc769b5d96e|2018-08-03--14-04-02/15/video.hevc,37456062,True,True,True,1200,True,1200x3,True,1200x3,True,1200x4,1200,48276.347813,48336.296974,59.949161,20.00028,True,4.873803,16.302997,True,ok,test
Chunk_7,99c94dc769b5d96e|2018-08-03--14-04-02,16,Chunk_7/99c94dc769b5d96e|2018-08-03--14-04-02/16,Chunk_7/99c94dc769b5d96e|2018-08-03--14-04-02/16/video.hevc,37416494,True,True,True,1200,True,1200x3,True,1200x3,True,1200x4,1200,48336.346976,48396.296132,59.949156,20.000282,True,2.427641,16.814185,True,ok,test
Chunk_7,99c94dc769b5d96e|2018-08-03--14-04-02,17,Chunk_7/99c94dc769b5d96e|2018-08-03--14-04-02/17,Chunk_7/99c94dc769b5d96e|2018-08-03--14-04-02/17/video.hevc,37522686,True,True,True,1200,True,1200x3,True,1200x3,True,1200x4,1200,48396.34613,48456.295278,59.949148,20.000284,True,8.814807,23.84662,True,ok,test
Chunk_7,99c94dc769b5d96e|2018-08-03--14-04-02,18,Chunk_7/99c94dc769b5d96e|2018-08-03--14-04-02/18,Chunk_7/99c94dc769b5d96e|2018-08-03--14-04-02/18/video.hevc,37458286,True,True,True,1200,True,1200x3,True,1200x3,True,1200x4,1200,48456.345288,48516.294442,59.949154,20.000282,True,5.94706,17.444046,True,ok,test
Chunk_7,99c94dc769b5d96e|2018-08-03--14-04-02,22,Chunk_7/99c94dc769b5d96e|2018-08-03--14-04-02/22,Chunk_7/99c94dc769b5d96e|2018-08-03--14-04-02/22/video.hevc,37448830,True,True,True,1200,True,1200x3,True,1200x3,True,1200x4,1200,48696.341917,48756.291086,59.949169,20.000277,True,9.093599,16.746887,True,ok,test
Chunk_7,99c94dc769b5d96e|2018-08-03--14-04-02,23,Chunk_7/99c94dc769b5d96e|2018-08-03--14-04-02/23,Chunk_7/99c94dc769b5d96e|2018-08-03--14-04-02/23/video.hevc,37509326,True,True,True,1200,True,1200x3,True,1200x3,True,1200x4,1200,48756.341069,48816.290227,59.949158,20.000281,True,4.907119,11.802357,True,ok,test
Chunk_7,99c94dc769b5d96e|2018-08-03--14-04-02,24,Chunk_7/99c94dc769b5d96e|2018-08-03--14-04-02/24,Chunk_7/99c94dc769b5d96e|2018-08-03--14-04-02/24/video.hevc,37458478,True,True,True,1200,True,1200x3,True,1200x3,True,1200x4,1200,48816.340222,48876.289382,59.94916,20.00028,True,8.516399,16.458924,True,ok,test
Chunk_7,99c94dc769b5d96e|2018-08-03--14-04-02,25,Chunk_7/99c94dc769b5d96e|2018-08-03--14-04-02/25,Chunk_7/99c94dc769b5d96e|2018-08-03--14-04-02/25/video.hevc,37482878,True,True,True,1200,True,1200x3,True,1200x3,True,1200x4,1200,48876.339381,48936.288535,59.949154,20.000282,True,3.64103,9.537801,True,ok,test
Chunk_7,99c94dc769b5d96e|2018-08-03--14-04-02,26,Chunk_7/99c94dc769b5d96e|2018-08-03--14-04-02/26,Chunk_7/99c94dc769b5d96e|2018-08-03--14-04-02/26/video.hevc,37445886,True,True,True,1200,True,1200x3,True,1200x3,True,1200x4,1200,48936.33854,48996.287697,59.949157,20.000281,True,0.194223,2.984727,True,ok,test
Chunk_7,99c94dc769b5d96e|2018-08-03--14-04-02,27,Chunk_7/99c94dc769b5d96e|2018-08-03--14-04-02/27,Chunk_7/99c94dc769b5d96e|2018-08-03--14-04-02/27/video.hevc,37502846,True,True,True,1200,True,1200x3,True,1200x3,True,1200x4,1200,48996.33769,49056.286848,59.949158,20.000281,True,17.123298,20.960258,True,ok,test
Chunk_7,99c94dc769b5d96e|2018-08-07--00-46-34,1,Chunk_7/99c94dc769b5d96e|2018-08-07--00-46-34/1,Chunk_7/99c94dc769b5d96e|2018-08-07--00-46-34/1/video.hevc,37485870,True,True,True,1200,True,1200x3,True,1200x3,True,1200x4,1200,182.195716,242.144871,59.949155,20.000282,True,16.383027,19.653984,True,ok,validation
Chunk_7,99c94dc769b5d96e|2018-08-07--00-46-34,2,Chunk_7/99c94dc769b5d96e|2018-08-07--00-46-34/2,Chunk_7/99c94dc769b5d96e|2018-08-07--00-46-34/2/video.hevc,36765118,True,True,True,1175,True,1175x3,True,1175x3,True,1175x4,1175,242.194879,300.894062,58.699183,20.000278,True,0.767152,6.550573,True,ok,validation
Chunk_7,99c94dc769b5d96e|2018-08-07--00-51-33,1,Chunk_7/99c94dc769b5d96e|2018-08-07--00-51-33/1,Chunk_7/99c94dc769b5d96e|2018-08-07--00-51-33/1/video.hevc,37488334,True,True,True,1200,True,1200x3,True,1200x3,True,1200x4,1200,481.262374,541.211516,59.949142,20.000286,True,9.426895,24.201849,True,ok,train
Chunk_7,99c94dc769b5d96e|2018-08-07--00-51-33,2,Chunk_7/99c94dc769b5d96e|2018-08-07--00-51-33/2,Chunk_7/99c94dc769b5d96e|2018-08-07--00-51-33/2/video.hevc,37528942,True,True,True,1200,True,1200x3,True,1200x3,True,1200x4,1200,541.261554,601.210674,59.94912,20.000294,True,27.719605,29.746306,True,ok,train
Chunk_7,99c94dc769b5d96e|2018-08-07--00-51-33,3,Chunk_7/99c94dc769b5d96e|2018-08-07--00-51-33/3,Chunk_7/99c94dc769b5d96e|2018-08-07--00-51-33/3/video.hevc,37512110,True,True,True,1200,True,1200x3,True,1200x3,True,1200x4,1200,601.260674,661.209834,59.94916,20.00028,True,31.060204,31.454988,True,ok,train
Chunk_7,99c94dc769b5d96e|2018-08-07--00-51-33,4,Chunk_7/99c94dc769b5d96e|2018-08-07--00-51-33/4,Chunk_7/99c94dc769b5d96e|2018-08-07--00-51-33/4/video.hevc,37534574,True,True,True,1200,True,1200x3,True,1200x3,True,1200x4,1200,661.259829,721.208992,59.949163,20.000279,True,31.329425,31.65703,True,ok,train
Chunk_7,99c94dc769b5d96e|2018-08-07--00-51-33,5,Chunk_7/99c94dc769b5d96e|2018-08-07--00-51-33/5,Chunk_7/99c94dc769b5d96e|2018-08-07--00-51-33/5/video.hevc,37489006,True,True,True,1200,True,1200x3,True,1200x3,True,1200x4,1200,721.258993,781.208169,59.949176,20.000275,True,31.395596,31.66895,True,ok,train
Chunk_7,99c94dc769b5d96e|2018-08-07--00-51-33,6,Chunk_7/99c94dc769b5d96e|2018-08-07--00-51-33/6,Chunk_7/99c94dc769b5d96e|2018-08-07--00-51-33/6/video.hevc,37505854,True,True,True,1201,True,1201x3,True,1201x3,True,1201x4,1201,781.25816,841.25733,59.99917,20.000277,True,31.393624,31.661533,True,ok,train
Chunk_7,99c94dc769b5d96e|2018-08-07--00-51-33,7,Chunk_7/99c94dc769b5d96e|2018-08-07--00-51-33/7,Chunk_7/99c94dc769b5d96e|2018-08-07--00-51-33/7/video.hevc,37326110,True,True,True,1199,True,1199x3,True,1199x3,True,1199x4,1199,841.307317,901.20646,59.899143,20.000286,True,31.345672,31.691971,True,ok,train
Chunk_7,99c94dc769b5d96e|2018-08-07--00-51-33,8,Chunk_7/99c94dc769b5d96e|2018-08-07--00-51-33/8,Chunk_7/99c94dc769b5d96e|2018-08-07--00-51-33/8/video.hevc,37378014,True,True,True,1200,True,1200x3,True,1200x3,True,1200x4,1200,901.256462,961.205621,59.949159,20.000281,True,33.628838,34.245113,True,ok,train
Chunk_7,99c94dc769b5d96e|2018-08-07--00-51-33,9,Chunk_7/99c94dc769b5d96e|2018-08-07--00-51-33/9,Chunk_7/99c94dc769b5d96e|2018-08-07--00-51-33/9/video.hevc,37432414,True,True,True,1200,True,1200x3,True,1200x3,True,1200x4,1200,961.255626,1021.204781,59.949155,20.000282,True,34.103507,34.34333,True,ok,train
Chunk_7,99c94dc769b5d96e|2018-08-07--00-51-33,10,Chunk_7/99c94dc769b5d96e|2018-08-07--00-51-33/10,Chunk_7/99c94dc769b5d96e|2018-08-07--00-51-33/10/video.hevc,37528862,True,True,True,1200,True,1200x3,True,1200x3,True,1200x4,1200,1021.254803,1081.20393,59.949127,20.000291,True,34.167986,34.438423,True,ok,train
Chunk_7,99c94dc769b5d96e|2018-08-07--10-03-55,44,Chunk_7/99c94dc769b5d96e|2018-08-07--10-03-55/44,Chunk_7/99c94dc769b5d96e|2018-08-07--10-03-55/44/video.hevc,37478446,True,True,True,1200,True,1200x3,True,1200x3,True,1200x4,1200,6707.370174,6767.319369,59.949195,20.000269,True,32.003049,32.757647,True,ok,train
Chunk_7,99c94dc769b5d96e|2018-08-07--10-03-55,45,Chunk_7/99c94dc769b5d96e|2018-08-07--10-03-55/45,Chunk_7/99c94dc769b5d96e|2018-08-07--10-03-55/45/video.hevc,37462478,True,True,True,1200,True,1200x3,True,1200x3,True,1200x4,1200,6767.369316,6827.318484,59.949168,20.000278,True,32.170673,32.838355,True,ok,train
Chunk_7,99c94dc769b5d96e|2018-08-07--10-03-55,46,Chunk_7/99c94dc769b5d96e|2018-08-07--10-03-55/46,Chunk_7/99c94dc769b5d96e|2018-08-07--10-03-55/46/video.hevc,37511678,True,True,True,1200,True,1200x3,True,1200x3,True,1200x4,1200,6827.368474,6887.317627,59.949153,20.000283,True,32.042953,32.88449,True,ok,train
Chunk_7,99c94dc769b5d96e|2018-08-07--10-03-55,47,Chunk_7/99c94dc769b5d96e|2018-08-07--10-03-55/47,Chunk_7/99c94dc769b5d96e|2018-08-07--10-03-55/47/video.hevc,37498238,True,True,True,1200,True,1200x3,True,1200x3,True,1200x4,1200,6887.367624,6947.316787,59.949163,20.000279,True,31.236032,32.696782,True,ok,train
Chunk_7,99c94dc769b5d96e|2018-08-07--10-03-55,48,Chunk_7/99c94dc769b5d96e|2018-08-07--10-03-55/48,Chunk_7/99c94dc769b5d96e|2018-08-07--10-03-55/48/video.hevc,37480830,True,True,True,1200,True,1200x3,True,1200x3,True,1200x4,1200,6947.366774,7007.31594,59.949166,20.000278,True,30.303215,32.3164,True,ok,train
Chunk_7,99c94dc769b5d96e|2018-08-07--10-03-55,49,Chunk_7/99c94dc769b5d96e|2018-08-07--10-03-55/49,Chunk_7/99c94dc769b5d96e|2018-08-07--10-03-55/49/video.hevc,37481422,True,True,True,1200,True,1200x3,True,1200x3,True,1200x4,1200,7007.365965,7067.315127,59.949162,20.00028,True,28.860973,29.580139,True,ok,train
Chunk_7,99c94dc769b5d96e|2018-08-07--10-03-55,50,Chunk_7/99c94dc769b5d96e|2018-08-07--10-03-55/50,Chunk_7/99c94dc769b5d96e|2018-08-07--10-03-55/50/video.hevc,37483774,True,True,True,1199,True,1199x3,True,1199x3,True,1199x4,1199,7067.365133,7127.26426,59.899127,20.000291,True,30.664663,31.498253,True,ok,train
Chunk_7,99c94dc769b5d96e|2018-08-07--10-03-55,51,Chunk_7/99c94dc769b5d96e|2018-08-07--10-03-55/51,Chunk_7/99c94dc769b5d96e|2018-08-07--10-03-55/51/video.hevc,37572014,True,True,True,1201,True,1201x3,True,1201x3,True,1201x4,1201,7127.314257,7187.313416,59.999159,20.00028,True,29.953439,31.982624,True,ok,train
Chunk_7,99c94dc769b5d96e|2018-08-07--10-03-55,52,Chunk_7/99c94dc769b5d96e|2018-08-07--10-03-55/52,Chunk_7/99c94dc769b5d96e|2018-08-07--10-03-55/52/video.hevc,37464830,True,True,True,1199,True,1199x3,True,1199x3,True,1199x4,1199,7187.363411,7247.262564,59.899153,20.000283,True,29.846207,32.257899,True,ok,train
Chunk_7,99c94dc769b5d96e|2018-08-07--10-03-55,53,Chunk_7/99c94dc769b5d96e|2018-08-07--10-03-55/53,Chunk_7/99c94dc769b5d96e|2018-08-07--10-03-55/53/video.hevc,37554974,True,True,True,1201,True,1201x3,True,1201x3,True,1201x4,1201,7247.312563,7307.311746,59.999183,20.000272,True,24.689917,28.233813,True,ok,train
Chunk_7,99c94dc769b5d96e|2018-08-07--10-03-55,54,Chunk_7/99c94dc769b5d96e|2018-08-07--10-03-55/54,Chunk_7/99c94dc769b5d96e|2018-08-07--10-03-55/54/video.hevc,37448814,True,True,True,1200,True,1200x3,True,1200x3,True,1200x4,1200,7307.361725,7367.310881,59.949156,20.000282,True,6.339898,19.587234,True,ok,train
Chunk_7,99c94dc769b5d96e|2018-08-07--10-03-55,55,Chunk_7/99c94dc769b5d96e|2018-08-07--10-03-55/55,Chunk_7/99c94dc769b5d96e|2018-08-07--10-03-55/55/video.hevc,37455438,True,True,True,1200,True,1200x3,True,1200x3,True,1200x4,1200,7367.360882,7427.310039,59.949157,20.000281,True,10.473667,17.792928,True,ok,train
Chunk_7,99c94dc769b5d96e|2018-08-07--10-03-55,56,Chunk_7/99c94dc769b5d96e|2018-08-07--10-03-55/56,Chunk_7/99c94dc769b5d96e|2018-08-07--10-03-55/56/video.hevc,37457342,True,True,True,1200,True,1200x3,True,1200x3,True,1200x4,1200,7427.36006,7487.309198,59.949138,20.000288,True,15.596159,19.259414,True,ok,train
Chunk_7,99c94dc769b5d96e|2018-08-07--21-47-41,3,Chunk_7/99c94dc769b5d96e|2018-08-07--21-47-41/3,Chunk_7/99c94dc769b5d96e|2018-08-07--21-47-41/3/video.hevc,37515390,True,True,True,1200,True,1200x3,True,1200x3,True,1200x4,1200,46472.829473,46532.778653,59.94918,20.000274,True,15.996337,20.33658,True,ok,train
Chunk_7,99c94dc769b5d96e|2018-08-07--21-47-41,4,Chunk_7/99c94dc769b5d96e|2018-08-07--21-47-41/4,Chunk_7/99c94dc769b5d96e|2018-08-07--21-47-41/4/video.hevc,37471982,True,True,True,1200,True,1200x3,True,1200x3,True,1200x4,1200,46532.828622,46592.777774,59.949152,20.000283,True,16.143281,23.74427,True,ok,train
Chunk_7,99c94dc769b5d96e|2018-08-07--21-47-41,5,Chunk_7/99c94dc769b5d96e|2018-08-07--21-47-41/5,Chunk_7/99c94dc769b5d96e|2018-08-07--21-47-41/5/video.hevc,37449294,True,True,True,1200,True,1200x3,True,1200x3,True,1200x4,1200,46592.827779,46652.77693,59.949151,20.000283,True,26.883556,31.145679,True,ok,train
Chunk_7,99c94dc769b5d96e|2018-08-07--21-47-41,6,Chunk_7/99c94dc769b5d96e|2018-08-07--21-47-41/6,Chunk_7/99c94dc769b5d96e|2018-08-07--21-47-41/6/video.hevc,37372958,True,True,True,1200,True,1200x3,True,1200x3,True,1200x4,1200,46652.826954,46712.776094,59.94914,20.000287,True,31.780436,32.064305,True,ok,train
Chunk_7,99c94dc769b5d96e|2018-08-07--21-47-41,7,Chunk_7/99c94dc769b5d96e|2018-08-07--21-47-41/7,Chunk_7/99c94dc769b5d96e|2018-08-07--21-47-41/7/video.hevc,37448558,True,True,True,1200,True,1200x3,True,1200x3,True,1200x4,1200,46712.826085,46772.775263,59.949178,20.000274,True,31.481206,32.139609,True,ok,train
Chunk_7,99c94dc769b5d96e|2018-08-07--21-47-41,8,Chunk_7/99c94dc769b5d96e|2018-08-07--21-47-41/8,Chunk_7/99c94dc769b5d96e|2018-08-07--21-47-41/8/video.hevc,37551054,True,True,True,1200,True,1200x3,True,1200x3,True,1200x4,1200,46772.825248,46832.774403,59.949155,20.000282,True,31.146058,32.369888,True,ok,train
Chunk_7,99c94dc769b5d96e|2018-08-07--21-47-41,9,Chunk_7/99c94dc769b5d96e|2018-08-07--21-47-41/9,Chunk_7/99c94dc769b5d96e|2018-08-07--21-47-41/9/video.hevc,37444702,True,True,True,1200,True,1200x3,True,1200x3,True,1200x4,1200,46832.824409,46892.773568,59.949159,20.000281,True,31.380132,32.334242,True,ok,train
Chunk_7,99c94dc769b5d96e|2018-08-07--21-47-41,10,Chunk_7/99c94dc769b5d96e|2018-08-07--21-47-41/10,Chunk_7/99c94dc769b5d96e|2018-08-07--21-47-41/10/video.hevc,37395182,True,True,True,1200,True,1200x3,True,1200x3,True,1200x4,1200,46892.823558,46952.772737,59.949179,20.000274,True,31.909893,32.288595,True,ok,train
Chunk_7,99c94dc769b5d96e|2018-08-07--21-47-41,11,Chunk_7/99c94dc769b5d96e|2018-08-07--21-47-41/11,Chunk_7/99c94dc769b5d96e|2018-08-07--21-47-41/11/video.hevc,37362478,True,True,True,1200,True,1200x3,True,1200x3,True,1200x4,1200,46952.822715,47012.771888,59.949173,20.000276,True,31.839136,32.242531,True,ok,train
Chunk_7,99c94dc769b5d96e|2018-08-07--21-47-41,12,Chunk_7/99c94dc769b5d96e|2018-08-07--21-47-41/12,Chunk_7/99c94dc769b5d96e|2018-08-07--21-47-41/12/video.hevc,37400254,True,True,True,1200,True,1200x3,True,1200x3,True,1200x4,1200,47012.821871,47072.771052,59.949181,20.000273,True,31.308007,31.830849,True,ok,train
Chunk_7,99c94dc769b5d96e|2018-08-07--21-47-41,13,Chunk_7/99c94dc769b5d96e|2018-08-07--21-47-41/13,Chunk_7/99c94dc769b5d96e|2018-08-07--21-47-41/13/video.hevc,37483966,True,True,True,1200,True,1200x3,True,1200x3,True,1200x4,1200,47072.821034,47132.770183,59.949149,20.000284,True,31.447003,32.043039,True,ok,train
Chunk_8,99c94dc769b5d96e|2018-08-08--11-11-16,28,Chunk_8/99c94dc769b5d96e|2018-08-08--11-11-16/28,Chunk_8/99c94dc769b5d96e|2018-08-08--11-11-16/28/video.hevc,37465598,True,True,True,1200,True,1200x3,True,1200x3,True,1200x4,1200,96187.46537,96247.41453,59.94916,20.00028,True,32.430127,33.022147,True,ok,train
Chunk_8,99c94dc769b5d96e|2018-08-08--11-11-16,29,Chunk_8/99c94dc769b5d96e|2018-08-08--11-11-16/29,Chunk_8/99c94dc769b5d96e|2018-08-08--11-11-16/29/video.hevc,37493966,True,True,True,1200,True,1200x3,True,1200x3,True,1200x4,1200,96247.464542,96307.413708,59.949166,20.000278,True,33.346402,34.379815,True,ok,train
Chunk_8,99c94dc769b5d96e|2018-08-08--11-11-16,30,Chunk_8/99c94dc769b5d96e|2018-08-08--11-11-16/30,Chunk_8/99c94dc769b5d96e|2018-08-08--11-11-16/30/video.hevc,37502414,True,True,True,1200,True,1200x3,True,1200x3,True,1200x4,1200,96307.463709,96367.412847,59.949138,20.000288,True,34.224199,34.602711,True,ok,train
Chunk_8,99c94dc769b5d96e|2018-08-08--11-11-16,31,Chunk_8/99c94dc769b5d96e|2018-08-08--11-11-16/31,Chunk_8/99c94dc769b5d96e|2018-08-08--11-11-16/31/video.hevc,37490446,True,True,True,1200,True,1200x3,True,1200x3,True,1200x4,1200,96367.462884,96427.412003,59.949119,20.000294,True,33.937969,34.534266,True,ok,train
Chunk_8,99c94dc769b5d96e|2018-08-08--11-11-16,32,Chunk_8/99c94dc769b5d96e|2018-08-08--11-11-16/32,Chunk_8/99c94dc769b5d96e|2018-08-08--11-11-16/32/video.hevc,37498622,True,True,True,1199,True,1199x3,True,1199x3,True,1199x4,1199,96427.462,96487.411169,59.949169,19.983596,True,29.692753,32.811955,True,ok,train
Chunk_8,99c94dc769b5d96e|2018-08-08--11-11-16,33,Chunk_8/99c94dc769b5d96e|2018-08-08--11-11-16/33,Chunk_8/99c94dc769b5d96e|2018-08-08--11-11-16/33/video.hevc,37468862,True,True,True,1200,True,1200x3,True,1200x3,True,1200x4,1200,96487.461195,96547.410323,59.949128,20.000291,True,30.741201,34.593059,True,ok,train
Chunk_8,99c94dc769b5d96e|2018-08-08--11-11-16,34,Chunk_8/99c94dc769b5d96e|2018-08-08--11-11-16/34,Chunk_8/99c94dc769b5d96e|2018-08-08--11-11-16/34/video.hevc,37527694,True,True,True,1200,True,1200x3,True,1200x3,True,1200x4,1200,96547.460335,96607.409473,59.949138,20.000288,True,31.060163,32.456855,True,ok,train
Chunk_8,99c94dc769b5d96e|2018-08-08--11-11-16,35,Chunk_8/99c94dc769b5d96e|2018-08-08--11-11-16/35,Chunk_8/99c94dc769b5d96e|2018-08-08--11-11-16/35/video.hevc,37450910,True,True,True,1199,True,1199x3,True,1199x3,True,1199x4,1199,96607.459484,96667.358641,59.899157,20.000281,True,33.179543,34.349343,True,ok,train
Chunk_8,99c94dc769b5d96e|2018-08-08--11-11-16,36,Chunk_8/99c94dc769b5d96e|2018-08-08--11-11-16/36,Chunk_8/99c94dc769b5d96e|2018-08-08--11-11-16/36/video.hevc,37594334,True,True,True,1201,True,1201x3,True,1201x3,True,1201x4,1201,96667.408633,96727.407791,59.999158,20.000281,True,26.031427,34.221995,True,ok,train
Chunk_8,99c94dc769b5d96e|2018-08-08--11-11-16,37,Chunk_8/99c94dc769b5d96e|2018-08-08--11-11-16/37,Chunk_8/99c94dc769b5d96e|2018-08-08--11-11-16/37/video.hevc,37510030,True,True,True,1200,True,1200x3,True,1200x3,True,1200x4,1200,96727.457784,96787.406942,59.949158,20.000281,True,9.766804,19.677942,True,ok,train
Chunk_8,99c94dc769b5d96e|2018-08-08--11-11-16,38,Chunk_8/99c94dc769b5d96e|2018-08-08--11-11-16/38,Chunk_8/99c94dc769b5d96e|2018-08-08--11-11-16/38/video.hevc,37509182,True,True,True,1196,True,1196x3,True,1196x3,True,1196x4,1196,96787.456941,96847.406105,59.949164,19.933556,True,10.621943,17.396499,True,ok,train
Chunk_8,99c94dc769b5d96e|2018-08-17--09-18-11,50,Chunk_8/99c94dc769b5d96e|2018-08-17--09-18-11/50,Chunk_8/99c94dc769b5d96e|2018-08-17--09-18-11/50/video.hevc,37427470,True,True,True,1200,True,1200x3,True,1200x3,True,1200x4,1200,647254.309975,647314.259139,59.949164,20.000279,True,13.592891,17.100906,True,ok,train
Chunk_8,99c94dc769b5d96e|2018-08-17--09-18-11,51,Chunk_8/99c94dc769b5d96e|2018-08-17--09-18-11/51,Chunk_8/99c94dc769b5d96e|2018-08-17--09-18-11/51/video.hevc,37456974,True,True,True,1200,True,1200x3,True,1200x3,True,1200x4,1200,647314.309129,647374.258293,59.949164,20.000279,True,14.384114,22.968627,True,ok,train
Chunk_8,99c94dc769b5d96e|2018-08-17--09-18-11,53,Chunk_8/99c94dc769b5d96e|2018-08-17--09-18-11/53,Chunk_8/99c94dc769b5d96e|2018-08-17--09-18-11/53/video.hevc,37432462,True,True,True,1200,True,1200x3,True,1200x3,True,1200x4,1200,647434.307466,647494.256607,59.949141,20.000287,True,8.279095,18.203113,True,ok,train
Chunk_8,99c94dc769b5d96e|2018-08-17--15-51-25,6,Chunk_8/99c94dc769b5d96e|2018-08-17--15-51-25/6,Chunk_8/99c94dc769b5d96e|2018-08-17--15-51-25/6/video.hevc,37504462,True,True,True,1200,True,1200x3,True,1200x3,True,1200x4,1200,668206.538675,668266.487844,59.949169,20.000277,True,10.226371,20.19353,True,ok,train
Chunk_8,99c94dc769b5d96e|2018-08-17--15-51-25,7,Chunk_8/99c94dc769b5d96e|2018-08-17--15-51-25/7,Chunk_8/99c94dc769b5d96e|2018-08-17--15-51-25/7/video.hevc,37469518,True,True,True,1200,True,1200x3,True,1200x3,True,1200x4,1200,668266.537849,668326.486994,59.949145,20.000285,True,6.560707,14.501581,True,ok,train
Chunk_8,99c94dc769b5d96e|2018-08-17--15-51-25,8,Chunk_8/99c94dc769b5d96e|2018-08-17--15-51-25/8,Chunk_8/99c94dc769b5d96e|2018-08-17--15-51-25/8/video.hevc,37466254,True,True,True,1200,True,1200x3,True,1200x3,True,1200x4,1200,668326.536996,668386.486144,59.949148,20.000284,True,0.392198,6.505733,True,ok,train
Chunk_8,99c94dc769b5d96e|2018-08-17--15-51-25,9,Chunk_8/99c94dc769b5d96e|2018-08-17--15-51-25/9,Chunk_8/99c94dc769b5d96e|2018-08-17--15-51-25/9/video.hevc,37480174,True,True,True,1200,True,1200x3,True,1200x3,True,1200x4,1200,668386.536157,668446.485316,59.949159,20.000281,True,2.631628,15.325853,True,ok,train
Chunk_8,99c94dc769b5d96e|2018-08-17--15-51-25,10,Chunk_8/99c94dc769b5d96e|2018-08-17--15-51-25/10,Chunk_8/99c94dc769b5d96e|2018-08-17--15-51-25/10/video.hevc,37495630,True,True,True,1200,True,1200x3,True,1200x3,True,1200x4,1200,668446.535297,668506.484484,59.949187,20.000271,True,25.965282,30.013455,True,ok,train
Chunk_8,99c94dc769b5d96e|2018-08-17--15-51-25,11,Chunk_8/99c94dc769b5d96e|2018-08-17--15-51-25/11,Chunk_8/99c94dc769b5d96e|2018-08-17--15-51-25/11/video.hevc,37497742,True,True,True,1200,True,1200x3,True,1200x3,True,1200x4,1200,668506.534472,668566.483627,59.949155,20.000282,True,30.501052,31.389212,True,ok,train
Chunk_8,99c94dc769b5d96e|2018-08-17--15-51-25,12,Chunk_8/99c94dc769b5d96e|2018-08-17--15-51-25/12,Chunk_8/99c94dc769b5d96e|2018-08-17--15-51-25/12/video.hevc,37503054,True,True,True,1200,True,1200x3,True,1200x3,True,1200x4,1200,668566.533612,668626.482771,59.949159,20.000281,True,29.816241,31.430057,True,ok,train
Chunk_8,99c94dc769b5d96e|2018-08-17--15-51-25,13,Chunk_8/99c94dc769b5d96e|2018-08-17--15-51-25/13,Chunk_8/99c94dc769b5d96e|2018-08-17--15-51-25/13/video.hevc,37492446,True,True,True,1200,True,1200x3,True,1200x3,True,1200x4,1200,668626.532772,668686.481942,59.94917,20.000277,True,28.767242,31.438779,True,ok,train
Chunk_8,99c94dc769b5d96e|2018-08-17--15-51-25,14,Chunk_8/99c94dc769b5d96e|2018-08-17--15-51-25/14,Chunk_8/99c94dc769b5d96e|2018-08-17--15-51-25/14/video.hevc,37491022,True,True,True,1200,True,1200x3,True,1200x3,True,1200x4,1200,668686.53193,668746.481115,59.949185,20.000272,True,31.287648,31.498226,True,ok,train
Chunk_8,99c94dc769b5d96e|2018-08-17--15-51-25,15,Chunk_8/99c94dc769b5d96e|2018-08-17--15-51-25/15,Chunk_8/99c94dc769b5d96e|2018-08-17--15-51-25/15/video.hevc,37464494,True,True,True,1200,True,1200x3,True,1200x3,True,1200x4,1200,668746.531085,668806.480252,59.949167,20.000278,True,27.758717,31.235029,True,ok,train
Chunk_8,99c94dc769b5d96e|2018-08-17--15-51-25,16,Chunk_8/99c94dc769b5d96e|2018-08-17--15-51-25/16,Chunk_8/99c94dc769b5d96e|2018-08-17--15-51-25/16/video.hevc,37487390,True,True,True,1200,True,1200x3,True,1200x3,True,1200x4,1200,668806.530242,668866.479392,59.94915,20.000284,True,22.815216,29.045837,True,ok,train
Chunk_8,99c94dc769b5d96e|2018-08-17--15-51-25,28,Chunk_8/99c94dc769b5d96e|2018-08-17--15-51-25/28,Chunk_8/99c94dc769b5d96e|2018-08-17--15-51-25/28/video.hevc,37479646,True,True,True,1200,True,1200x3,True,1200x3,True,1200x4,1200,669526.52012,669586.469288,59.949168,20.000278,True,15.650722,27.789321,True,ok,train
Chunk_8,99c94dc769b5d96e|2018-08-17--15-51-25,29,Chunk_8/99c94dc769b5d96e|2018-08-17--15-51-25/29,Chunk_8/99c94dc769b5d96e|2018-08-17--15-51-25/29/video.hevc,37501998,True,True,True,1200,True,1200x3,True,1200x3,True,1200x4,1200,669586.519281,669646.46844,59.949159,20.000281,True,10.171498,19.532341,True,ok,train
Chunk_8,99c94dc769b5d96e|2018-08-17--15-51-25,30,Chunk_8/99c94dc769b5d96e|2018-08-17--15-51-25/30,Chunk_8/99c94dc769b5d96e|2018-08-17--15-51-25/30/video.hevc,37453470,True,True,True,1197,True,1197x3,True,1197x3,True,1197x4,1197,669646.518437,669706.467603,59.949166,19.950236,True,16.305784,19.28036,True,ok,train
Chunk_8,99c94dc769b5d96e|2018-08-17--15-51-25,31,Chunk_8/99c94dc769b5d96e|2018-08-17--15-51-25/31,Chunk_8/99c94dc769b5d96e|2018-08-17--15-51-25/31/video.hevc,37468174,True,True,True,1198,True,1198x3,True,1198x3,True,1198x4,1198,669706.517598,669766.466746,59.949148,19.966923,True,11.403602,15.409116,True,ok,train
Chunk_8,99c94dc769b5d96e|2018-08-17--15-51-25,32,Chunk_8/99c94dc769b5d96e|2018-08-17--15-51-25/32,Chunk_8/99c94dc769b5d96e|2018-08-17--15-51-25/32/video.hevc,37496286,True,True,True,1200,True,1200x3,True,1200x3,True,1200x4,1200,669766.516748,669826.46591,59.949162,20.00028,True,19.004085,22.792989,True,ok,train
Chunk_8,99c94dc769b5d96e|2018-08-17--15-51-25,33,Chunk_8/99c94dc769b5d96e|2018-08-17--15-51-25/33,Chunk_8/99c94dc769b5d96e|2018-08-17--15-51-25/33/video.hevc,37487214,True,True,True,1200,True,1200x3,True,1200x3,True,1200x4,1200,669826.515905,669886.465062,59.949157,20.000281,True,23.815527,25.889845,True,ok,train
Chunk_8,99c94dc769b5d96e|2018-08-17--15-51-25,34,Chunk_8/99c94dc769b5d96e|2018-08-17--15-51-25/34,Chunk_8/99c94dc769b5d96e|2018-08-17--15-51-25/34/video.hevc,37498414,True,True,True,1200,True,1200x3,True,1200x3,True,1200x4,1200,669886.515068,669946.464225,59.949157,20.000281,True,22.447827,23.936512,True,ok,train
Chunk_8,99c94dc769b5d96e|2018-08-17--15-51-25,35,Chunk_8/99c94dc769b5d96e|2018-08-17--15-51-25/35,Chunk_8/99c94dc769b5d96e|2018-08-17--15-51-25/35/video.hevc,37459118,True,True,True,1200,True,1200x3,True,1200x3,True,1200x4,1200,669946.514232,670006.463392,59.94916,20.00028,True,27.347795,29.026599,True,ok,train
Chunk_8,99c94dc769b5d96e|2018-08-17--15-51-25,36,Chunk_8/99c94dc769b5d96e|2018-08-17--15-51-25/36,Chunk_8/99c94dc769b5d96e|2018-08-17--15-51-25/36/video.hevc,37468558,True,True,True,1200,True,1200x3,True,1200x3,True,1200x4,1200,670006.513403,670066.462546,59.949143,20.000286,True,24.831971,29.793455,True,ok,train
Chunk_8,99c94dc769b5d96e|2018-08-17--15-51-25,37,Chunk_8/99c94dc769b5d96e|2018-08-17--15-51-25/37,Chunk_8/99c94dc769b5d96e|2018-08-17--15-51-25/37/video.hevc,37451982,True,True,True,1200,True,1200x3,True,1200x3,True,1200x4,1200,670066.512537,670126.461699,59.949162,20.00028,True,8.108214,11.621195,True,ok,train
Chunk_8,99c94dc769b5d96e|2018-08-17--15-51-25,38,Chunk_8/99c94dc769b5d96e|2018-08-17--15-51-25/38,Chunk_8/99c94dc769b5d96e|2018-08-17--15-51-25/38/video.hevc,37479854,True,True,True,1200,True,1200x3,True,1200x3,True,1200x4,1200,670126.511727,670186.460863,59.949136,20.000288,True,6.507018,9.486359,True,ok,train
Chunk_8,99c94dc769b5d96e|2018-08-17--15-51-25,39,Chunk_8/99c94dc769b5d96e|2018-08-17--15-51-25/39,Chunk_8/99c94dc769b5d96e|2018-08-17--15-51-25/39/video.hevc,37524958,True,True,True,1200,True,1200x3,True,1200x3,True,1200x4,1200,670186.510853,670246.460012,59.949159,20.000281,True,2.729421,8.35049,True,ok,train
Chunk_8,99c94dc769b5d96e|2018-08-17--15-51-25,40,Chunk_8/99c94dc769b5d96e|2018-08-17--15-51-25/40,Chunk_8/99c94dc769b5d96e|2018-08-17--15-51-25/40/video.hevc,37486110,True,True,True,1200,True,1200x3,True,1200x3,True,1200x4,1200,670246.510044,670306.459162,59.949118,20.000294,True,1.477274,7.855068,True,ok,train
Chunk_8,99c94dc769b5d96e|2018-08-17--15-51-25,41,Chunk_8/99c94dc769b5d96e|2018-08-17--15-51-25/41,Chunk_8/99c94dc769b5d96e|2018-08-17--15-51-25/41/video.hevc,37521630,True,True,True,1200,True,1200x3,True,1200x3,True,1200x4,1200,670306.509163,670366.458321,59.949158,20.000281,True,7.167309,19.138981,True,ok,train
Chunk_8,99c94dc769b5d96e|2018-08-17--15-51-25,42,Chunk_8/99c94dc769b5d96e|2018-08-17--15-51-25/42,Chunk_8/99c94dc769b5d96e|2018-08-17--15-51-25/42/video.hevc,37420062,True,True,True,1200,True,1200x3,True,1200x3,True,1200x4,1200,670366.508325,670426.457482,59.949157,20.000281,True,4.018833,17.551777,True,ok,train
Chunk_8,99c94dc769b5d96e|2018-08-17--15-51-25,43,Chunk_8/99c94dc769b5d96e|2018-08-17--15-51-25/43,Chunk_8/99c94dc769b5d96e|2018-08-17--15-51-25/43/video.hevc,37504206,True,True,True,1200,True,1200x3,True,1200x3,True,1200x4,1200,670426.507482,670486.456638,59.949156,20.000282,True,14.363332,19.104364,True,ok,train
Chunk_8,99c94dc769b5d96e|2018-08-17--19-52-03,4,Chunk_8/99c94dc769b5d96e|2018-08-17--19-52-03/4,Chunk_8/99c94dc769b5d96e|2018-08-17--19-52-03/4/video.hevc,37505022,True,True,True,1200,True,1200x3,True,1200x3,True,1200x4,1200,682524.56168,682584.510835,59.949155,20.000282,True,5.708897,18.355721,True,ok,train
Chunk_8,99c94dc769b5d96e|2018-08-17--19-52-03,5,Chunk_8/99c94dc769b5d96e|2018-08-17--19-52-03/5,Chunk_8/99c94dc769b5d96e|2018-08-17--19-52-03/5/video.hevc,37464094,True,True,True,1200,True,1200x3,True,1200x3,True,1200x4,1200,682584.560818,682644.509987,59.949169,20.000277,True,4.096205,17.09287,True,ok,train
Chunk_8,99c94dc769b5d96e|2018-08-17--19-52-03,6,Chunk_8/99c94dc769b5d96e|2018-08-17--19-52-03/6,Chunk_8/99c94dc769b5d96e|2018-08-17--19-52-03/6/video.hevc,37471006,True,True,True,1200,True,1200x3,True,1200x3,True,1200x4,1200,682644.559982,682704.509127,59.949145,20.000285,True,7.026807,14.373873,True,ok,train
Chunk_8,99c94dc769b5d96e|2018-08-17--19-52-03,7,Chunk_8/99c94dc769b5d96e|2018-08-17--19-52-03/7,Chunk_8/99c94dc769b5d96e|2018-08-17--19-52-03/7/video.hevc,37444718,True,True,True,1200,True,1200x3,True,1200x3,True,1200x4,1200,682704.559157,682764.5083,59.949143,20.000286,True,10.646199,22.296562,True,ok,train
Chunk_8,99c94dc769b5d96e|2018-08-17--19-52-03,8,Chunk_8/99c94dc769b5d96e|2018-08-17--19-52-03/8,Chunk_8/99c94dc769b5d96e|2018-08-17--19-52-03/8/video.hevc,37509742,True,True,True,1200,True,1200x3,True,1200x3,True,1200x4,1200,682764.558295,682824.50746,59.949165,20.000279,True,28.629737,30.854919,True,ok,train
Chunk_8,99c94dc769b5d96e|2018-08-17--19-52-03,9,Chunk_8/99c94dc769b5d96e|2018-08-17--19-52-03/9,Chunk_8/99c94dc769b5d96e|2018-08-17--19-52-03/9/video.hevc,37488542,True,True,True,1200,True,1200x3,True,1200x3,True,1200x4,1200,682824.557453,682884.506611,59.949158,20.000281,True,30.132086,30.868289,True,ok,train
Chunk_8,99c94dc769b5d96e|2018-08-17--19-52-03,10,Chunk_8/99c94dc769b5d96e|2018-08-17--19-52-03/10,Chunk_8/99c94dc769b5d96e|2018-08-17--19-52-03/10/video.hevc,37554478,True,True,True,1201,True,1201x3,True,1201x3,True,1201x4,1201,682884.556631,682944.555767,59.999136,20.000288,True,29.642969,30.971922,True,ok,train
Chunk_8,99c94dc769b5d96e|2018-08-17--19-52-03,11,Chunk_8/99c94dc769b5d96e|2018-08-17--19-52-03/11,Chunk_8/99c94dc769b5d96e|2018-08-17--19-52-03/11/video.hevc,37505006,True,True,True,1199,True,1199x3,True,1199x3,True,1199x4,1199,682944.605764,683004.50492,59.899156,20.000282,True,30.559899,30.910413,True,ok,train
Chunk_8,99c94dc769b5d96e|2018-08-17--19-52-03,12,Chunk_8/99c94dc769b5d96e|2018-08-17--19-52-03/12,Chunk_8/99c94dc769b5d96e|2018-08-17--19-52-03/12/video.hevc,37474798,True,True,True,1200,True,1200x3,True,1200x3,True,1200x4,1200,683004.554955,683064.504088,59.949133,20.000289,True,30.656592,30.998821,True,ok,train
Chunk_8,99c94dc769b5d96e|2018-08-17--19-52-03,13,Chunk_8/99c94dc769b5d96e|2018-08-17--19-52-03/13,Chunk_8/99c94dc769b5d96e|2018-08-17--19-52-03/13/video.hevc,37520734,True,True,True,1200,True,1200x3,True,1200x3,True,1200x4,1200,683064.554083,683124.50325,59.949167,20.000278,True,30.527119,30.922593,True,ok,train
Chunk_8,99c94dc769b5d96e|2018-08-17--19-52-03,14,Chunk_8/99c94dc769b5d96e|2018-08-17--19-52-03/14,Chunk_8/99c94dc769b5d96e|2018-08-17--19-52-03/14/video.hevc,37488878,True,True,True,1199,True,1199x3,True,1199x3,True,1199x4,1199,683124.553238,683184.502411,59.949173,19.983595,True,30.480343,30.802123,True,ok,train
Chunk_8,99c94dc769b5d96e|2018-08-17--19-52-03,15,Chunk_8/99c94dc769b5d96e|2018-08-17--19-52-03/15,Chunk_8/99c94dc769b5d96e|2018-08-17--19-52-03/15/video.hevc,37504142,True,True,True,1200,True,1200x3,True,1200x3,True,1200x4,1200,683184.552395,683244.501547,59.949152,20.000283,True,30.752984,34.790074,True,ok,train
Chunk_8,99c94dc769b5d96e|2018-08-17--19-52-03,16,Chunk_8/99c94dc769b5d96e|2018-08-17--19-52-03/16,Chunk_8/99c94dc769b5d96e|2018-08-17--19-52-03/16/video.hevc,37517182,True,True,True,1199,True,1199x3,True,1199x3,True,1199x4,1199,683244.551548,683304.500702,59.949154,19.983601,True,17.872432,30.420268,True,ok,train
Chunk_8,99c94dc769b5d96e|2018-08-17--19-52-03,17,Chunk_8/99c94dc769b5d96e|2018-08-17--19-52-03/17,Chunk_8/99c94dc769b5d96e|2018-08-17--19-52-03/17/video.hevc,37506318,True,True,True,1200,True,1200x3,True,1200x3,True,1200x4,1200,683304.5507,683364.499874,59.949174,20.000276,True,30.788436,30.928523,True,ok,train
Chunk_8,99c94dc769b5d96e|2018-08-17--19-52-03,18,Chunk_8/99c94dc769b5d96e|2018-08-17--19-52-03/18,Chunk_8/99c94dc769b5d96e|2018-08-17--19-52-03/18/video.hevc,37514622,True,True,True,1199,True,1199x3,True,1199x3,True,1199x4,1199,683364.549859,683424.499036,59.949177,19.983594,True,30.555612,31.079055,True,ok,train
Chunk_8,99c94dc769b5d96e|2018-08-17--19-52-03,19,Chunk_8/99c94dc769b5d96e|2018-08-17--19-52-03/19,Chunk_8/99c94dc769b5d96e|2018-08-17--19-52-03/19/video.hevc,37505742,True,True,True,1200,True,1200x3,True,1200x3,True,1200x4,1200,683424.54902,683484.498187,59.949167,20.000278,True,30.06085,30.965786,True,ok,train
Chunk_8,99c94dc769b5d96e|2018-08-17--19-52-03,20,Chunk_8/99c94dc769b5d96e|2018-08-17--19-52-03/20,Chunk_8/99c94dc769b5d96e|2018-08-17--19-52-03/20/video.hevc,37577518,True,True,True,1201,True,1201x3,True,1201x3,True,1201x4,1201,683484.548171,683544.547335,59.999164,20.000279,True,28.580241,30.669435,True,ok,train
Chunk_8,99c94dc769b5d96e|2018-08-17--19-52-03,21,Chunk_8/99c94dc769b5d96e|2018-08-17--19-52-03/21,Chunk_8/99c94dc769b5d96e|2018-08-17--19-52-03/21/video.hevc,37437518,True,True,True,1200,True,1200x3,True,1200x3,True,1200x4,1200,683544.597346,683604.546484,59.949138,20.000288,True,30.266107,31.405607,True,ok,train
Chunk_8,99c94dc769b5d96e|2018-08-17--19-52-03,22,Chunk_8/99c94dc769b5d96e|2018-08-17--19-52-03/22,Chunk_8/99c94dc769b5d96e|2018-08-17--19-52-03/22/video.hevc,37437662,True,True,True,1198,True,1198x3,True,1198x3,True,1198x4,1198,683604.596493,683664.495645,59.899152,19.983588,True,28.8971,30.878751,True,ok,train
Chunk_8,99c94dc769b5d96e|2018-08-17--19-52-03,23,Chunk_8/99c94dc769b5d96e|2018-08-17--19-52-03/23,Chunk_8/99c94dc769b5d96e|2018-08-17--19-52-03/23/video.hevc,37528670,True,True,True,1201,True,1201x3,True,1201x3,True,1201x4,1201,683664.545646,683724.544806,59.99916,20.00028,True,29.29098,30.80355,True,ok,train
Chunk_8,99c94dc769b5d96e|2018-08-17--19-52-03,24,Chunk_8/99c94dc769b5d96e|2018-08-17--19-52-03/24,Chunk_8/99c94dc769b5d96e|2018-08-17--19-52-03/24/video.hevc,37431182,True,True,True,1199,True,1199x3,True,1199x3,True,1199x4,1199,683724.594805,683784.493977,59.899172,20.000276,True,24.234456,29.185846,True,ok,train
Chunk_8,99c94dc769b5d96e|2018-08-17--19-52-03,25,Chunk_8/99c94dc769b5d96e|2018-08-17--19-52-03/25,Chunk_8/99c94dc769b5d96e|2018-08-17--19-52-03/25/video.hevc,37558446,True,True,True,1201,True,1201x3,True,1201x3,True,1201x4,1201,683784.543986,683844.543118,59.999132,20.000289,True,8.932891,20.346393,True,ok,train
Chunk_8,99c94dc769b5d96e|2018-08-17--19-52-03,26,Chunk_8/99c94dc769b5d96e|2018-08-17--19-52-03/26,Chunk_8/99c94dc769b5d96e|2018-08-17--19-52-03/26/video.hevc,37421742,True,True,True,1200,True,1200x3,True,1200x3,True,1200x4,1200,683844.593123,683904.542268,59.949145,20.000285,True,15.633879,18.734496,True,ok,train
Chunk_8,99c94dc769b5d96e|2018-09-03--15-07-21,6,Chunk_8/99c94dc769b5d96e|2018-09-03--15-07-21/6,Chunk_8/99c94dc769b5d96e|2018-09-03--15-07-21/6/video.hevc,37466206,True,True,True,1200,True,1200x3,True,1200x3,True,1200x4,1200,1232244.570492,1232304.519658,59.949166,20.000278,True,10.882947,17.967775,True,ok,test
Chunk_8,99c94dc769b5d96e|2018-09-12--22-04-39,10,Chunk_8/99c94dc769b5d96e|2018-09-12--22-04-39/10,Chunk_8/99c94dc769b5d96e|2018-09-12--22-04-39/10/video.hevc,37452526,True,True,True,1200,True,1200x3,True,1200x3,True,1200x4,1200,544770.437698,544830.386873,59.949175,20.000275,True,29.582786,33.710692,True,ok,validation
Chunk_8,99c94dc769b5d96e|2018-09-12--22-04-39,11,Chunk_8/99c94dc769b5d96e|2018-09-12--22-04-39/11,Chunk_8/99c94dc769b5d96e|2018-09-12--22-04-39/11/video.hevc,37454158,True,True,True,1200,True,1200x3,True,1200x3,True,1200x4,1200,544830.436854,544890.386032,59.949178,20.000274,True,28.297064,30.430945,True,ok,validation
Chunk_8,99c94dc769b5d96e|2018-09-12--22-04-39,12,Chunk_8/99c94dc769b5d96e|2018-09-12--22-04-39/12,Chunk_8/99c94dc769b5d96e|2018-09-12--22-04-39/12/video.hevc,37426286,True,True,True,1200,True,1200x3,True,1200x3,True,1200x4,1200,544890.43603,544950.385184,59.949154,20.000282,True,29.819111,30.907886,True,ok,validation
Chunk_8,99c94dc769b5d96e|2018-09-12--22-04-39,13,Chunk_8/99c94dc769b5d96e|2018-09-12--22-04-39/13,Chunk_8/99c94dc769b5d96e|2018-09-12--22-04-39/13/video.hevc,37504062,True,True,True,1200,True,1200x3,True,1200x3,True,1200x4,1200,544950.435191,545010.384334,59.949143,20.000286,True,26.581728,30.345531,True,ok,validation
Chunk_8,99c94dc769b5d96e|2018-09-12--22-04-39,14,Chunk_8/99c94dc769b5d96e|2018-09-12--22-04-39/14,Chunk_8/99c94dc769b5d96e|2018-09-12--22-04-39/14/video.hevc,37423774,True,True,True,1200,True,1200x3,True,1200x3,True,1200x4,1200,545010.434322,545070.383483,59.949161,20.00028,True,28.949925,30.199405,True,ok,validation
Chunk_8,99c94dc769b5d96e|2018-09-12--22-04-39,15,Chunk_8/99c94dc769b5d96e|2018-09-12--22-04-39/15,Chunk_8/99c94dc769b5d96e|2018-09-12--22-04-39/15/video.hevc,37441214,True,True,True,1200,True,1200x3,True,1200x3,True,1200x4,1200,545070.433485,545130.382641,59.949156,20.000282,True,27.338823,30.476291,True,ok,validation
Chunk_8,99c94dc769b5d96e|2018-09-12--22-04-39,16,Chunk_8/99c94dc769b5d96e|2018-09-12--22-04-39/16,Chunk_8/99c94dc769b5d96e|2018-09-12--22-04-39/16/video.hevc,37486526,True,True,True,1200,True,1200x3,True,1200x3,True,1200x4,1200,545130.432641,545190.381803,59.949162,20.00028,True,27.969754,29.20178,True,ok,validation
Chunk_8,99c94dc769b5d96e|2018-09-12--22-04-39,17,Chunk_8/99c94dc769b5d96e|2018-09-12--22-04-39/17,Chunk_8/99c94dc769b5d96e|2018-09-12--22-04-39/17/video.hevc,37383326,True,True,True,1200,True,1200x3,True,1200x3,True,1200x4,1200,545190.431848,545250.380957,59.949109,20.000297,True,27.943441,28.131146,True,ok,validation
Chunk_8,99c94dc769b5d96e|2018-09-12--22-04-39,18,Chunk_8/99c94dc769b5d96e|2018-09-12--22-04-39/18,Chunk_8/99c94dc769b5d96e|2018-09-12--22-04-39/18/video.hevc,37403710,True,True,True,1200,True,1200x3,True,1200x3,True,1200x4,1200,545250.430954,545310.380133,59.949179,20.000274,True,25.909217,28.308066,True,ok,validation
Chunk_8,99c94dc769b5d96e|2018-09-12--22-04-39,19,Chunk_8/99c94dc769b5d96e|2018-09-12--22-04-39/19,Chunk_8/99c94dc769b5d96e|2018-09-12--22-04-39/19/video.hevc,37363406,True,True,True,1200,True,1200x3,True,1200x3,True,1200x4,1200,545310.430116,545370.379267,59.949151,20.000283,True,0.801935,11.721255,True,ok,validation
Chunk_8,99c94dc769b5d96e|2018-09-12--22-04-39,20,Chunk_8/99c94dc769b5d96e|2018-09-12--22-04-39/20,Chunk_8/99c94dc769b5d96e|2018-09-12--22-04-39/20/video.hevc,37400590,True,True,True,1200,True,1200x3,True,1200x3,True,1200x4,1200,545370.429266,545430.378423,59.949157,20.000281,True,0.027303,0.12045,True,ok,validation
Chunk_8,99c94dc769b5d96e|2018-09-12--22-04-39,21,Chunk_8/99c94dc769b5d96e|2018-09-12--22-04-39/21,Chunk_8/99c94dc769b5d96e|2018-09-12--22-04-39/21/video.hevc,37474174,True,True,True,1200,True,1200x3,True,1200x3,True,1200x4,1200,545430.428424,545490.377582,59.949158,20.000281,True,6.70884,20.69152,True,ok,validation
Chunk_8,99c94dc769b5d96e|2018-09-12--22-04-39,22,Chunk_8/99c94dc769b5d96e|2018-09-12--22-04-39/22,Chunk_8/99c94dc769b5d96e|2018-09-12--22-04-39/22/video.hevc,37458670,True,True,True,1200,True,1200x3,True,1200x3,True,1200x4,1200,545490.427585,545550.376752,59.949167,20.000278,True,11.942385,21.374931,True,ok,validation
Chunk_8,99c94dc769b5d96e|2018-09-13--08-45-04,29,Chunk_8/99c94dc769b5d96e|2018-09-13--08-45-04/29,Chunk_8/99c94dc769b5d96e|2018-09-13--08-45-04/29/video.hevc,37478142,True,True,True,1200,True,1200x3,True,1200x3,True,1200x4,1200,584335.623757,584395.572927,59.94917,20.000277,True,31.447494,32.215762,True,ok,train
Chunk_8,99c94dc769b5d96e|2018-09-13--08-45-04,30,Chunk_8/99c94dc769b5d96e|2018-09-13--08-45-04/30,Chunk_8/99c94dc769b5d96e|2018-09-13--08-45-04/30/video.hevc,37483150,True,True,True,1200,True,1200x3,True,1200x3,True,1200x4,1200,584395.622925,584455.572083,59.949158,20.000281,True,32.781488,34.490475,True,ok,train
Chunk_8,99c94dc769b5d96e|2018-09-13--08-45-04,31,Chunk_8/99c94dc769b5d96e|2018-09-13--08-45-04/31,Chunk_8/99c94dc769b5d96e|2018-09-13--08-45-04/31/video.hevc,37472494,True,True,True,1200,True,1200x3,True,1200x3,True,1200x4,1200,584455.622073,584515.571228,59.949155,20.000282,True,33.308436,34.452014,True,ok,train
Chunk_8,99c94dc769b5d96e|2018-09-13--08-45-04,32,Chunk_8/99c94dc769b5d96e|2018-09-13--08-45-04/32,Chunk_8/99c94dc769b5d96e|2018-09-13--08-45-04/32/video.hevc,37468270,True,True,True,1200,True,1200x3,True,1200x3,True,1200x4,1200,584515.62124,584575.570396,59.949156,20.000282,True,30.34223,31.702222,True,ok,train
Chunk_8,99c94dc769b5d96e|2018-09-13--08-45-04,33,Chunk_8/99c94dc769b5d96e|2018-09-13--08-45-04/33,Chunk_8/99c94dc769b5d96e|2018-09-13--08-45-04/33/video.hevc,37468670,True,True,True,1200,True,1200x3,True,1200x3,True,1200x4,1200,584575.620386,584635.569565,59.949179,20.000274,True,25.789886,27.754717,True,ok,train
Chunk_8,99c94dc769b5d96e|2018-09-13--08-45-04,34,Chunk_8/99c94dc769b5d96e|2018-09-13--08-45-04/34,Chunk_8/99c94dc769b5d96e|2018-09-13--08-45-04/34/video.hevc,37477678,True,True,True,1200,True,1200x3,True,1200x3,True,1200x4,1200,584635.619537,584695.568726,59.949189,20.000271,True,24.174533,25.458893,True,ok,train
Chunk_8,99c94dc769b5d96e|2018-09-13--08-45-04,35,Chunk_8/99c94dc769b5d96e|2018-09-13--08-45-04/35,Chunk_8/99c94dc769b5d96e|2018-09-13--08-45-04/35/video.hevc,37517838,True,True,True,1200,True,1200x3,True,1200x3,True,1200x4,1200,584695.61871,584755.567865,59.949155,20.000282,True,24.819238,26.321023,True,ok,train
Chunk_8,99c94dc769b5d96e|2018-09-13--08-45-04,36,Chunk_8/99c94dc769b5d96e|2018-09-13--08-45-04/36,Chunk_8/99c94dc769b5d96e|2018-09-13--08-45-04/36/video.hevc,37456078,True,True,True,1200,True,1200x3,True,1200x3,True,1200x4,1200,584755.617851,584815.567065,59.949214,20.000262,True,24.673867,26.101042,True,ok,train
Chunk_8,99c94dc769b5d96e|2018-09-13--08-45-04,37,Chunk_8/99c94dc769b5d96e|2018-09-13--08-45-04/37,Chunk_8/99c94dc769b5d96e|2018-09-13--08-45-04/37/video.hevc,37488958,True,True,True,1200,True,1200x3,True,1200x3,True,1200x4,1200,584815.617028,584875.566179,59.949151,20.000283,True,26.136775,27.138736,True,ok,train
Chunk_8,99c94dc769b5d96e|2018-09-13--08-45-04,38,Chunk_8/99c94dc769b5d96e|2018-09-13--08-45-04/38,Chunk_8/99c94dc769b5d96e|2018-09-13--08-45-04/38/video.hevc,37479118,True,True,True,1200,True,1200x3,True,1200x3,True,1200x4,1200,584875.616176,584935.565329,59.949153,20.000283,True,24.540119,25.761373,True,ok,train
Chunk_8,99c94dc769b5d96e|2018-09-13--08-45-04,39,Chunk_8/99c94dc769b5d96e|2018-09-13--08-45-04/39,Chunk_8/99c94dc769b5d96e|2018-09-13--08-45-04/39/video.hevc,37438670,True,True,True,1200,True,1200x3,True,1200x3,True,1200x4,1200,584935.615326,584995.564481,59.949155,20.000282,True,11.204722,22.816553,True,ok,train
Chunk_8,99c94dc769b5d96e|2018-09-13--08-45-04,40,Chunk_8/99c94dc769b5d96e|2018-09-13--08-45-04/40,Chunk_8/99c94dc769b5d96e|2018-09-13--08-45-04/40/video.hevc,37458318,True,True,True,1200,True,1200x3,True,1200x3,True,1200x4,1200,584995.614478,585055.563643,59.949165,20.000279,True,3.188322,7.847988,True,ok,train
Chunk_8,99c94dc769b5d96e|2018-09-13--08-45-04,41,Chunk_8/99c94dc769b5d96e|2018-09-13--08-45-04/41,Chunk_8/99c94dc769b5d96e|2018-09-13--08-45-04/41/video.hevc,37436862,True,True,True,1200,True,1200x3,True,1200x3,True,1200x4,1200,585055.613652,585115.562802,59.94915,20.000284,True,3.470126,12.986761,True,ok,train
Chunk_8,99c94dc769b5d96e|2018-09-13--08-45-04,42,Chunk_8/99c94dc769b5d96e|2018-09-13--08-45-04/42,Chunk_8/99c94dc769b5d96e|2018-09-13--08-45-04/42/video.hevc,37503438,True,True,True,1200,True,1200x3,True,1200x3,True,1200x4,1200,585115.612816,585175.561957,59.949141,20.000287,True,2.765638,11.839724,True,ok,train
Chunk_8,99c94dc769b5d96e|2018-09-13--08-45-04,43,Chunk_8/99c94dc769b5d96e|2018-09-13--08-45-04/43,Chunk_8/99c94dc769b5d96e|2018-09-13--08-45-04/43/video.hevc,37498702,True,True,True,1200,True,1200x3,True,1200x3,True,1200x4,1200,585175.611957,585235.561123,59.949166,20.000278,True,7.970113,17.616499,True,ok,train
Chunk_8,99c94dc769b5d96e|2018-09-13--08-45-04,44,Chunk_8/99c94dc769b5d96e|2018-09-13--08-45-04/44,Chunk_8/99c94dc769b5d96e|2018-09-13--08-45-04/44/video.hevc,37540926,True,True,True,1201,True,1201x3,True,1201x3,True,1201x4,1201,585235.611116,585295.610264,59.999148,20.000284,True,6.788154,20.539286,True,ok,train
Chunk_8,99c94dc769b5d96e|2018-09-13--20-42-02,0,Chunk_8/99c94dc769b5d96e|2018-09-13--20-42-02/0,Chunk_8/99c94dc769b5d96e|2018-09-13--20-42-02/0/video.hevc,36988526,True,True,True,1185,True,1185x3,True,1185x3,True,1185x4,1185,136.103134,195.302287,59.199153,20.000286,True,3.698921,16.854349,True,ok,train
Chunk_8,99c94dc769b5d96e|2018-09-13--20-42-02,1,Chunk_8/99c94dc769b5d96e|2018-09-13--20-42-02/1,Chunk_8/99c94dc769b5d96e|2018-09-13--20-42-02/1/video.hevc,37423662,True,True,True,1200,True,1200x3,True,1200x3,True,1200x4,1200,195.352305,255.30145,59.949145,20.000285,True,23.210887,28.620311,True,ok,train
Chunk_8,99c94dc769b5d96e|2018-09-13--20-42-02,2,Chunk_8/99c94dc769b5d96e|2018-09-13--20-42-02/2,Chunk_8/99c94dc769b5d96e|2018-09-13--20-42-02/2/video.hevc,37478926,True,True,True,1200,True,1200x3,True,1200x3,True,1200x4,1200,255.35145,315.300608,59.949158,20.000281,True,28.454605,30.134013,True,ok,train
Chunk_8,99c94dc769b5d96e|2018-09-13--20-42-02,3,Chunk_8/99c94dc769b5d96e|2018-09-13--20-42-02/3,Chunk_8/99c94dc769b5d96e|2018-09-13--20-42-02/3/video.hevc,37464094,True,True,True,1200,True,1200x3,True,1200x3,True,1200x4,1200,315.350604,375.299759,59.949155,20.000282,True,30.470111,30.812005,True,ok,train
Chunk_8,99c94dc769b5d96e|2018-09-13--20-42-02,4,Chunk_8/99c94dc769b5d96e|2018-09-13--20-42-02/4,Chunk_8/99c94dc769b5d96e|2018-09-13--20-42-02/4/video.hevc,37443598,True,True,True,1200,True,1200x3,True,1200x3,True,1200x4,1200,375.349777,435.298943,59.949166,20.000278,True,30.446904,30.788306,True,ok,train
Chunk_8,99c94dc769b5d96e|2018-09-13--20-42-02,5,Chunk_8/99c94dc769b5d96e|2018-09-13--20-42-02/5,Chunk_8/99c94dc769b5d96e|2018-09-13--20-42-02/5/video.hevc,37483486,True,True,True,1200,True,1200x3,True,1200x3,True,1200x4,1200,435.348942,495.298073,59.949131,20.00029,True,30.574256,30.954223,True,ok,train
Chunk_8,99c94dc769b5d96e|2018-09-13--20-42-02,6,Chunk_8/99c94dc769b5d96e|2018-09-13--20-42-02/6,Chunk_8/99c94dc769b5d96e|2018-09-13--20-42-02/6/video.hevc,37456638,True,True,True,1200,True,1200x3,True,1200x3,True,1200x4,1200,495.348071,555.297246,59.949175,20.000275,True,30.479589,30.897751,True,ok,train
Chunk_8,99c94dc769b5d96e|2018-09-13--20-42-02,7,Chunk_8/99c94dc769b5d96e|2018-09-13--20-42-02/7,Chunk_8/99c94dc769b5d96e|2018-09-13--20-42-02/7/video.hevc,37515358,True,True,True,1200,True,1200x3,True,1200x3,True,1200x4,1200,555.34724,615.296409,59.949169,20.000277,True,30.296928,30.805992,True,ok,train
Chunk_8,99c94dc769b5d96e|2018-09-13--20-42-02,8,Chunk_8/99c94dc769b5d96e|2018-09-13--20-42-02/8,Chunk_8/99c94dc769b5d96e|2018-09-13--20-42-02/8/video.hevc,37396942,True,True,True,1200,True,1200x3,True,1200x3,True,1200x4,1200,615.346421,675.295553,59.949132,20.00029,True,30.459418,30.567562,True,ok,train
Chunk_8,99c94dc769b5d96e|2018-09-13--20-42-02,9,Chunk_8/99c94dc769b5d96e|2018-09-13--20-42-02/9,Chunk_8/99c94dc769b5d96e|2018-09-13--20-42-02/9/video.hevc,37459070,True,True,True,1200,True,1200x3,True,1200x3,True,1200x4,1200,675.345544,735.294751,59.949207,20.000265,True,30.665618,32.619211,True,ok,train
Chunk_8,99c94dc769b5d96e|2018-09-13--20-42-02,10,Chunk_8/99c94dc769b5d96e|2018-09-13--20-42-02/10,Chunk_8/99c94dc769b5d96e|2018-09-13--20-42-02/10/video.hevc,37460238,True,True,True,1200,True,1200x3,True,1200x3,True,1200x4,1200,735.34472,795.293861,59.949141,20.000287,True,31.550583,32.638424,True,ok,train
Chunk_8,99c94dc769b5d96e|2018-09-14--11-24-12,46,Chunk_8/99c94dc769b5d96e|2018-09-14--11-24-12/46,Chunk_8/99c94dc769b5d96e|2018-09-14--11-24-12/46/video.hevc,37480366,True,True,True,1200,True,1200x3,True,1200x3,True,1200x4,1200,55826.019146,55885.968293,59.949147,20.000285,True,25.990343,28.97566,True,ok,train
Chunk_8,99c94dc769b5d96e|2018-09-14--11-24-12,47,Chunk_8/99c94dc769b5d96e|2018-09-14--11-24-12/47,Chunk_8/99c94dc769b5d96e|2018-09-14--11-24-12/47/video.hevc,37488670,True,True,True,1200,True,1200x3,True,1200x3,True,1200x4,1200,55886.0183,55945.967459,59.949159,20.000281,True,25.385006,28.903713,True,ok,train
Chunk_8,99c94dc769b5d96e|2018-09-14--11-24-12,48,Chunk_8/99c94dc769b5d96e|2018-09-14--11-24-12/48,Chunk_8/99c94dc769b5d96e|2018-09-14--11-24-12/48/video.hevc,37475294,True,True,True,1200,True,1200x3,True,1200x3,True,1200x4,1200,55946.017454,56005.966627,59.949173,20.000276,True,24.292869,26.725551,True,ok,train
Chunk_8,99c94dc769b5d96e|2018-09-14--11-24-12,49,Chunk_8/99c94dc769b5d96e|2018-09-14--11-24-12/49,Chunk_8/99c94dc769b5d96e|2018-09-14--11-24-12/49/video.hevc,37429374,True,True,True,1199,True,1199x3,True,1199x3,True,1199x4,1199,56006.016616,56065.915768,59.899152,20.000283,True,24.701087,25.200925,True,ok,train
Chunk_8,99c94dc769b5d96e|2018-09-14--11-24-12,50,Chunk_8/99c94dc769b5d96e|2018-09-14--11-24-12/50,Chunk_8/99c94dc769b5d96e|2018-09-14--11-24-12/50/video.hevc,37546126,True,True,True,1201,True,1201x3,True,1201x3,True,1201x4,1201,56065.965774,56125.964931,59.999157,20.000281,True,23.054967,24.982942,True,ok,train
Chunk_8,99c94dc769b5d96e|2018-09-14--11-24-12,51,Chunk_8/99c94dc769b5d96e|2018-09-14--11-24-12/51,Chunk_8/99c94dc769b5d96e|2018-09-14--11-24-12/51/video.hevc,37483390,True,True,True,1200,True,1200x3,True,1200x3,True,1200x4,1200,56126.014931,56185.964106,59.949175,20.000275,True,29.4297,32.839852,True,ok,train
Chunk_8,99c94dc769b5d96e|2018-09-14--11-24-12,52,Chunk_8/99c94dc769b5d96e|2018-09-14--11-24-12/52,Chunk_8/99c94dc769b5d96e|2018-09-14--11-24-12/52/video.hevc,37482318,True,True,True,1200,True,1200x3,True,1200x3,True,1200x4,1200,56186.014078,56245.963236,59.949158,20.000281,True,25.856737,32.558061,True,ok,train
Chunk_8,99c94dc769b5d96e|2018-09-14--11-24-12,53,Chunk_8/99c94dc769b5d96e|2018-09-14--11-24-12/53,Chunk_8/99c94dc769b5d96e|2018-09-14--11-24-12/53/video.hevc,37468062,True,True,True,1200,True,1200x3,True,1200x3,True,1200x4,1200,56246.013241,56305.962412,59.949171,20.000277,True,18.450004,23.693092,True,ok,train
Chunk_8,99c94dc769b5d96e|2018-09-14--11-24-12,54,Chunk_8/99c94dc769b5d96e|2018-09-14--11-24-12/54,Chunk_8/99c94dc769b5d96e|2018-09-14--11-24-12/54/video.hevc,37469390,True,True,True,1200,True,1200x3,True,1200x3,True,1200x4,1200,56306.012393,56365.961573,59.94918,20.000274,True,7.174099,21.960131,True,ok,train
Chunk_8,99c94dc769b5d96e|2018-09-14--11-24-12,55,Chunk_8/99c94dc769b5d96e|2018-09-14--11-24-12/55,Chunk_8/99c94dc769b5d96e|2018-09-14--11-24-12/55/video.hevc,37482622,True,True,True,1200,True,1200x3,True,1200x3,True,1200x4,1200,56366.011568,56425.960707,59.949139,20.000287,True,14.44546,20.567488,True,ok,train
Chunk_8,99c94dc769b5d96e|2018-09-17--09-23-18,31,Chunk_8/99c94dc769b5d96e|2018-09-17--09-23-18/31,Chunk_8/99c94dc769b5d96e|2018-09-17--09-23-18/31/video.hevc,37499022,True,True,True,1200,True,1200x3,True,1200x3,True,1200x4,1200,306870.855588,306930.80477,59.949182,20.000273,True,33.393008,34.986523,True,ok,validation
Chunk_8,99c94dc769b5d96e|2018-09-17--09-23-18,32,Chunk_8/99c94dc769b5d96e|2018-09-17--09-23-18/32,Chunk_8/99c94dc769b5d96e|2018-09-17--09-23-18/32/video.hevc,37511934,True,True,True,1200,True,1200x3,True,1200x3,True,1200x4,1200,306930.854745,306990.803934,59.949189,20.000271,True,31.530311,33.180808,True,ok,validation
Chunk_8,99c94dc769b5d96e|2018-09-17--09-23-18,33,Chunk_8/99c94dc769b5d96e|2018-09-17--09-23-18/33,Chunk_8/99c94dc769b5d96e|2018-09-17--09-23-18/33/video.hevc,37473742,True,True,True,1200,True,1200x3,True,1200x3,True,1200x4,1200,306990.853935,307050.8031,59.949165,20.000279,True,30.634215,32.800231,True,ok,validation
Chunk_8,99c94dc769b5d96e|2018-09-17--09-23-18,34,Chunk_8/99c94dc769b5d96e|2018-09-17--09-23-18/34,Chunk_8/99c94dc769b5d96e|2018-09-17--09-23-18/34/video.hevc,37482222,True,True,True,1200,True,1200x3,True,1200x3,True,1200x4,1200,307050.853085,307110.802219,59.949134,20.000289,True,32.67901,34.599064,True,ok,validation
Chunk_8,99c94dc769b5d96e|2018-09-17--09-23-18,35,Chunk_8/99c94dc769b5d96e|2018-09-17--09-23-18/35,Chunk_8/99c94dc769b5d96e|2018-09-17--09-23-18/35/video.hevc,37475598,True,True,True,1200,True,1200x3,True,1200x3,True,1200x4,1200,307110.852231,307170.801378,59.949147,20.000285,True,32.403235,33.397252,True,ok,validation
Chunk_8,99c94dc769b5d96e|2018-09-17--09-23-18,36,Chunk_8/99c94dc769b5d96e|2018-09-17--09-23-18/36,Chunk_8/99c94dc769b5d96e|2018-09-17--09-23-18/36/video.hevc,37495566,True,True,True,1200,True,1200x3,True,1200x3,True,1200x4,1200,307170.851379,307230.800539,59.94916,20.00028,True,30.095099,35.04082,True,ok,validation
Chunk_8,99c94dc769b5d96e|2018-09-17--09-23-18,37,Chunk_8/99c94dc769b5d96e|2018-09-17--09-23-18/37,Chunk_8/99c94dc769b5d96e|2018-09-17--09-23-18/37/video.hevc,37489342,True,True,True,1200,True,1200x3,True,1200x3,True,1200x4,1200,307230.85053,307290.799696,59.949166,20.000278,True,32.277401,35.134865,True,ok,validation
Chunk_8,99c94dc769b5d96e|2018-09-17--09-23-18,38,Chunk_8/99c94dc769b5d96e|2018-09-17--09-23-18/38,Chunk_8/99c94dc769b5d96e|2018-09-17--09-23-18/38/video.hevc,37502286,True,True,True,1200,True,1200x3,True,1200x3,True,1200x4,1200,307290.849688,307350.798879,59.949191,20.00027,True,29.044537,31.000967,True,ok,validation
Chunk_8,99c94dc769b5d96e|2018-09-17--09-23-18,39,Chunk_8/99c94dc769b5d96e|2018-09-17--09-23-18/39,Chunk_8/99c94dc769b5d96e|2018-09-17--09-23-18/39/video.hevc,37508478,True,True,True,1200,True,1200x3,True,1200x3,True,1200x4,1200,307350.848849,307410.797997,59.949148,20.000284,True,26.865385,29.225699,True,ok,validation
Chunk_8,99c94dc769b5d96e|2018-09-17--09-23-18,40,Chunk_8/99c94dc769b5d96e|2018-09-17--09-23-18/40,Chunk_8/99c94dc769b5d96e|2018-09-17--09-23-18/40/video.hevc,37502558,True,True,True,1200,True,1200x3,True,1200x3,True,1200x4,1200,307410.848008,307470.797162,59.949154,20.000282,True,18.59326,24.778823,True,ok,validation
Chunk_8,99c94dc769b5d96e|2018-09-17--09-23-18,41,Chunk_8/99c94dc769b5d96e|2018-09-17--09-23-18/41,Chunk_8/99c94dc769b5d96e|2018-09-17--09-23-18/41/video.hevc,37502990,True,True,True,1200,True,1200x3,True,1200x3,True,1200x4,1200,307470.847163,307530.796325,59.949162,20.00028,True,5.74764,19.904207,True,ok,validation
Chunk_8,99c94dc769b5d96e|2018-09-17--09-23-18,42,Chunk_8/99c94dc769b5d96e|2018-09-17--09-23-18/42,Chunk_8/99c94dc769b5d96e|2018-09-17--09-23-18/42/video.hevc,37457342,True,True,True,1200,True,1200x3,True,1200x3,True,1200x4,1200,307530.846315,307590.795506,59.949191,20.00027,True,8.538141,17.309808,True,ok,validation
Chunk_8,99c94dc769b5d96e|2018-09-17--09-23-18,43,Chunk_8/99c94dc769b5d96e|2018-09-17--09-23-18/43,Chunk_8/99c94dc769b5d96e|2018-09-17--09-23-18/43/video.hevc,37516590,True,True,True,1200,True,1200x3,True,1200x3,True,1200x4,1200,307590.845475,307650.794644,59.949169,20.000277,True,14.600649,20.023886,True,ok,validation
Chunk_8,99c94dc769b5d96e|2018-09-18--09-37-29,11,Chunk_8/99c94dc769b5d96e|2018-09-18--09-37-29/11,Chunk_8/99c94dc769b5d96e|2018-09-18--09-37-29/11/video.hevc,37451582,True,True,True,1200,True,1200x3,True,1200x3,True,1200x4,1200,392922.038103,392981.987261,59.949158,20.000281,True,9.210829,17.871675,True,ok,train
Chunk_8,99c94dc769b5d96e|2018-09-18--09-37-29,12,Chunk_8/99c94dc769b5d96e|2018-09-18--09-37-29/12,Chunk_8/99c94dc769b5d96e|2018-09-18--09-37-29/12/video.hevc,37509182,True,True,True,1200,True,1200x3,True,1200x3,True,1200x4,1200,392982.037262,393041.986428,59.949166,20.000278,True,21.629334,26.58338,True,ok,train
Chunk_8,99c94dc769b5d96e|2018-09-18--09-37-29,13,Chunk_8/99c94dc769b5d96e|2018-09-18--09-37-29/13,Chunk_8/99c94dc769b5d96e|2018-09-18--09-37-29/13/video.hevc,37497390,True,True,True,1200,True,1200x3,True,1200x3,True,1200x4,1200,393042.036421,393101.985586,59.949165,20.000279,True,29.374304,34.758825,True,ok,train
Chunk_8,99c94dc769b5d96e|2018-09-18--09-37-29,14,Chunk_8/99c94dc769b5d96e|2018-09-18--09-37-29/14,Chunk_8/99c94dc769b5d96e|2018-09-18--09-37-29/14/video.hevc,37536350,True,True,True,1201,True,1201x3,True,1201x3,True,1201x4,1201,393102.035581,393162.034736,59.999155,20.000282,True,28.987598,33.31287,True,ok,train
Chunk_8,99c94dc769b5d96e|2018-09-18--11-30-46,10,Chunk_8/99c94dc769b5d96e|2018-09-18--11-30-46/10,Chunk_8/99c94dc769b5d96e|2018-09-18--11-30-46/10/video.hevc,37514558,True,True,True,1200,True,1200x3,True,1200x3,True,1200x4,1200,399658.933046,399718.882192,59.949146,20.000285,True,31.399266,33.84494,True,ok,train
Chunk_8,99c94dc769b5d96e|2018-09-18--11-30-46,11,Chunk_8/99c94dc769b5d96e|2018-09-18--11-30-46/11,Chunk_8/99c94dc769b5d96e|2018-09-18--11-30-46/11/video.hevc,37499838,True,True,True,1200,True,1200x3,True,1200x3,True,1200x4,1200,399718.932197,399778.881373,59.949176,20.000275,True,30.603366,34.233585,True,ok,train
Chunk_8,99c94dc769b5d96e|2018-09-18--11-30-46,12,Chunk_8/99c94dc769b5d96e|2018-09-18--11-30-46/12,Chunk_8/99c94dc769b5d96e|2018-09-18--11-30-46/12/video.hevc,37479486,True,True,True,1200,True,1200x3,True,1200x3,True,1200x4,1200,399778.931349,399838.880541,59.949192,20.00027,True,24.561021,32.493273,True,ok,train
Chunk_8,99c94dc769b5d96e|2018-09-18--11-30-46,13,Chunk_8/99c94dc769b5d96e|2018-09-18--11-30-46/13,Chunk_8/99c94dc769b5d96e|2018-09-18--11-30-46/13/video.hevc,37516910,True,True,True,1200,True,1200x3,True,1200x3,True,1200x4,1200,399838.930507,399898.879665,59.949158,20.000281,True,9.081975,19.978843,True,ok,train
Chunk_8,99c94dc769b5d96e|2018-09-18--11-30-46,14,Chunk_8/99c94dc769b5d96e|2018-09-18--11-30-46/14,Chunk_8/99c94dc769b5d96e|2018-09-18--11-30-46/14/video.hevc,37500942,True,True,True,1200,True,1200x3,True,1200x3,True,1200x4,1200,399898.92966,399958.878818,59.949158,20.000281,True,20.514412,22.609951,True,ok,train
Chunk_8,99c94dc769b5d96e|2018-09-19--14-05-38,5,Chunk_8/99c94dc769b5d96e|2018-09-19--14-05-38/5,Chunk_8/99c94dc769b5d96e|2018-09-19--14-05-38/5/video.hevc,37525774,True,True,True,1200,True,1200x3,True,1200x3,True,1200x4,1200,930.003153,989.952307,59.949154,20.000282,True,11.73522,18.608677,True,ok,train
Chunk_8,99c94dc769b5d96e|2018-09-19--14-05-38,6,Chunk_8/99c94dc769b5d96e|2018-09-19--14-05-38/6,Chunk_8/99c94dc769b5d96e|2018-09-19--14-05-38/6/video.hevc,34809262,True,True,True,1114,True,1114x3,True,1114x3,True,1114x4,1114,990.0023,1045.65152,55.64922,20.00028,True,6.547519,16.414282,True,ok,train
Chunk_8,99c94dc769b5d96e|2018-09-19--14-14-47,1,Chunk_8/99c94dc769b5d96e|2018-09-19--14-14-47/1,Chunk_8/99c94dc769b5d96e|2018-09-19--14-14-47/1/video.hevc,37491198,True,True,True,1199,True,1199x3,True,1199x3,True,1199x4,1199,1239.288805,1299.237948,59.949143,19.983605,True,9.501669,15.436377,True,ok,test
Chunk_8,99c94dc769b5d96e|2018-09-19--14-14-47,2,Chunk_8/99c94dc769b5d96e|2018-09-19--14-14-47/2,Chunk_8/99c94dc769b5d96e|2018-09-19--14-14-47/2/video.hevc,37525918,True,True,True,1200,True,1200x3,True,1200x3,True,1200x4,1200,1299.287956,1359.237114,59.949158,20.000281,True,5.053175,16.603833,True,ok,test
Chunk_8,99c94dc769b5d96e|2018-09-19--16-09-16,7,Chunk_8/99c94dc769b5d96e|2018-09-19--16-09-16/7,Chunk_8/99c94dc769b5d96e|2018-09-19--16-09-16/7/video.hevc,37504302,True,True,True,1200,True,1200x3,True,1200x3,True,1200x4,1200,8468.151094,8528.100258,59.949164,20.000279,True,6.684693,20.154825,True,ok,test
Chunk_8,99c94dc769b5d96e|2018-09-19--16-09-16,8,Chunk_8/99c94dc769b5d96e|2018-09-19--16-09-16/8,Chunk_8/99c94dc769b5d96e|2018-09-19--16-09-16/8/video.hevc,37511102,True,True,True,1200,True,1200x3,True,1200x3,True,1200x4,1200,8528.150251,8588.099424,59.949173,20.000276,True,4.790137,14.013425,True,ok,test
Chunk_8,99c94dc769b5d96e|2018-09-19--16-09-16,9,Chunk_8/99c94dc769b5d96e|2018-09-19--16-09-16/9,Chunk_8/99c94dc769b5d96e|2018-09-19--16-09-16/9/video.hevc,37406926,True,True,True,1200,True,1200x3,True,1200x3,True,1200x4,1200,8588.149405,8648.098578,59.949173,20.000276,True,6.18559,14.973824,True,ok,test
Chunk_8,99c94dc769b5d96e|2018-09-19--16-09-16,10,Chunk_8/99c94dc769b5d96e|2018-09-19--16-09-16/10,Chunk_8/99c94dc769b5d96e|2018-09-19--16-09-16/10/video.hevc,37422878,True,True,True,1200,True,1200x3,True,1200x3,True,1200x4,1200,8648.14857,8708.097726,59.949156,20.000282,True,0.0422,0.184132,True,ok,test
Chunk_8,99c94dc769b5d96e|2018-09-19--16-09-16,11,Chunk_8/99c94dc769b5d96e|2018-09-19--16-09-16/11,Chunk_8/99c94dc769b5d96e|2018-09-19--16-09-16/11/video.hevc,37512222,True,True,True,1200,True,1200x3,True,1200x3,True,1200x4,1200,8708.147723,8768.096877,59.949154,20.000282,True,12.059661,20.156481,True,ok,test
Chunk_8,99c94dc769b5d96e|2018-09-19--16-09-16,12,Chunk_8/99c94dc769b5d96e|2018-09-19--16-09-16/12,Chunk_8/99c94dc769b5d96e|2018-09-19--16-09-16/12/video.hevc,37503854,True,True,True,1200,True,1200x3,True,1200x3,True,1200x4,1200,8768.146884,8828.096037,59.949153,20.000283,True,22.966709,29.309694,True,ok,test
Chunk_8,99c94dc769b5d96e|2018-09-19--16-09-16,13,Chunk_8/99c94dc769b5d96e|2018-09-19--16-09-16/13,Chunk_8/99c94dc769b5d96e|2018-09-19--16-09-16/13/video.hevc,37461966,True,True,True,1200,True,1200x3,True,1200x3,True,1200x4,1200,8828.146036,8888.095202,59.949166,20.000278,True,27.50507,29.470594,True,ok,test
Chunk_8,99c94dc769b5d96e|2018-09-19--16-09-16,14,Chunk_8/99c94dc769b5d96e|2018-09-19--16-09-16/14,Chunk_8/99c94dc769b5d96e|2018-09-19--16-09-16/14/video.hevc,37471838,True,True,True,1200,True,1200x3,True,1200x3,True,1200x4,1200,8888.145195,8948.094387,59.949192,20.00027,True,24.586351,29.311006,True,ok,test
Chunk_8,99c94dc769b5d96e|2018-09-19--16-09-16,15,Chunk_8/99c94dc769b5d96e|2018-09-19--16-09-16/15,Chunk_8/99c94dc769b5d96e|2018-09-19--16-09-16/15/video.hevc,37471310,True,True,True,1200,True,1200x3,True,1200x3,True,1200x4,1200,8948.144358,9008.093505,59.949147,20.000285,True,28.901573,29.432444,True,ok,test
Chunk_8,99c94dc769b5d96e|2018-09-19--16-09-16,16,Chunk_8/99c94dc769b5d96e|2018-09-19--16-09-16/16,Chunk_8/99c94dc769b5d96e|2018-09-19--16-09-16/16/video.hevc,37498894,True,True,True,1200,True,1200x3,True,1200x3,True,1200x4,1200,9008.143511,9068.09267,59.949159,20.000281,True,28.699647,30.197416,True,ok,test
Chunk_8,99c94dc769b5d96e|2018-09-19--16-09-16,17,Chunk_8/99c94dc769b5d96e|2018-09-19--16-09-16/17,Chunk_8/99c94dc769b5d96e|2018-09-19--16-09-16/17/video.hevc,37482830,True,True,True,1200,True,1200x3,True,1200x3,True,1200x4,1200,9068.142663,9128.091821,59.949158,20.000281,True,29.769358,30.129218,True,ok,test
Chunk_8,99c94dc769b5d96e|2018-09-19--16-09-16,18,Chunk_8/99c94dc769b5d96e|2018-09-19--16-09-16/18,Chunk_8/99c94dc769b5d96e|2018-09-19--16-09-16/18/video.hevc,37528718,True,True,True,1200,True,1200x3,True,1200x3,True,1200x4,1200,9128.14184,9188.090993,59.949153,20.000283,True,29.371302,30.019019,True,ok,test
Chunk_8,99c94dc769b5d96e|2018-09-19--16-09-16,19,Chunk_8/99c94dc769b5d96e|2018-09-19--16-09-16/19,Chunk_8/99c94dc769b5d96e|2018-09-19--16-09-16/19/video.hevc,37490574,True,True,True,1200,True,1200x3,True,1200x3,True,1200x4,1200,9188.140984,9248.090164,59.94918,20.000274,True,25.039089,26.735569,True,ok,test
Chunk_8,99c94dc769b5d96e|2018-09-19--16-09-16,20,Chunk_8/99c94dc769b5d96e|2018-09-19--16-09-16/20,Chunk_8/99c94dc769b5d96e|2018-09-19--16-09-16/20/video.hevc,37503726,True,True,True,1200,True,1200x3,True,1200x3,True,1200x4,1200,9248.140136,9308.089297,59.949161,20.00028,True,24.008371,25.034095,True,ok,test
Chunk_8,99c94dc769b5d96e|2018-09-19--16-09-16,21,Chunk_8/99c94dc769b5d96e|2018-09-19--16-09-16/21,Chunk_8/99c94dc769b5d96e|2018-09-19--16-09-16/21/video.hevc,37474542,True,True,True,1200,True,1200x3,True,1200x3,True,1200x4,1200,9308.139308,9368.088481,59.949173,20.000276,True,15.607505,28.596671,True,ok,test
Chunk_8,99c94dc769b5d96e|2018-09-19--16-09-16,22,Chunk_8/99c94dc769b5d96e|2018-09-19--16-09-16/22,Chunk_8/99c94dc769b5d96e|2018-09-19--16-09-16/22/video.hevc,37450526,True,True,True,1200,True,1200x3,True,1200x3,True,1200x4,1200,9368.138452,9428.087619,59.949167,20.000278,True,28.353043,28.520397,True,ok,test
Chunk_8,99c94dc769b5d96e|2018-09-19--16-09-16,23,Chunk_8/99c94dc769b5d96e|2018-09-19--16-09-16/23,Chunk_8/99c94dc769b5d96e|2018-09-19--16-09-16/23/video.hevc,37517742,True,True,True,1200,True,1200x3,True,1200x3,True,1200x4,1200,9428.137601,9488.08677,59.949169,20.000277,True,28.147235,28.467064,True,ok,test
Chunk_8,99c94dc769b5d96e|2018-09-19--16-09-16,24,Chunk_8/99c94dc769b5d96e|2018-09-19--16-09-16/24,Chunk_8/99c94dc769b5d96e|2018-09-19--16-09-16/24/video.hevc,37476638,True,True,True,1200,True,1200x3,True,1200x3,True,1200x4,1200,9488.13676,9548.085922,59.949162,20.00028,True,13.838893,28.350102,True,ok,test
Chunk_8,99c94dc769b5d96e|2018-09-19--16-09-16,25,Chunk_8/99c94dc769b5d96e|2018-09-19--16-09-16/25,Chunk_8/99c94dc769b5d96e|2018-09-19--16-09-16/25/video.hevc,37479614,True,True,True,1200,True,1200x3,True,1200x3,True,1200x4,1200,9548.135927,9608.08508,59.949153,20.000283,True,16.751961,22.443704,True,ok,test
Chunk_8,99c94dc769b5d96e|2018-09-19--16-09-16,26,Chunk_8/99c94dc769b5d96e|2018-09-19--16-09-16/26,Chunk_8/99c94dc769b5d96e|2018-09-19--16-09-16/26/video.hevc,37485518,True,True,True,1200,True,1200x3,True,1200x3,True,1200x4,1200,9608.135077,9668.084237,59.94916,20.00028,True,20.959535,24.600578,True,ok,test
Chunk_8,99c94dc769b5d96e|2018-09-19--16-09-16,27,Chunk_8/99c94dc769b5d96e|2018-09-19--16-09-16/27,Chunk_8/99c94dc769b5d96e|2018-09-19--16-09-16/27/video.hevc,37485518,True,True,True,1200,True,1200x3,True,1200x3,True,1200x4,1200,9668.134236,9728.083389,59.949153,20.000283,True,23.277624,25.391418,True,ok,test
Chunk_8,99c94dc769b5d96e|2018-09-19--16-09-16,28,Chunk_8/99c94dc769b5d96e|2018-09-19--16-09-16/28,Chunk_8/99c94dc769b5d96e|2018-09-19--16-09-16/28/video.hevc,37499150,True,True,True,1200,True,1200x3,True,1200x3,True,1200x4,1200,9728.133395,9788.082553,59.949158,20.000281,True,25.166425,27.427623,True,ok,test
Chunk_8,99c94dc769b5d96e|2018-09-19--16-09-16,29,Chunk_8/99c94dc769b5d96e|2018-09-19--16-09-16/29,Chunk_8/99c94dc769b5d96e|2018-09-19--16-09-16/29/video.hevc,37462718,True,True,True,1200,True,1200x3,True,1200x3,True,1200x4,1200,9788.132555,9848.081713,59.949158,20.000281,True,25.487584,28.532299,True,ok,test
Chunk_8,99c94dc769b5d96e|2018-09-19--16-09-16,30,Chunk_8/99c94dc769b5d96e|2018-09-19--16-09-16/30,Chunk_8/99c94dc769b5d96e|2018-09-19--16-09-16/30/video.hevc,37498142,True,True,True,1199,True,1199x3,True,1199x3,True,1199x4,1199,9848.131714,9908.080859,59.949145,19.983604,True,27.446016,28.386794,True,ok,test
Chunk_8,99c94dc769b5d96e|2018-09-19--16-09-16,31,Chunk_8/99c94dc769b5d96e|2018-09-19--16-09-16/31,Chunk_8/99c94dc769b5d96e|2018-09-19--16-09-16/31/video.hevc,37486334,True,True,True,1200,True,1200x3,True,1200x3,True,1200x4,1200,9908.130861,9968.080023,59.949162,20.00028,True,19.265361,26.37288,True,ok,test
Chunk_8,99c94dc769b5d96e|2018-09-19--16-09-16,32,Chunk_8/99c94dc769b5d96e|2018-09-19--16-09-16/32,Chunk_8/99c94dc769b5d96e|2018-09-19--16-09-16/32/video.hevc,37439950,True,True,True,1200,True,1200x3,True,1200x3,True,1200x4,1200,9968.130029,10028.079184,59.949155,20.000282,True,4.832243,13.82746,True,ok,test
Chunk_8,99c94dc769b5d96e|2018-09-19--16-09-16,33,Chunk_8/99c94dc769b5d96e|2018-09-19--16-09-16/33,Chunk_8/99c94dc769b5d96e|2018-09-19--16-09-16/33/video.hevc,37534622,True,True,True,1199,True,1199x3,True,1199x3,True,1199x4,1199,10028.129182,10088.078329,59.949147,19.983604,True,3.632008,9.940896,True,ok,test
Chunk_8,99c94dc769b5d96e|2018-09-19--16-09-16,34,Chunk_8/99c94dc769b5d96e|2018-09-19--16-09-16/34,Chunk_8/99c94dc769b5d96e|2018-09-19--16-09-16/34/video.hevc,37439630,True,True,True,1199,True,1199x3,True,1199x3,True,1199x4,1199,10088.128339,10148.077491,59.949152,19.983602,True,3.808765,11.964202,True,ok,test
Chunk_8,99c94dc769b5d96e|2018-09-19--16-09-16,35,Chunk_8/99c94dc769b5d96e|2018-09-19--16-09-16/35,Chunk_8/99c94dc769b5d96e|2018-09-19--16-09-16/35/video.hevc,37583086,True,True,True,1201,True,1201x3,True,1201x3,True,1201x4,1201,10148.127505,10208.126653,59.999148,20.000284,True,0.20071,7.081218,True,ok,test
Chunk_8,99c94dc769b5d96e|2018-09-19--16-09-16,36,Chunk_8/99c94dc769b5d96e|2018-09-19--16-09-16/36,Chunk_8/99c94dc769b5d96e|2018-09-19--16-09-16/36/video.hevc,37442542,True,True,True,1199,True,1199x3,True,1199x3,True,1199x4,1199,10208.176665,10268.125803,59.949138,19.983607,True,8.709473,18.198541,True,ok,test
Chunk_8,99c94dc769b5d96e|2018-09-19--16-09-16,37,Chunk_8/99c94dc769b5d96e|2018-09-19--16-09-16/37,Chunk_8/99c94dc769b5d96e|2018-09-19--16-09-16/37/video.hevc,37398206,True,True,True,1198,True,1198x3,True,1198x3,True,1198x4,1198,10268.175803,10328.074961,59.899158,19.983586,True,16.019522,18.734747,True,ok,test
Chunk_8,99c94dc769b5d96e|2018-09-24--19-08-05,7,Chunk_8/99c94dc769b5d96e|2018-09-24--19-08-05/7,Chunk_8/99c94dc769b5d96e|2018-09-24--19-08-05/7/video.hevc,37470654,True,True,True,1200,True,1200x3,True,1200x3,True,1200x4,1200,27782.24945,27842.198576,59.949126,20.000292,True,9.623811,19.121077,True,ok,validation
Chunk_8,99c94dc769b5d96e|2018-09-24--19-08-05,8,Chunk_8/99c94dc769b5d96e|2018-09-24--19-08-05/8,Chunk_8/99c94dc769b5d96e|2018-09-24--19-08-05/8/video.hevc,37522910,True,True,True,1200,True,1200x3,True,1200x3,True,1200x4,1200,27842.248586,27902.197738,59.949152,20.000283,True,7.7468,17.081017,True,ok,validation
Chunk_8,99c94dc769b5d96e|2018-09-24--19-08-05,9,Chunk_8/99c94dc769b5d96e|2018-09-24--19-08-05/9,Chunk_8/99c94dc769b5d96e|2018-09-24--19-08-05/9/video.hevc,37506046,True,True,True,1200,True,1200x3,True,1200x3,True,1200x4,1200,27902.247745,27962.196896,59.949151,20.000283,True,0.035263,0.540257,True,ok,validation
Chunk_8,99c94dc769b5d96e|2018-09-24--19-08-05,10,Chunk_8/99c94dc769b5d96e|2018-09-24--19-08-05/10,Chunk_8/99c94dc769b5d96e|2018-09-24--19-08-05/10/video.hevc,37470814,True,True,True,1200,True,1200x3,True,1200x3,True,1200x4,1200,27962.24689,28022.196064,59.949174,20.000276,True,17.230663,27.715808,True,ok,validation
Chunk_8,99c94dc769b5d96e|2018-09-24--19-08-05,11,Chunk_8/99c94dc769b5d96e|2018-09-24--19-08-05/11,Chunk_8/99c94dc769b5d96e|2018-09-24--19-08-05/11/video.hevc,37456798,True,True,True,1200,True,1200x3,True,1200x3,True,1200x4,1200,28022.246068,28082.195229,59.949161,20.00028,True,27.202751,28.996664,True,ok,validation
Chunk_8,99c94dc769b5d96e|2018-09-24--19-08-05,12,Chunk_8/99c94dc769b5d96e|2018-09-24--19-08-05/12,Chunk_8/99c94dc769b5d96e|2018-09-24--19-08-05/12/video.hevc,37470462,True,True,True,1200,True,1200x3,True,1200x3,True,1200x4,1200,28082.24521,28142.194363,59.949153,20.000283,True,32.323818,32.910188,True,ok,validation
Chunk_8,99c94dc769b5d96e|2018-09-24--19-08-05,13,Chunk_8/99c94dc769b5d96e|2018-09-24--19-08-05/13,Chunk_8/99c94dc769b5d96e|2018-09-24--19-08-05/13/video.hevc,37510798,True,True,True,1200,True,1200x3,True,1200x3,True,1200x4,1200,28142.24438,28202.193528,59.949148,20.000284,True,32.650293,33.026268,True,ok,validation
Chunk_8,99c94dc769b5d96e|2018-09-24--19-08-05,14,Chunk_8/99c94dc769b5d96e|2018-09-24--19-08-05/14,Chunk_8/99c94dc769b5d96e|2018-09-24--19-08-05/14/video.hevc,37520350,True,True,True,1199,True,1199x3,True,1199x3,True,1199x4,1199,28202.243529,28262.19268,59.949151,19.983602,True,31.059652,34.657378,True,ok,validation
Chunk_8,99c94dc769b5d96e|2018-09-24--19-08-05,15,Chunk_8/99c94dc769b5d96e|2018-09-24--19-08-05/15,Chunk_8/99c94dc769b5d96e|2018-09-24--19-08-05/15/video.hevc,37531790,True,True,True,1200,True,1200x3,True,1200x3,True,1200x4,1200,28262.242697,28322.191834,59.949137,20.000288,True,27.960881,29.998847,True,ok,validation
Chunk_8,99c94dc769b5d96e|2018-09-24--19-08-05,16,Chunk_8/99c94dc769b5d96e|2018-09-24--19-08-05/16,Chunk_8/99c94dc769b5d96e|2018-09-24--19-08-05/16/video.hevc,37513966,True,True,True,1200,True,1200x3,True,1200x3,True,1200x4,1200,28322.241834,28382.191022,59.949188,20.000271,True,23.051748,27.55552,True,ok,validation
Chunk_8,99c94dc769b5d96e|2018-09-24--19-08-05,17,Chunk_8/99c94dc769b5d96e|2018-09-24--19-08-05/17,Chunk_8/99c94dc769b5d96e|2018-09-24--19-08-05/17/video.hevc,37560174,True,True,True,1200,True,1200x3,True,1200x3,True,1200x4,1200,28382.240998,28442.190155,59.949157,20.000281,True,29.624624,34.253959,True,ok,validation
Chunk_8,99c94dc769b5d96e|2018-09-25--09-06-17,33,Chunk_8/99c94dc769b5d96e|2018-09-25--09-06-17/33,Chunk_8/99c94dc769b5d96e|2018-09-25--09-06-17/33/video.hevc,37477102,True,True,True,1200,True,1200x3,True,1200x3,True,1200x4,1200,79634.603497,79694.552707,59.94921,20.000264,True,32.307873,32.873926,True,ok,train
Chunk_8,99c94dc769b5d96e|2018-09-25--09-06-17,34,Chunk_8/99c94dc769b5d96e|2018-09-25--09-06-17/34,Chunk_8/99c94dc769b5d96e|2018-09-25--09-06-17/34/video.hevc,37508030,True,True,True,1200,True,1200x3,True,1200x3,True,1200x4,1200,79694.602649,79754.551829,59.94918,20.000274,True,33.606647,33.923852,True,ok,train
Chunk_8,99c94dc769b5d96e|2018-09-25--09-06-17,35,Chunk_8/99c94dc769b5d96e|2018-09-25--09-06-17/35,Chunk_8/99c94dc769b5d96e|2018-09-25--09-06-17/35/video.hevc,37514670,True,True,True,1200,True,1200x3,True,1200x3,True,1200x4,1200,79754.601813,79814.550967,59.949154,20.000282,True,33.601999,33.918856,True,ok,train
Chunk_8,99c94dc769b5d96e|2018-09-25--09-06-17,36,Chunk_8/99c94dc769b5d96e|2018-09-25--09-06-17/36,Chunk_8/99c94dc769b5d96e|2018-09-25--09-06-17/36/video.hevc,37503358,True,True,True,1200,True,1200x3,True,1200x3,True,1200x4,1200,79814.60099,79874.550122,59.949132,20.00029,True,33.065367,33.914592,True,ok,train
Chunk_8,99c94dc769b5d96e|2018-09-25--09-06-17,37,Chunk_8/99c94dc769b5d96e|2018-09-25--09-06-17/37,Chunk_8/99c94dc769b5d96e|2018-09-25--09-06-17/37/video.hevc,37488574,True,True,True,1200,True,1200x3,True,1200x3,True,1200x4,1200,79874.60014,79934.549271,59.949131,20.00029,True,33.427951,33.889382,True,ok,train
Chunk_8,99c94dc769b5d96e|2018-09-25--09-06-17,38,Chunk_8/99c94dc769b5d96e|2018-09-25--09-06-17/38,Chunk_8/99c94dc769b5d96e|2018-09-25--09-06-17/38/video.hevc,37483038,True,True,True,1200,True,1200x3,True,1200x3,True,1200x4,1200,79934.599277,79994.548433,59.949156,20.000282,True,33.615087,33.926522,True,ok,train
Chunk_8,99c94dc769b5d96e|2018-09-25--09-06-17,39,Chunk_8/99c94dc769b5d96e|2018-09-25--09-06-17/39,Chunk_8/99c94dc769b5d96e|2018-09-25--09-06-17/39/video.hevc,37504478,True,True,True,1200,True,1200x3,True,1200x3,True,1200x4,1200,79994.598452,80054.547594,59.949142,20.000286,True,33.675687,34.060645,True,ok,train
Chunk_8,99c94dc769b5d96e|2018-09-25--09-06-17,40,Chunk_8/99c94dc769b5d96e|2018-09-25--09-06-17/40,Chunk_8/99c94dc769b5d96e|2018-09-25--09-06-17/40/video.hevc,37511310,True,True,True,1200,True,1200x3,True,1200x3,True,1200x4,1200,80054.597591,80114.546753,59.949162,20.00028,True,33.310055,33.803399,True,ok,train
Chunk_8,99c94dc769b5d96e|2018-09-25--09-06-17,41,Chunk_8/99c94dc769b5d96e|2018-09-25--09-06-17/41,Chunk_8/99c94dc769b5d96e|2018-09-25--09-06-17/41/video.hevc,37470798,True,True,True,1198,True,1198x3,True,1198x3,True,1198x4,1198,80114.596751,80174.545906,59.949155,19.96692,True,16.753922,32.979402,True,ok,train
Chunk_8,99c94dc769b5d96e|2018-09-25--09-06-17,42,Chunk_8/99c94dc769b5d96e|2018-09-25--09-06-17/42,Chunk_8/99c94dc769b5d96e|2018-09-25--09-06-17/42/video.hevc,37502110,True,True,True,1200,True,1200x3,True,1200x3,True,1200x4,1200,80174.595903,80234.545079,59.949176,20.000275,True,2.315258,15.077889,True,ok,train
Chunk_8,99c94dc769b5d96e|2018-09-25--09-06-17,43,Chunk_8/99c94dc769b5d96e|2018-09-25--09-06-17/43,Chunk_8/99c94dc769b5d96e|2018-09-25--09-06-17/43/video.hevc,37534398,True,True,True,1200,True,1200x3,True,1200x3,True,1200x4,1200,80234.595053,80294.544227,59.949174,20.000276,True,11.038952,18.157426,True,ok,train
Chunk_8,99c94dc769b5d96e|2018-09-25--09-06-17,44,Chunk_8/99c94dc769b5d96e|2018-09-25--09-06-17/44,Chunk_8/99c94dc769b5d96e|2018-09-25--09-06-17/44/video.hevc,37457134,True,True,True,1200,True,1200x3,True,1200x3,True,1200x4,1200,80294.594218,80354.543373,59.949155,20.000282,True,14.910575,20.156575,True,ok,train
Chunk_8,99c94dc769b5d96e|2018-10-06--10-19-44,5,Chunk_8/99c94dc769b5d96e|2018-10-06--10-19-44/5,Chunk_8/99c94dc769b5d96e|2018-10-06--10-19-44/5/video.hevc,37517198,True,True,True,1200,True,1200x3,True,1200x3,True,1200x4,1200,936096.960419,936156.909571,59.949152,20.000283,True,8.855881,18.426509,True,ok,train
Chunk_8,99c94dc769b5d96e|2018-10-06--10-19-44,6,Chunk_8/99c94dc769b5d96e|2018-10-06--10-19-44/6,Chunk_8/99c94dc769b5d96e|2018-10-06--10-19-44/6/video.hevc,37440510,True,True,True,1200,True,1200x3,True,1200x3,True,1200x4,1200,936156.959583,936216.908743,59.94916,20.00028,True,2.896364,11.937749,True,ok,train
Chunk_8,99c94dc769b5d96e|2018-10-06--10-55-28,3,Chunk_8/99c94dc769b5d96e|2018-10-06--10-55-28/3,Chunk_8/99c94dc769b5d96e|2018-10-06--10-55-28/3/video.hevc,37569214,True,True,True,1201,True,1201x3,True,1201x3,True,1201x4,1201,938120.970123,938180.969277,59.999154,20.000282,True,10.408782,17.07857,True,ok,train
Chunk_8,99c94dc769b5d96e|2018-10-06--10-55-28,4,Chunk_8/99c94dc769b5d96e|2018-10-06--10-55-28/4,Chunk_8/99c94dc769b5d96e|2018-10-06--10-55-28/4/video.hevc,37510574,True,True,True,1200,True,1200x3,True,1200x3,True,1200x4,1200,938181.019272,938240.968431,59.949159,20.000281,True,23.759243,28.388921,True,ok,train
Chunk_8,99c94dc769b5d96e|2018-10-06--10-55-28,5,Chunk_8/99c94dc769b5d96e|2018-10-06--10-55-28/5,Chunk_8/99c94dc769b5d96e|2018-10-06--10-55-28/5/video.hevc,37468062,True,True,True,1200,True,1200x3,True,1200x3,True,1200x4,1200,938241.018427,938300.9676,59.949173,20.000276,True,27.291174,28.646597,True,ok,train
Chunk_8,99c94dc769b5d96e|2018-10-06--10-55-28,6,Chunk_8/99c94dc769b5d96e|2018-10-06--10-55-28/6,Chunk_8/99c94dc769b5d96e|2018-10-06--10-55-28/6/video.hevc,37478462,True,True,True,1200,True,1200x3,True,1200x3,True,1200x4,1200,938301.017586,938360.96678,59.949194,20.000269,True,27.919982,28.732983,True,ok,train
Chunk_8,99c94dc769b5d96e|2018-10-06--10-55-28,7,Chunk_8/99c94dc769b5d96e|2018-10-06--10-55-28/7,Chunk_8/99c94dc769b5d96e|2018-10-06--10-55-28/7/video.hevc,37470014,True,True,True,1200,True,1200x3,True,1200x3,True,1200x4,1200,938361.016745,938420.965906,59.949161,20.00028,True,28.254661,28.596114,True,ok,train
Chunk_8,99c94dc769b5d96e|2018-10-06--10-55-28,8,Chunk_8/99c94dc769b5d96e|2018-10-06--10-55-28/8,Chunk_8/99c94dc769b5d96e|2018-10-06--10-55-28/8/video.hevc,37481614,True,True,True,1200,True,1200x3,True,1200x3,True,1200x4,1200,938421.01592,938480.965059,59.949139,20.000287,True,28.459181,28.76241,True,ok,train
Chunk_8,99c94dc769b5d96e|2018-10-06--10-55-28,9,Chunk_8/99c94dc769b5d96e|2018-10-06--10-55-28/9,Chunk_8/99c94dc769b5d96e|2018-10-06--10-55-28/9/video.hevc,37449758,True,True,True,1200,True,1200x3,True,1200x3,True,1200x4,1200,938481.015082,938540.96422,59.949138,20.000288,True,28.422889,28.709292,True,ok,train
Chunk_8,99c94dc769b5d96e|2018-10-06--10-55-28,10,Chunk_8/99c94dc769b5d96e|2018-10-06--10-55-28/10,Chunk_8/99c94dc769b5d96e|2018-10-06--10-55-28/10/video.hevc,37480526,True,True,True,1199,True,1199x3,True,1199x3,True,1199x4,1199,938541.014219,938600.913375,59.899156,20.000282,True,28.30302,28.634898,True,ok,train
Chunk_8,99c94dc769b5d96e|2018-10-06--10-55-28,11,Chunk_8/99c94dc769b5d96e|2018-10-06--10-55-28/11,Chunk_8/99c94dc769b5d96e|2018-10-06--10-55-28/11/video.hevc,37478846,True,True,True,1200,True,1200x3,True,1200x3,True,1200x4,1200,938600.963374,938660.91253,59.949156,20.000282,True,30.801069,32.765821,True,ok,train
Chunk_8,99c94dc769b5d96e|2018-10-06--10-55-28,12,Chunk_8/99c94dc769b5d96e|2018-10-06--10-55-28/12,Chunk_8/99c94dc769b5d96e|2018-10-06--10-55-28/12/video.hevc,37493038,True,True,True,1200,True,1200x3,True,1200x3,True,1200x4,1200,938660.962534,938720.911687,59.949153,20.000283,True,32.137581,32.966344,True,ok,train
Chunk_8,99c94dc769b5d96e|2018-10-06--10-55-28,13,Chunk_8/99c94dc769b5d96e|2018-10-06--10-55-28/13,Chunk_8/99c94dc769b5d96e|2018-10-06--10-55-28/13/video.hevc,37544286,True,True,True,1201,True,1201x3,True,1201x3,True,1201x4,1201,938720.961692,938780.960855,59.999163,20.000279,True,32.715639,32.968183,True,ok,train
Chunk_9,99c94dc769b5d96e|2018-10-12--20-13-54,5,Chunk_9/99c94dc769b5d96e|2018-10-12--20-13-54/5,Chunk_9/99c94dc769b5d96e|2018-10-12--20-13-54/5/video.hevc,37462606,True,True,True,1046,True,1046x3,True,1046x3,True,1046x4,1046,1490147.771045,1490207.7702,59.999155,17.416912,True,12.311321,20.920361,True,ok,train
Chunk_9,99c94dc769b5d96e|2018-10-12--20-13-54,6,Chunk_9/99c94dc769b5d96e|2018-10-12--20-13-54/6,Chunk_9/99c94dc769b5d96e|2018-10-12--20-13-54/6/video.hevc,37382926,True,True,True,1064,True,1064x3,True,1064x3,True,1064x4,1064,1490207.820205,1490267.769354,59.949149,17.731695,True,3.536846,16.415946,True,ok,train
Chunk_9,99c94dc769b5d96e|2018-10-12--20-13-54,7,Chunk_9/99c94dc769b5d96e|2018-10-12--20-13-54/7,Chunk_9/99c94dc769b5d96e|2018-10-12--20-13-54/7/video.hevc,37412238,True,True,True,1051,True,1051x3,True,1051x3,True,1051x4,1051,1490267.819353,1490327.768519,59.949166,17.514839,True,11.700725,22.158207,True,ok,train
Chunk_9,99c94dc769b5d96e|2018-10-12--20-13-54,8,Chunk_9/99c94dc769b5d96e|2018-10-12--20-13-54/8,Chunk_9/99c94dc769b5d96e|2018-10-12--20-13-54/8/video.hevc,37444478,True,True,True,1053,True,1053x3,True,1053x3,True,1053x4,1053,1490327.818511,1490387.767672,59.949161,17.548202,True,26.954439,30.736888,True,ok,train
Chunk_9,99c94dc769b5d96e|2018-10-12--20-13-54,9,Chunk_9/99c94dc769b5d96e|2018-10-12--20-13-54/9,Chunk_9/99c94dc769b5d96e|2018-10-12--20-13-54/9/video.hevc,37456094,True,True,True,1037,True,1037x3,True,1037x3,True,1037x4,1037,1490387.817671,1490447.766827,59.949156,17.281311,True,30.43054,30.793378,True,ok,train
Chunk_9,99c94dc769b5d96e|2018-10-12--20-13-54,10,Chunk_9/99c94dc769b5d96e|2018-10-12--20-13-54/10,Chunk_9/99c94dc769b5d96e|2018-10-12--20-13-54/10/video.hevc,37443006,True,True,True,1049,True,1049x3,True,1049x3,True,1049x4,1049,1490447.81686,1490507.765999,59.949139,17.481485,True,30.111045,30.834203,True,ok,train
Chunk_9,99c94dc769b5d96e|2018-10-12--20-13-54,11,Chunk_9/99c94dc769b5d96e|2018-10-12--20-13-54/11,Chunk_9/99c94dc769b5d96e|2018-10-12--20-13-54/11/video.hevc,37361230,True,True,True,1060,True,1060x3,True,1060x3,True,1060x4,1060,1490507.815983,1490567.765154,59.949171,17.664965,True,30.407296,30.806014,True,ok,train
Chunk_9,99c94dc769b5d96e|2018-10-12--20-13-54,12,Chunk_9/99c94dc769b5d96e|2018-10-12--20-13-54/12,Chunk_9/99c94dc769b5d96e|2018-10-12--20-13-54/12/video.hevc,37427454,True,True,True,1077,True,1077x3,True,1077x3,True,1077x4,1077,1490567.815142,1490627.764304,59.949162,17.948541,True,15.727412,30.945149,True,ok,train
Chunk_9,99c94dc769b5d96e|2018-10-12--20-13-54,13,Chunk_9/99c94dc769b5d96e|2018-10-12--20-13-54/13,Chunk_9/99c94dc769b5d96e|2018-10-12--20-13-54/13/video.hevc,37499838,True,True,True,1046,True,1046x3,True,1046x3,True,1046x4,1046,1490627.814294,1490687.763472,59.949178,17.431432,True,3.168457,10.21163,True,ok,train
Chunk_9,99c94dc769b5d96e|2018-10-12--20-13-54,14,Chunk_9/99c94dc769b5d96e|2018-10-12--20-13-54/14,Chunk_9/99c94dc769b5d96e|2018-10-12--20-13-54/14/video.hevc,37499886,True,True,True,1077,True,1077x3,True,1077x3,True,1077x4,1077,1490687.813453,1490747.762612,59.949159,17.948542,True,2.600734,4.590027,True,ok,train
Chunk_9,99c94dc769b5d96e|2018-10-12--20-13-54,15,Chunk_9/99c94dc769b5d96e|2018-10-12--20-13-54/15,Chunk_9/99c94dc769b5d96e|2018-10-12--20-13-54/15/video.hevc,37517150,True,True,True,1101,True,1101x3,True,1101x3,True,1101x4,1101,1490747.81261,1490807.761768,59.949158,18.348882,True,2.220378,5.253932,True,ok,train
Chunk_9,99c94dc769b5d96e|2018-10-12--20-13-54,16,Chunk_9/99c94dc769b5d96e|2018-10-12--20-13-54/16,Chunk_9/99c94dc769b5d96e|2018-10-12--20-13-54/16/video.hevc,37498990,True,True,True,1059,True,1059x3,True,1059x3,True,1059x4,1059,1490807.811784,1490867.710925,59.899141,17.663025,True,2.717033,4.688269,True,ok,train
Chunk_9,99c94dc769b5d96e|2018-10-12--20-13-54,17,Chunk_9/99c94dc769b5d96e|2018-10-12--20-13-54/17,Chunk_9/99c94dc769b5d96e|2018-10-12--20-13-54/17/video.hevc,37488142,True,True,True,1086,True,1086x3,True,1086x3,True,1086x4,1086,1490867.810927,1490927.760096,59.949169,18.098666,True,2.772705,5.904516,True,ok,train
Chunk_9,99c94dc769b5d96e|2018-10-12--20-13-54,18,Chunk_9/99c94dc769b5d96e|2018-10-12--20-13-54/18,Chunk_9/99c94dc769b5d96e|2018-10-12--20-13-54/18/video.hevc,37358302,True,True,True,1114,True,1114x3,True,1114x3,True,1114x4,1114,1490927.810088,1490987.759234,59.949146,18.565736,True,1.607782,3.841409,True,ok,train
Chunk_9,99c94dc769b5d96e|2018-10-12--20-13-54,19,Chunk_9/99c94dc769b5d96e|2018-10-12--20-13-54/19,Chunk_9/99c94dc769b5d96e|2018-10-12--20-13-54/19/video.hevc,37538974,True,True,True,1098,True,1098x3,True,1098x3,True,1098x4,1098,1490987.809238,1491047.75839,59.949152,18.298841,True,2.029881,5.025027,True,ok,train
Chunk_9,99c94dc769b5d96e|2018-10-12--20-13-54,20,Chunk_9/99c94dc769b5d96e|2018-10-12--20-13-54/20,Chunk_9/99c94dc769b5d96e|2018-10-12--20-13-54/20/video.hevc,37386702,True,True,True,1078,True,1078x3,True,1078x3,True,1078x4,1078,1491047.808394,1491107.757552,59.949158,17.965223,True,3.127807,6.703234,True,ok,train
Chunk_9,99c94dc769b5d96e|2018-10-12--20-13-54,21,Chunk_9/99c94dc769b5d96e|2018-10-12--20-13-54/21,Chunk_9/99c94dc769b5d96e|2018-10-12--20-13-54/21/video.hevc,37443054,True,True,True,1105,True,1105x3,True,1105x3,True,1105x4,1105,1491107.807555,1491167.756711,59.949156,18.415605,True,1.907431,4.386989,True,ok,train
Chunk_9,99c94dc769b5d96e|2018-10-12--20-13-54,22,Chunk_9/99c94dc769b5d96e|2018-10-12--20-13-54/22,Chunk_9/99c94dc769b5d96e|2018-10-12--20-13-54/22/video.hevc,37508846,True,True,True,1098,True,1098x3,True,1098x3,True,1098x4,1098,1491167.806714,1491227.755877,59.949163,18.298838,True,1.453555,4.452408,True,ok,train
Chunk_9,99c94dc769b5d96e|2018-10-12--20-13-54,23,Chunk_9/99c94dc769b5d96e|2018-10-12--20-13-54/23,Chunk_9/99c94dc769b5d96e|2018-10-12--20-13-54/23/video.hevc,37466334,True,True,True,1109,True,1109x3,True,1109x3,True,1109x4,1109,1491227.805882,1491287.755026,59.949144,18.482332,True,14.577999,28.88821,True,ok,train
Chunk_9,99c94dc769b5d96e|2018-10-12--20-13-54,24,Chunk_9/99c94dc769b5d96e|2018-10-12--20-13-54/24,Chunk_9/99c94dc769b5d96e|2018-10-12--20-13-54/24/video.hevc,37412910,True,True,True,1104,True,1104x3,True,1104x3,True,1104x4,1104,1491287.855034,1491347.754178,59.899144,18.414287,True,29.424918,30.528316,True,ok,train
Chunk_9,99c94dc769b5d96e|2018-10-12--20-13-54,25,Chunk_9/99c94dc769b5d96e|2018-10-12--20-13-54/25,Chunk_9/99c94dc769b5d96e|2018-10-12--20-13-54/25/video.hevc,37509630,True,True,True,1067,True,1067x3,True,1067x3,True,1067x4,1067,1491347.804181,1491407.753344,59.949163,17.781733,True,30.834538,32.81791,True,ok,train
Chunk_9,99c94dc769b5d96e|2018-10-12--20-13-54,26,Chunk_9/99c94dc769b5d96e|2018-10-12--20-13-54/26,Chunk_9/99c94dc769b5d96e|2018-10-12--20-13-54/26/video.hevc,37406510,True,True,True,1088,True,1088x3,True,1088x3,True,1088x4,1088,1491407.803341,1491467.752506,59.949165,18.132029,True,32.058977,32.98855,True,ok,train
Chunk_9,99c94dc769b5d96e|2018-10-12--20-13-54,27,Chunk_9/99c94dc769b5d96e|2018-10-12--20-13-54/27,Chunk_9/99c94dc769b5d96e|2018-10-12--20-13-54/27/video.hevc,37401934,True,True,True,1180,True,1180x3,True,1180x3,True,1180x4,1180,1491467.802508,1491527.751651,59.949143,19.66667,True,34.990276,37.077233,True,ok,train
Chunk_9,99c94dc769b5d96e|2018-10-14--14-06-44,17,Chunk_9/99c94dc769b5d96e|2018-10-14--14-06-44/17,Chunk_9/99c94dc769b5d96e|2018-10-14--14-06-44/17/video.hevc,37423726,True,True,True,1166,True,1166x3,True,1166x3,True,1166x4,1166,3872.432316,3932.331487,59.899171,19.449351,True,31.32785,33.347377,True,ok,train
Chunk_9,99c94dc769b5d96e|2018-10-14--14-06-44,18,Chunk_9/99c94dc769b5d96e|2018-10-14--14-06-44/18,Chunk_9/99c94dc769b5d96e|2018-10-14--14-06-44/18/video.hevc,37525134,True,True,True,1161,True,1161x3,True,1161x3,True,1161x4,1161,3932.381472,3992.330636,59.949164,19.349728,True,33.790085,35.052853,True,ok,train
Chunk_9,99c94dc769b5d96e|2018-10-14--14-06-44,19,Chunk_9/99c94dc769b5d96e|2018-10-14--14-06-44/19,Chunk_9/99c94dc769b5d96e|2018-10-14--14-06-44/19/video.hevc,37492142,True,True,True,1153,True,1153x3,True,1153x3,True,1153x4,1153,3992.380631,4052.37981,59.999179,19.200263,True,33.575126,33.74538,True,ok,train
Chunk_9,99c94dc769b5d96e|2018-10-14--14-06-44,20,Chunk_9/99c94dc769b5d96e|2018-10-14--14-06-44/20,Chunk_9/99c94dc769b5d96e|2018-10-14--14-06-44/20/video.hevc,37467246,True,True,True,1163,True,1163x3,True,1163x3,True,1163x4,1163,4052.429794,4112.378949,59.949155,19.383092,True,34.450466,35.177059,True,ok,train
Chunk_9,99c94dc769b5d96e|2018-10-14--14-06-44,21,Chunk_9/99c94dc769b5d96e|2018-10-14--14-06-44/21,Chunk_9/99c94dc769b5d96e|2018-10-14--14-06-44/21/video.hevc,37499710,True,True,True,1162,True,1162x3,True,1162x3,True,1162x4,1162,4112.428953,4172.328108,59.899155,19.382577,True,32.757069,35.037482,True,ok,train
Chunk_9,99c94dc769b5d96e|2018-10-14--14-06-44,22,Chunk_9/99c94dc769b5d96e|2018-10-14--14-06-44/22,Chunk_9/99c94dc769b5d96e|2018-10-14--14-06-44/22/video.hevc,37516894,True,True,True,1156,True,1156x3,True,1156x3,True,1156x4,1156,4172.37811,4232.327281,59.949171,19.266321,True,32.457396,35.400025,True,ok,train
Chunk_9,99c94dc769b5d96e|2018-10-14--14-06-44,23,Chunk_9/99c94dc769b5d96e|2018-10-14--14-06-44/23,Chunk_9/99c94dc769b5d96e|2018-10-14--14-06-44/23/video.hevc,37489582,True,True,True,1172,True,1172x3,True,1172x3,True,1172x4,1172,4232.377262,4292.376438,59.999176,19.516935,True,32.728172,35.311321,True,ok,train
Chunk_9,99c94dc769b5d96e|2018-10-14--14-06-44,24,Chunk_9/99c94dc769b5d96e|2018-10-14--14-06-44/24,Chunk_9/99c94dc769b5d96e|2018-10-14--14-06-44/24/video.hevc,37484862,True,True,True,1165,True,1165x3,True,1165x3,True,1165x4,1165,4292.426431,4352.375588,59.949157,19.416453,True,32.539079,35.010866,True,ok,train
Chunk_9,99c94dc769b5d96e|2018-10-14--14-06-44,25,Chunk_9/99c94dc769b5d96e|2018-10-14--14-06-44/25,Chunk_9/99c94dc769b5d96e|2018-10-14--14-06-44/25/video.hevc,37493550,True,True,True,1160,True,1160x3,True,1160x3,True,1160x4,1160,4352.425589,4412.374725,59.949136,19.333056,True,24.678261,33.95302,True,ok,train
Chunk_9,99c94dc769b5d96e|2018-10-14--14-06-44,26,Chunk_9/99c94dc769b5d96e|2018-10-14--14-06-44/26,Chunk_9/99c94dc769b5d96e|2018-10-14--14-06-44/26/video.hevc,37502014,True,True,True,1178,True,1178x3,True,1178x3,True,1178x4,1178,4412.42473,4472.373888,59.949158,19.633303,True,13.947428,19.961709,True,ok,train
Chunk_9,99c94dc769b5d96e|2018-10-14--14-06-44,27,Chunk_9/99c94dc769b5d96e|2018-10-14--14-06-44/27,Chunk_9/99c94dc769b5d96e|2018-10-14--14-06-44/27/video.hevc,37547326,True,True,True,1188,True,1188x3,True,1188x3,True,1188x4,1188,4472.423906,4532.373047,59.949141,19.800117,True,9.108327,16.377393,True,ok,train
Chunk_9,99c94dc769b5d96e|2018-10-14--14-06-44,28,Chunk_9/99c94dc769b5d96e|2018-10-14--14-06-44/28,Chunk_9/99c94dc769b5d96e|2018-10-14--14-06-44/28/video.hevc,37476270,True,True,True,1191,True,1191x3,True,1191x3,True,1191x4,1191,4532.423047,4592.372198,59.949151,19.850156,True,10.001187,16.137945,True,ok,train
Chunk_9,99c94dc769b5d96e|2018-10-14--19-58-04,4,Chunk_9/99c94dc769b5d96e|2018-10-14--19-58-04/4,Chunk_9/99c94dc769b5d96e|2018-10-14--19-58-04/4/video.hevc,37476718,True,True,True,1169,True,1169x3,True,1169x3,True,1169x4,1169,24172.839957,24232.789107,59.94915,19.483179,True,12.035584,24.957798,True,ok,train
Chunk_9,99c94dc769b5d96e|2018-10-14--19-58-04,5,Chunk_9/99c94dc769b5d96e|2018-10-14--19-58-04/5,Chunk_9/99c94dc769b5d96e|2018-10-14--19-58-04/5/video.hevc,37488574,True,True,True,1170,True,1170x3,True,1170x3,True,1170x4,1170,24232.839111,24292.788288,59.949177,19.499851,True,12.991388,24.125056,True,ok,train
Chunk_9,99c94dc769b5d96e|2018-10-14--19-58-04,6,Chunk_9/99c94dc769b5d96e|2018-10-14--19-58-04/6,Chunk_9/99c94dc769b5d96e|2018-10-14--19-58-04/6/video.hevc,37433390,True,True,True,1129,True,1129x3,True,1129x3,True,1129x4,1129,24292.838287,24352.787427,59.94914,18.81595,True,25.472237,32.120647,True,ok,train
Chunk_9,99c94dc769b5d96e|2018-10-14--19-58-04,7,Chunk_9/99c94dc769b5d96e|2018-10-14--19-58-04/7,Chunk_9/99c94dc769b5d96e|2018-10-14--19-58-04/7/video.hevc,37458798,True,True,True,1124,True,1124x3,True,1124x3,True,1124x4,1124,24352.837432,24412.836581,59.999149,18.716932,True,31.039328,32.97274,True,ok,train
Chunk_9,99c94dc769b5d96e|2018-10-14--19-58-04,8,Chunk_9/99c94dc769b5d96e|2018-10-14--19-58-04/8,Chunk_9/99c94dc769b5d96e|2018-10-14--19-58-04/8/video.hevc,37425406,True,True,True,1126,True,1126x3,True,1126x3,True,1126x4,1126,24412.886618,24472.835738,59.94912,18.765913,True,30.514721,35.771689,True,ok,train
Chunk_9,99c94dc769b5d96e|2018-10-14--19-58-04,9,Chunk_9/99c94dc769b5d96e|2018-10-14--19-58-04/9,Chunk_9/99c94dc769b5d96e|2018-10-14--19-58-04/9/video.hevc,37393374,True,True,True,1116,True,1116x3,True,1116x3,True,1116x4,1116,24472.885735,24532.784907,59.899172,18.614615,True,33.464335,36.011743,True,ok,train
Chunk_9,99c94dc769b5d96e|2018-10-14--19-58-04,10,Chunk_9/99c94dc769b5d96e|2018-10-14--19-58-04/10,Chunk_9/99c94dc769b5d96e|2018-10-14--19-58-04/10/video.hevc,37401070,True,True,True,1110,True,1110x3,True,1110x3,True,1110x4,1110,24532.834902,24592.784053,59.949151,18.499011,True,32.8585,33.114094,True,ok,train
Chunk_9,99c94dc769b5d96e|2018-10-14--19-58-04,11,Chunk_9/99c94dc769b5d96e|2018-10-14--19-58-04/11,Chunk_9/99c94dc769b5d96e|2018-10-14--19-58-04/11/video.hevc,37394014,True,True,True,1124,True,1124x3,True,1124x3,True,1124x4,1124,24592.834052,24652.78322,59.949168,18.732537,True,32.728467,33.104147,True,ok,train
Chunk_9,99c94dc769b5d96e|2018-10-14--19-58-04,12,Chunk_9/99c94dc769b5d96e|2018-10-14--19-58-04/12,Chunk_9/99c94dc769b5d96e|2018-10-14--19-58-04/12/video.hevc,37388318,True,True,True,1137,True,1137x3,True,1137x3,True,1137x4,1137,24652.833212,24712.782373,59.949161,18.949389,True,32.681935,33.055498,True,ok,train
Chunk_9,99c94dc769b5d96e|2018-10-14--19-58-04,13,Chunk_9/99c94dc769b5d96e|2018-10-14--19-58-04/13,Chunk_9/99c94dc769b5d96e|2018-10-14--19-58-04/13/video.hevc,37395886,True,True,True,1124,True,1124x3,True,1124x3,True,1124x4,1124,24712.83237,24772.781545,59.949175,18.732535,True,32.75628,32.967352,True,ok,train
Chunk_9,99c94dc769b5d96e|2018-10-14--19-58-04,14,Chunk_9/99c94dc769b5d96e|2018-10-14--19-58-04/14,Chunk_9/99c94dc769b5d96e|2018-10-14--19-58-04/14/video.hevc,37425742,True,True,True,1120,True,1120x3,True,1120x3,True,1120x4,1120,24772.831531,24832.830685,59.999154,18.650263,True,33.397903,34.783072,True,ok,train
Chunk_9,99c94dc769b5d96e|2018-10-15--08-45-15,48,Chunk_9/99c94dc769b5d96e|2018-10-15--08-45-15/48,Chunk_9/99c94dc769b5d96e|2018-10-15--08-45-15/48/video.hevc,37416190,True,True,True,1166,True,1166x3,True,1166x3,True,1166x4,1166,72843.486328,72903.38548,59.899152,19.449357,True,29.429396,31.407495,True,ok,train
Chunk_9,99c94dc769b5d96e|2018-10-15--08-45-15,49,Chunk_9/99c94dc769b5d96e|2018-10-15--08-45-15/49,Chunk_9/99c94dc769b5d96e|2018-10-15--08-45-15/49/video.hevc,37473038,True,True,True,1141,True,1141x3,True,1141x3,True,1141x4,1141,72903.485478,72963.434635,59.949157,19.016114,True,28.580614,31.722793,True,ok,train
Chunk_9,99c94dc769b5d96e|2018-10-15--08-45-15,50,Chunk_9/99c94dc769b5d96e|2018-10-15--08-45-15/50,Chunk_9/99c94dc769b5d96e|2018-10-15--08-45-15/50/video.hevc,37472862,True,True,True,1151,True,1151x3,True,1151x3,True,1151x4,1151,72963.484635,73023.433784,59.949149,19.182925,True,24.578459,27.980642,True,ok,train
Chunk_9,99c94dc769b5d96e|2018-10-15--08-45-15,51,Chunk_9/99c94dc769b5d96e|2018-10-15--08-45-15/51,Chunk_9/99c94dc769b5d96e|2018-10-15--08-45-15/51/video.hevc,37498574,True,True,True,1153,True,1153x3,True,1153x3,True,1153x4,1153,73023.48379,73083.432946,59.949156,19.216284,True,27.873673,29.669882,True,ok,train
Chunk_9,99c94dc769b5d96e|2018-10-15--08-45-15,52,Chunk_9/99c94dc769b5d96e|2018-10-15--08-45-15/52,Chunk_9/99c94dc769b5d96e|2018-10-15--08-45-15/52/video.hevc,37508766,True,True,True,1164,True,1164x3,True,1164x3,True,1164x4,1164,73083.482953,73143.432116,59.949163,19.39977,True,27.858161,30.504957,True,ok,train
Chunk_9,99c94dc769b5d96e|2018-10-15--08-45-15,53,Chunk_9/99c94dc769b5d96e|2018-10-15--08-45-15/53,Chunk_9/99c94dc769b5d96e|2018-10-15--08-45-15/53/video.hevc,37484046,True,True,True,1170,True,1170x3,True,1170x3,True,1170x4,1170,73143.482094,73203.431261,59.949167,19.499854,True,28.287994,31.312438,True,ok,train
Chunk_9,99c94dc769b5d96e|2018-10-15--08-45-15,54,Chunk_9/99c94dc769b5d96e|2018-10-15--08-45-15/54,Chunk_9/99c94dc769b5d96e|2018-10-15--08-45-15/54/video.hevc,37494750,True,True,True,1160,True,1160x3,True,1160x3,True,1160x4,1160,73203.48125,73263.430416,59.949166,19.333046,True,18.701742,28.915055,True,ok,train
Chunk_9,99c94dc769b5d96e|2018-10-15--08-45-15,55,Chunk_9/99c94dc769b5d96e|2018-10-15--08-45-15/55,Chunk_9/99c94dc769b5d96e|2018-10-15--08-45-15/55/video.hevc,37405566,True,True,True,1184,True,1184x3,True,1184x3,True,1184x4,1184,73263.480411,73323.429579,59.949168,19.733385,True,3.384599,8.546699,True,ok,train
Chunk_9,99c94dc769b5d96e|2018-10-15--08-45-15,56,Chunk_9/99c94dc769b5d96e|2018-10-15--08-45-15/56,Chunk_9/99c94dc769b5d96e|2018-10-15--08-45-15/56/video.hevc,37552846,True,True,True,1179,True,1179x3,True,1179x3,True,1179x4,1179,73323.479566,73383.428776,59.94921,19.649967,True,4.067681,15.460814,True,ok,train
Chunk_9,99c94dc769b5d96e|2018-10-15--08-45-15,57,Chunk_9/99c94dc769b5d96e|2018-10-15--08-45-15/57,Chunk_9/99c94dc769b5d96e|2018-10-15--08-45-15/57/video.hevc,37543070,True,True,True,1186,True,1186x3,True,1186x3,True,1186x4,1186,73383.478732,73443.427881,59.949149,19.766753,True,6.014937,18.190121,True,ok,train
Chunk_9,99c94dc769b5d96e|2018-10-15--08-45-15,58,Chunk_9/99c94dc769b5d96e|2018-10-15--08-45-15/58,Chunk_9/99c94dc769b5d96e|2018-10-15--08-45-15/58/video.hevc,37554430,True,True,True,1174,True,1174x3,True,1174x3,True,1174x4,1174,73443.477904,73503.477038,59.999134,19.550282,True,15.189227,18.032581,True,ok,train
Chunk_9,99c94dc769b5d96e|2018-10-15--13-41-14,1,Chunk_9/99c94dc769b5d96e|2018-10-15--13-41-14/1,Chunk_9/99c94dc769b5d96e|2018-10-15--13-41-14/1/video.hevc,32892014,True,True,True,1052,True,1052x3,True,1052x3,True,1052x4,1052,388.678986,441.228256,52.54927,20.000278,True,28.125849,31.840431,True,ok,validation
Chunk_9,99c94dc769b5d96e|2018-10-15--13-43-11,1,Chunk_9/99c94dc769b5d96e|2018-10-15--13-43-11/1,Chunk_9/99c94dc769b5d96e|2018-10-15--13-43-11/1/video.hevc,37506846,True,True,True,1200,True,1200x3,True,1200x3,True,1200x4,1200,505.62107,565.5702,59.94913,20.00029,True,24.475872,29.468946,True,ok,test
Chunk_9,99c94dc769b5d96e|2018-10-15--14-39-02,7,Chunk_9/99c94dc769b5d96e|2018-10-15--14-39-02/7,Chunk_9/99c94dc769b5d96e|2018-10-15--14-39-02/7/video.hevc,37477470,True,True,True,1200,True,1200x3,True,1200x3,True,1200x4,1200,4216.03875,4275.987903,59.949153,20.000283,True,22.170143,29.018899,True,ok,train
Chunk_9,99c94dc769b5d96e|2018-10-15--14-39-02,8,Chunk_9/99c94dc769b5d96e|2018-10-15--14-39-02/8,Chunk_9/99c94dc769b5d96e|2018-10-15--14-39-02/8/video.hevc,37494894,True,True,True,1200,True,1200x3,True,1200x3,True,1200x4,1200,4276.0379,4335.987067,59.949167,20.000278,True,29.07542,32.008263,True,ok,train
Chunk_9,99c94dc769b5d96e|2018-10-15--14-39-02,9,Chunk_9/99c94dc769b5d96e|2018-10-15--14-39-02/9,Chunk_9/99c94dc769b5d96e|2018-10-15--14-39-02/9/video.hevc,37454094,True,True,True,1200,True,1200x3,True,1200x3,True,1200x4,1200,4336.037083,4395.98623,59.949147,20.000285,True,30.307576,32.225042,True,ok,train
Chunk_9,99c94dc769b5d96e|2018-10-15--14-39-02,10,Chunk_9/99c94dc769b5d96e|2018-10-15--14-39-02/10,Chunk_9/99c94dc769b5d96e|2018-10-15--14-39-02/10/video.hevc,37510894,True,True,True,1200,True,1200x3,True,1200x3,True,1200x4,1200,4396.036234,4455.985376,59.949142,20.000286,True,30.299959,32.231493,True,ok,train
Chunk_9,99c94dc769b5d96e|2018-10-15--14-39-02,11,Chunk_9/99c94dc769b5d96e|2018-10-15--14-39-02/11,Chunk_9/99c94dc769b5d96e|2018-10-15--14-39-02/11/video.hevc,37496830,True,True,True,1200,True,1200x3,True,1200x3,True,1200x4,1200,4456.035376,4515.984562,59.949186,20.000272,True,27.588914,32.068125,True,ok,train
Chunk_9,99c94dc769b5d96e|2018-10-15--14-39-02,12,Chunk_9/99c94dc769b5d96e|2018-10-15--14-39-02/12,Chunk_9/99c94dc769b5d96e|2018-10-15--14-39-02/12/video.hevc,37474286,True,True,True,1200,True,1200x3,True,1200x3,True,1200x4,1200,4516.034531,4575.983714,59.949183,20.000273,True,29.909087,32.344528,True,ok,train
Chunk_9,99c94dc769b5d96e|2018-10-15--14-39-02,13,Chunk_9/99c94dc769b5d96e|2018-10-15--14-39-02/13,Chunk_9/99c94dc769b5d96e|2018-10-15--14-39-02/13/video.hevc,37494366,True,True,True,1200,True,1200x3,True,1200x3,True,1200x4,1200,4576.033693,4635.982847,59.949154,20.000282,True,29.694973,30.306128,True,ok,train
Chunk_9,99c94dc769b5d96e|2018-10-15--14-39-02,14,Chunk_9/99c94dc769b5d96e|2018-10-15--14-39-02/14,Chunk_9/99c94dc769b5d96e|2018-10-15--14-39-02/14/video.hevc,37468494,True,True,True,1200,True,1200x3,True,1200x3,True,1200x4,1200,4636.032846,4695.982005,59.949159,20.000281,True,26.508066,30.219794,True,ok,train
Chunk_9,99c94dc769b5d96e|2018-10-15--14-39-02,15,Chunk_9/99c94dc769b5d96e|2018-10-15--14-39-02/15,Chunk_9/99c94dc769b5d96e|2018-10-15--14-39-02/15/video.hevc,37467774,True,True,True,1200,True,1200x3,True,1200x3,True,1200x4,1200,4696.032018,4755.981163,59.949145,20.000285,True,28.875841,29.834214,True,ok,train
Chunk_9,99c94dc769b5d96e|2018-10-15--14-39-02,16,Chunk_9/99c94dc769b5d96e|2018-10-15--14-39-02/16,Chunk_9/99c94dc769b5d96e|2018-10-15--14-39-02/16/video.hevc,37478958,True,True,True,1200,True,1200x3,True,1200x3,True,1200x4,1200,4756.031161,4815.980381,59.94922,20.00026,True,17.67915,29.772362,True,ok,train
Chunk_9,99c94dc769b5d96e|2018-10-15--14-39-02,17,Chunk_9/99c94dc769b5d96e|2018-10-15--14-39-02/17,Chunk_9/99c94dc769b5d96e|2018-10-15--14-39-02/17/video.hevc,37515710,True,True,True,1200,True,1200x3,True,1200x3,True,1200x4,1200,4816.030339,4875.979472,59.949133,20.000289,True,14.120048,18.657652,True,ok,train
Chunk_9,99c94dc769b5d96e|2018-10-15--14-39-02,18,Chunk_9/99c94dc769b5d96e|2018-10-15--14-39-02/18,Chunk_9/99c94dc769b5d96e|2018-10-15--14-39-02/18/video.hevc,37433806,True,True,True,1200,True,1200x3,True,1200x3,True,1200x4,1200,4876.029479,4935.978635,59.949156,20.000282,True,4.663159,15.74921,True,ok,train
Chunk_9,99c94dc769b5d96e|2018-10-15--14-39-02,19,Chunk_9/99c94dc769b5d96e|2018-10-15--14-39-02/19,Chunk_9/99c94dc769b5d96e|2018-10-15--14-39-02/19/video.hevc,37424622,True,True,True,1200,True,1200x3,True,1200x3,True,1200x4,1200,4936.028624,4995.977787,59.949163,20.000279,True,0.354102,12.35712,True,ok,train
Chunk_9,99c94dc769b5d96e|2018-10-15--14-39-02,20,Chunk_9/99c94dc769b5d96e|2018-10-15--14-39-02/20,Chunk_9/99c94dc769b5d96e|2018-10-15--14-39-02/20/video.hevc,37562158,True,True,True,1201,True,1201x3,True,1201x3,True,1201x4,1201,4996.027783,5056.026946,59.999163,20.000279,True,12.038204,17.919962,True,ok,train
Chunk_9,99c94dc769b5d96e|2018-10-15--14-39-02,21,Chunk_9/99c94dc769b5d96e|2018-10-15--14-39-02/21,Chunk_9/99c94dc769b5d96e|2018-10-15--14-39-02/21/video.hevc,37498974,True,True,True,1200,True,1200x3,True,1200x3,True,1200x4,1200,5056.076947,5116.026107,59.94916,20.00028,True,13.468528,15.666939,True,ok,train
Chunk_9,99c94dc769b5d96e|2018-10-15--20-34-02,4,Chunk_9/99c94dc769b5d96e|2018-10-15--20-34-02/4,Chunk_9/99c94dc769b5d96e|2018-10-15--20-34-02/4/video.hevc,37392942,True,True,True,1200,True,1200x3,True,1200x3,True,1200x4,1200,25336.282274,25396.231443,59.949169,20.000277,True,11.582507,19.802403,True,ok,train
Chunk_9,99c94dc769b5d96e|2018-10-15--20-34-02,5,Chunk_9/99c94dc769b5d96e|2018-10-15--20-34-02/5,Chunk_9/99c94dc769b5d96e|2018-10-15--20-34-02/5/video.hevc,37475694,True,True,True,1200,True,1200x3,True,1200x3,True,1200x4,1200,25396.281433,25456.230597,59.949164,20.000279,True,11.048194,19.077598,True,ok,train
Chunk_9,99c94dc769b5d96e|2018-10-15--20-34-02,6,Chunk_9/99c94dc769b5d96e|2018-10-15--20-34-02/6,Chunk_9/99c94dc769b5d96e|2018-10-15--20-34-02/6/video.hevc,37511566,True,True,True,1200,True,1200x3,True,1200x3,True,1200x4,1200,25456.280585,25516.229764,59.949179,20.000274,True,11.713459,25.42263,True,ok,train
Chunk_9,99c94dc769b5d96e|2018-10-15--20-34-02,7,Chunk_9/99c94dc769b5d96e|2018-10-15--20-34-02/7,Chunk_9/99c94dc769b5d96e|2018-10-15--20-34-02/7/video.hevc,37484110,True,True,True,1200,True,1200x3,True,1200x3,True,1200x4,1200,25516.27975,25576.228909,59.949159,20.000281,True,28.185928,30.100774,True,ok,train
Chunk_9,99c94dc769b5d96e|2018-10-15--20-34-02,8,Chunk_9/99c94dc769b5d96e|2018-10-15--20-34-02/8,Chunk_9/99c94dc769b5d96e|2018-10-15--20-34-02/8/video.hevc,37470142,True,True,True,1200,True,1200x3,True,1200x3,True,1200x4,1200,25576.278926,25636.228062,59.949136,20.000288,True,24.583649,26.765197,True,ok,train
Chunk_9,99c94dc769b5d96e|2018-10-15--20-34-02,9,Chunk_9/99c94dc769b5d96e|2018-10-15--20-34-02/9,Chunk_9/99c94dc769b5d96e|2018-10-15--20-34-02/9/video.hevc,37478958,True,True,True,1200,True,1200x3,True,1200x3,True,1200x4,1200,25636.278092,25696.22723,59.949138,20.000288,True,29.818054,30.938945,True,ok,train
Chunk_9,99c94dc769b5d96e|2018-10-15--20-34-02,10,Chunk_9/99c94dc769b5d96e|2018-10-15--20-34-02/10,Chunk_9/99c94dc769b5d96e|2018-10-15--20-34-02/10/video.hevc,37434110,True,True,True,1200,True,1200x3,True,1200x3,True,1200x4,1200,25696.277226,25756.226374,59.949148,20.000284,True,31.023879,31.299558,True,ok,train
Chunk_9,99c94dc769b5d96e|2018-10-15--20-34-02,11,Chunk_9/99c94dc769b5d96e|2018-10-15--20-34-02/11,Chunk_9/99c94dc769b5d96e|2018-10-15--20-34-02/11/video.hevc,37380782,True,True,True,1200,True,1200x3,True,1200x3,True,1200x4,1200,25756.276372,25816.225549,59.949177,20.000275,True,31.176304,31.482789,True,ok,train
Chunk_9,99c94dc769b5d96e|2018-10-15--20-34-02,12,Chunk_9/99c94dc769b5d96e|2018-10-15--20-34-02/12,Chunk_9/99c94dc769b5d96e|2018-10-15--20-34-02/12/video.hevc,37443790,True,True,True,1200,True,1200x3,True,1200x3,True,1200x4,1200,25816.275535,25876.224707,59.949172,20.000276,True,29.62134,31.346708,True,ok,train
Chunk_9,99c94dc769b5d96e|2018-10-15--20-34-02,13,Chunk_9/99c94dc769b5d96e|2018-10-15--20-34-02/13,Chunk_9/99c94dc769b5d96e|2018-10-15--20-34-02/13/video.hevc,37448110,True,True,True,1200,True,1200x3,True,1200x3,True,1200x4,1200,25876.274695,25936.223846,59.949151,20.000283,True,29.845482,31.048662,True,ok,train
Chunk_9,99c94dc769b5d96e|2018-10-15--20-34-02,14,Chunk_9/99c94dc769b5d96e|2018-10-15--20-34-02/14,Chunk_9/99c94dc769b5d96e|2018-10-15--20-34-02/14/video.hevc,37487454,True,True,True,1200,True,1200x3,True,1200x3,True,1200x4,1200,25936.273844,25996.223012,59.949168,20.000278,True,30.990719,31.189062,True,ok,train
Chunk_9,99c94dc769b5d96e|2018-10-15--20-34-02,15,Chunk_9/99c94dc769b5d96e|2018-10-15--20-34-02/15,Chunk_9/99c94dc769b5d96e|2018-10-15--20-34-02/15/video.hevc,37470142,True,True,True,1200,True,1200x3,True,1200x3,True,1200x4,1200,25996.273013,26056.222158,59.949145,20.000285,True,31.009914,31.309663,True,ok,train
Chunk_9,99c94dc769b5d96e|2018-10-15--20-34-02,16,Chunk_9/99c94dc769b5d96e|2018-10-15--20-34-02/16,Chunk_9/99c94dc769b5d96e|2018-10-15--20-34-02/16/video.hevc,37358462,True,True,True,1200,True,1200x3,True,1200x3,True,1200x4,1200,26056.272181,26116.221313,59.949132,20.00029,True,31.177224,31.490304,True,ok,train
Chunk_9,99c94dc769b5d96e|2018-10-16--10-13-38,2,Chunk_9/99c94dc769b5d96e|2018-10-16--10-13-38/2,Chunk_9/99c94dc769b5d96e|2018-10-16--10-13-38/2/video.hevc,37489630,True,True,True,1199,True,1199x3,True,1199x3,True,1199x4,1199,74392.586794,74452.535957,59.949163,19.983598,True,19.856154,24.961384,True,ok,train
Chunk_9,99c94dc769b5d96e|2018-10-16--10-13-38,3,Chunk_9/99c94dc769b5d96e|2018-10-16--10-13-38/3,Chunk_9/99c94dc769b5d96e|2018-10-16--10-13-38/3/video.hevc,37553214,True,True,True,1201,True,1201x3,True,1201x3,True,1201x4,1201,74452.585954,74512.585131,59.999177,20.000274,True,27.504981,33.205515,True,ok,train
Chunk_9,99c94dc769b5d96e|2018-10-16--10-13-38,4,Chunk_9/99c94dc769b5d96e|2018-10-16--10-13-38/4,Chunk_9/99c94dc769b5d96e|2018-10-16--10-13-38/4/video.hevc,37447870,True,True,True,1199,True,1199x3,True,1199x3,True,1199x4,1199,74512.635125,74572.534276,59.899151,20.000283,True,31.888186,32.517786,True,ok,train
Chunk_9,99c94dc769b5d96e|2018-10-16--10-13-38,5,Chunk_9/99c94dc769b5d96e|2018-10-16--10-13-38/5,Chunk_9/99c94dc769b5d96e|2018-10-16--10-13-38/5/video.hevc,37512958,True,True,True,1200,True,1200x3,True,1200x3,True,1200x4,1200,74572.584267,74632.583426,59.999159,19.983613,True,31.963942,32.321699,True,ok,train
Chunk_9,99c94dc769b5d96e|2018-10-16--10-13-38,6,Chunk_9/99c94dc769b5d96e|2018-10-16--10-13-38/6,Chunk_9/99c94dc769b5d96e|2018-10-16--10-13-38/6/video.hevc,37508270,True,True,True,1200,True,1200x3,True,1200x3,True,1200x4,1200,74632.633423,74692.582586,59.949163,20.000279,True,30.249785,32.293966,True,ok,train
Chunk_9,99c94dc769b5d96e|2018-10-16--10-13-38,7,Chunk_9/99c94dc769b5d96e|2018-10-16--10-13-38/7,Chunk_9/99c94dc769b5d96e|2018-10-16--10-13-38/7/video.hevc,37478430,True,True,True,1200,True,1200x3,True,1200x3,True,1200x4,1200,74692.632584,74752.581735,59.949151,20.000283,True,31.342114,32.057048,True,ok,train
Chunk_9,99c94dc769b5d96e|2018-10-16--10-13-38,8,Chunk_9/99c94dc769b5d96e|2018-10-16--10-13-38/8,Chunk_9/99c94dc769b5d96e|2018-10-16--10-13-38/8/video.hevc,37499326,True,True,True,1200,True,1200x3,True,1200x3,True,1200x4,1200,74752.631735,74812.580918,59.949183,20.000273,True,18.967144,30.032172,True,ok,train
Chunk_9,99c94dc769b5d96e|2018-10-16--10-13-38,9,Chunk_9/99c94dc769b5d96e|2018-10-16--10-13-38/9,Chunk_9/99c94dc769b5d96e|2018-10-16--10-13-38/9/video.hevc,37440654,True,True,True,1199,True,1199x3,True,1199x3,True,1199x4,1199,74812.630909,74872.530055,59.899146,20.000285,True,1.775934,10.126309,True,ok,train
Chunk_9,99c94dc769b5d96e|2018-10-16--10-13-38,10,Chunk_9/99c94dc769b5d96e|2018-10-16--10-13-38/10,Chunk_9/99c94dc769b5d96e|2018-10-16--10-13-38/10/video.hevc,37536270,True,True,True,1201,True,1201x3,True,1201x3,True,1201x4,1201,74872.580056,74932.579232,59.999176,20.000275,True,8.520644,18.47825,True,ok,train
Chunk_9,99c94dc769b5d96e|2018-10-16--10-13-38,11,Chunk_9/99c94dc769b5d96e|2018-10-16--10-13-38/11,Chunk_9/99c94dc769b5d96e|2018-10-16--10-13-38/11/video.hevc,37489646,True,True,True,1199,True,1199x3,True,1199x3,True,1199x4,1199,74932.629208,74992.528368,59.89916,20.00028,True,13.871722,19.860184,True,ok,train
Chunk_9,99c94dc769b5d96e|2018-10-16--21-16-47,3,Chunk_9/99c94dc769b5d96e|2018-10-16--21-16-47/3,Chunk_9/99c94dc769b5d96e|2018-10-16--21-16-47/3/video.hevc,37472302,True,True,True,1200,True,1200x3,True,1200x3,True,1200x4,1200,114239.859198,114299.808346,59.949148,20.000284,True,14.242666,18.606393,True,ok,validation
Chunk_9,99c94dc769b5d96e|2018-10-16--21-16-47,4,Chunk_9/99c94dc769b5d96e|2018-10-16--21-16-47/4,Chunk_9/99c94dc769b5d96e|2018-10-16--21-16-47/4/video.hevc,37451390,True,True,True,1200,True,1200x3,True,1200x3,True,1200x4,1200,114299.858365,114359.807508,59.949143,20.000286,True,10.506708,18.496016,True,ok,validation
Chunk_9,99c94dc769b5d96e|2018-10-16--21-16-47,5,Chunk_9/99c94dc769b5d96e|2018-10-16--21-16-47/5,Chunk_9/99c94dc769b5d96e|2018-10-16--21-16-47/5/video.hevc,37502542,True,True,True,1200,True,1200x3,True,1200x3,True,1200x4,1200,114359.857524,114419.806663,59.949139,20.000287,True,4.392943,14.252928,True,ok,validation
Chunk_9,99c94dc769b5d96e|2018-10-16--21-16-47,6,Chunk_9/99c94dc769b5d96e|2018-10-16--21-16-47/6,Chunk_9/99c94dc769b5d96e|2018-10-16--21-16-47/6/video.hevc,37503502,True,True,True,1200,True,1200x3,True,1200x3,True,1200x4,1200,114419.856656,114479.80582,59.949164,20.000279,True,0.028181,0.093944,True,ok,validation
Chunk_9,99c94dc769b5d96e|2018-10-16--21-16-47,7,Chunk_9/99c94dc769b5d96e|2018-10-16--21-16-47/7,Chunk_9/99c94dc769b5d96e|2018-10-16--21-16-47/7/video.hevc,37532542,True,True,True,1200,True,1200x3,True,1200x3,True,1200x4,1200,114479.85582,114539.804978,59.949158,20.000281,True,16.526709,24.091138,True,ok,validation
Chunk_9,99c94dc769b5d96e|2018-10-16--21-16-47,8,Chunk_9/99c94dc769b5d96e|2018-10-16--21-16-47/8,Chunk_9/99c94dc769b5d96e|2018-10-16--21-16-47/8/video.hevc,37408190,True,True,True,1200,True,1200x3,True,1200x3,True,1200x4,1200,114539.854995,114599.804134,59.949139,20.000287,True,27.163934,28.657847,True,ok,validation
Chunk_9,99c94dc769b5d96e|2018-10-16--21-16-47,9,Chunk_9/99c94dc769b5d96e|2018-10-16--21-16-47/9,Chunk_9/99c94dc769b5d96e|2018-10-16--21-16-47/9/video.hevc,37503566,True,True,True,1200,True,1200x3,True,1200x3,True,1200x4,1200,114599.854148,114659.803302,59.949154,20.000282,True,28.205417,28.386746,True,ok,validation
Chunk_9,99c94dc769b5d96e|2018-10-16--21-16-47,10,Chunk_9/99c94dc769b5d96e|2018-10-16--21-16-47/10,Chunk_9/99c94dc769b5d96e|2018-10-16--21-16-47/10/video.hevc,37410142,True,True,True,1200,True,1200x3,True,1200x3,True,1200x4,1200,114659.853305,114719.802463,59.949158,20.000281,True,28.282954,28.600469,True,ok,validation
Chunk_9,99c94dc769b5d96e|2018-10-16--21-16-47,11,Chunk_9/99c94dc769b5d96e|2018-10-16--21-16-47/11,Chunk_9/99c94dc769b5d96e|2018-10-16--21-16-47/11/video.hevc,37406254,True,True,True,1200,True,1200x3,True,1200x3,True,1200x4,1200,114719.852452,114779.801601,59.949149,20.000284,True,28.289004,28.577907,True,ok,validation
Chunk_9,99c94dc769b5d96e|2018-10-16--21-16-47,12,Chunk_9/99c94dc769b5d96e|2018-10-16--21-16-47/12,Chunk_9/99c94dc769b5d96e|2018-10-16--21-16-47/12/video.hevc,37402766,True,True,True,1200,True,1200x3,True,1200x3,True,1200x4,1200,114779.851607,114839.800779,59.949172,20.000276,True,29.161769,30.72976,True,ok,validation
Chunk_9,99c94dc769b5d96e|2018-10-16--21-16-47,13,Chunk_9/99c94dc769b5d96e|2018-10-16--21-16-47/13,Chunk_9/99c94dc769b5d96e|2018-10-16--21-16-47/13/video.hevc,37469054,True,True,True,1200,True,1200x3,True,1200x3,True,1200x4,1200,114839.850843,114899.799926,59.949083,20.000306,True,30.112023,30.876414,True,ok,validation
Chunk_9,99c94dc769b5d96e|2018-10-16--21-16-47,14,Chunk_9/99c94dc769b5d96e|2018-10-16--21-16-47/14,Chunk_9/99c94dc769b5d96e|2018-10-16--21-16-47/14/video.hevc,37454238,True,True,True,1200,True,1200x3,True,1200x3,True,1200x4,1200,114899.849931,114959.799098,59.949167,20.000278,True,26.762491,30.7669,True,ok,validation
Chunk_9,99c94dc769b5d96e|2018-10-17--10-24-00,33,Chunk_9/99c94dc769b5d96e|2018-10-17--10-24-00/33,Chunk_9/99c94dc769b5d96e|2018-10-17--10-24-00/33/video.hevc,37502990,True,True,True,1200,True,1200x3,True,1200x3,True,1200x4,1200,163273.05461,163333.003759,59.949149,20.000284,True,25.722827,31.947531,True,ok,train
Chunk_9,99c94dc769b5d96e|2018-10-17--10-24-00,34,Chunk_9/99c94dc769b5d96e|2018-10-17--10-24-00/34,Chunk_9/99c94dc769b5d96e|2018-10-17--10-24-00/34/video.hevc,37519774,True,True,True,1200,True,1200x3,True,1200x3,True,1200x4,1200,163333.05375,163393.002909,59.949159,20.000281,True,25.101506,28.162648,True,ok,train
Chunk_9,99c94dc769b5d96e|2018-10-17--10-24-00,35,Chunk_9/99c94dc769b5d96e|2018-10-17--10-24-00/35,Chunk_9/99c94dc769b5d96e|2018-10-17--10-24-00/35/video.hevc,37500526,True,True,True,1200,True,1200x3,True,1200x3,True,1200x4,1200,163393.05291,163453.002073,59.949163,20.000279,True,25.860627,31.58595,True,ok,train
Chunk_9,99c94dc769b5d96e|2018-10-17--10-24-00,36,Chunk_9/99c94dc769b5d96e|2018-10-17--10-24-00/36,Chunk_9/99c94dc769b5d96e|2018-10-17--10-24-00/36/video.hevc,37484734,True,True,True,1200,True,1200x3,True,1200x3,True,1200x4,1200,163453.052075,163513.001224,59.949149,20.000284,True,29.532036,31.62861,True,ok,train
Chunk_9,99c94dc769b5d96e|2018-10-17--10-24-00,37,Chunk_9/99c94dc769b5d96e|2018-10-17--10-24-00/37,Chunk_9/99c94dc769b5d96e|2018-10-17--10-24-00/37/video.hevc,37483150,True,True,True,1200,True,1200x3,True,1200x3,True,1200x4,1200,163513.051222,163573.000382,59.94916,20.00028,True,30.759539,32.89465,True,ok,train
Chunk_9,99c94dc769b5d96e|2018-10-17--10-24-00,38,Chunk_9/99c94dc769b5d96e|2018-10-17--10-24-00/38,Chunk_9/99c94dc769b5d96e|2018-10-17--10-24-00/38/video.hevc,37492366,True,True,True,1200,True,1200x3,True,1200x3,True,1200x4,1200,163573.05043,163632.999538,59.949108,20.000298,True,28.327743,32.704763,True,ok,train
Chunk_9,99c94dc769b5d96e|2018-10-17--10-24-00,39,Chunk_9/99c94dc769b5d96e|2018-10-17--10-24-00/39,Chunk_9/99c94dc769b5d96e|2018-10-17--10-24-00/39/video.hevc,37507342,True,True,True,1200,True,1200x3,True,1200x3,True,1200x4,1200,163633.049548,163692.998697,59.949149,20.000284,True,23.753519,30.897764,True,ok,train
Chunk_9,99c94dc769b5d96e|2018-10-17--10-24-00,40,Chunk_9/99c94dc769b5d96e|2018-10-17--10-24-00/40,Chunk_9/99c94dc769b5d96e|2018-10-17--10-24-00/40/video.hevc,37406734,True,True,True,1200,True,1200x3,True,1200x3,True,1200x4,1200,163693.048705,163752.997849,59.949144,20.000286,True,1.583734,19.625664,True,ok,train
Chunk_9,99c94dc769b5d96e|2018-10-17--10-24-00,41,Chunk_9/99c94dc769b5d96e|2018-10-17--10-24-00/41,Chunk_9/99c94dc769b5d96e|2018-10-17--10-24-00/41/video.hevc,37451710,True,True,True,1200,True,1200x3,True,1200x3,True,1200x4,1200,163753.047853,163812.997021,59.949168,20.000278,True,8.88358,20.652329,True,ok,train
Chunk_9,99c94dc769b5d96e|2018-10-17--10-24-00,42,Chunk_9/99c94dc769b5d96e|2018-10-17--10-24-00/42,Chunk_9/99c94dc769b5d96e|2018-10-17--10-24-00/42/video.hevc,37504366,True,True,True,1200,True,1200x3,True,1200x3,True,1200x4,1200,163813.047016,163872.996166,59.94915,20.000284,True,11.246601,20.778992,True,ok,train
Chunk_9,99c94dc769b5d96e|2018-10-25--13-21-14,5,Chunk_9/99c94dc769b5d96e|2018-10-25--13-21-14/5,Chunk_9/99c94dc769b5d96e|2018-10-25--13-21-14/5/video.hevc,37470910,True,True,True,1199,True,1199x3,True,1199x3,True,1199x4,1199,396665.635329,396725.584486,59.949157,19.9836,True,5.151474,15.979087,True,ok,train
Chunk_9,99c94dc769b5d96e|2018-10-25--13-21-14,6,Chunk_9/99c94dc769b5d96e|2018-10-25--13-21-14/6,Chunk_9/99c94dc769b5d96e|2018-10-25--13-21-14/6/video.hevc,37496718,True,True,True,1200,True,1200x3,True,1200x3,True,1200x4,1200,396725.63448,396785.583655,59.949175,20.000275,True,6.285075,17.985272,True,ok,train
Chunk_9,99c94dc769b5d96e|2018-10-25--13-21-14,7,Chunk_9/99c94dc769b5d96e|2018-10-25--13-21-14/7,Chunk_9/99c94dc769b5d96e|2018-10-25--13-21-14/7/video.hevc,37592670,True,True,True,1201,True,1201x3,True,1201x3,True,1201x4,1201,396785.633675,396845.632799,59.999124,20.000292,True,5.889759,15.872874,True,ok,train
Chunk_9,99c94dc769b5d96e|2018-10-25--13-21-14,8,Chunk_9/99c94dc769b5d96e|2018-10-25--13-21-14/8,Chunk_9/99c94dc769b5d96e|2018-10-25--13-21-14/8/video.hevc,37486126,True,True,True,1200,True,1200x3,True,1200x3,True,1200x4,1200,396845.682818,396905.631957,59.949139,20.000287,True,16.323821,30.558999,True,ok,train
Chunk_9,99c94dc769b5d96e|2018-10-25--13-21-14,9,Chunk_9/99c94dc769b5d96e|2018-10-25--13-21-14/9,Chunk_9/99c94dc769b5d96e|2018-10-25--13-21-14/9/video.hevc,37488894,True,True,True,1200,True,1200x3,True,1200x3,True,1200x4,1200,396905.68195,396965.631109,59.949159,20.000281,True,33.464898,37.517305,True,ok,train
Chunk_9,99c94dc769b5d96e|2018-10-25--13-21-14,10,Chunk_9/99c94dc769b5d96e|2018-10-25--13-21-14/10,Chunk_9/99c94dc769b5d96e|2018-10-25--13-21-14/10/video.hevc,37489278,True,True,True,1200,True,1200x3,True,1200x3,True,1200x4,1200,396965.681111,397025.630291,59.94918,20.000274,True,32.899975,33.616788,True,ok,train
Chunk_9,99c94dc769b5d96e|2018-10-25--13-21-14,11,Chunk_9/99c94dc769b5d96e|2018-10-25--13-21-14/11,Chunk_9/99c94dc769b5d96e|2018-10-25--13-21-14/11/video.hevc,37483838,True,True,True,1200,True,1200x3,True,1200x3,True,1200x4,1200,397025.680267,397085.629438,59.949171,20.000277,True,33.535054,39.860744,True,ok,train
Chunk_9,99c94dc769b5d96e|2018-10-25--13-21-14,12,Chunk_9/99c94dc769b5d96e|2018-10-25--13-21-14/12,Chunk_9/99c94dc769b5d96e|2018-10-25--13-21-14/12/video.hevc,37508126,True,True,True,1200,True,1200x3,True,1200x3,True,1200x4,1200,397085.679436,397145.628591,59.949155,20.000282,True,33.720306,33.989551,True,ok,train
Chunk_9,99c94dc769b5d96e|2018-10-25--13-21-14,13,Chunk_9/99c94dc769b5d96e|2018-10-25--13-21-14/13,Chunk_9/99c94dc769b5d96e|2018-10-25--13-21-14/13/video.hevc,37505326,True,True,True,1200,True,1200x3,True,1200x3,True,1200x4,1200,397145.67858,397205.627733,59.949153,20.000283,True,33.602539,33.910278,True,ok,train
Chunk_9,99c94dc769b5d96e|2018-10-25--13-21-14,14,Chunk_9/99c94dc769b5d96e|2018-10-25--13-21-14/14,Chunk_9/99c94dc769b5d96e|2018-10-25--13-21-14/14/video.hevc,37507854,True,True,True,1200,True,1200x3,True,1200x3,True,1200x4,1200,397205.677733,397265.626914,59.949181,20.000273,True,20.378745,33.521983,True,ok,train
Chunk_9,99c94dc769b5d96e|2018-10-25--13-21-14,15,Chunk_9/99c94dc769b5d96e|2018-10-25--13-21-14/15,Chunk_9/99c94dc769b5d96e|2018-10-25--13-21-14/15/video.hevc,37511310,True,True,True,1200,True,1200x3,True,1200x3,True,1200x4,1200,397265.676894,397325.626069,59.949175,20.000275,True,14.671285,20.794487,True,ok,train
Chunk_9,99c94dc769b5d96e|2018-10-25--13-21-14,16,Chunk_9/99c94dc769b5d96e|2018-10-25--13-21-14/16,Chunk_9/99c94dc769b5d96e|2018-10-25--13-21-14/16/video.hevc,37495982,True,True,True,1200,True,1200x3,True,1200x3,True,1200x4,1200,397325.676048,397385.625214,59.949166,20.000278,True,14.953755,25.423827,True,ok,train
Chunk_9,99c94dc769b5d96e|2018-10-25--13-21-14,17,Chunk_9/99c94dc769b5d96e|2018-10-25--13-21-14/17,Chunk_9/99c94dc769b5d96e|2018-10-25--13-21-14/17/video.hevc,37488430,True,True,True,1200,True,1200x3,True,1200x3,True,1200x4,1200,397385.675227,397445.624367,59.94914,20.000287,True,29.835895,32.719821,True,ok,train
Chunk_9,99c94dc769b5d96e|2018-10-25--13-21-14,18,Chunk_9/99c94dc769b5d96e|2018-10-25--13-21-14/18,Chunk_9/99c94dc769b5d96e|2018-10-25--13-21-14/18/video.hevc,37494414,True,True,True,1200,True,1200x3,True,1200x3,True,1200x4,1200,397445.674372,397505.623526,59.949154,20.000282,True,28.891899,30.344409,True,ok,train
Chunk_9,99c94dc769b5d96e|2018-10-25--20-02-58,25,Chunk_9/99c94dc769b5d96e|2018-10-25--20-02-58/25,Chunk_9/99c94dc769b5d96e|2018-10-25--20-02-58/25/video.hevc,37413758,True,True,True,1200,True,1200x3,True,1200x3,True,1200x4,1200,421968.920342,422028.869499,59.949157,20.000281,True,27.678222,30.281574,True,ok,train
Chunk_9,99c94dc769b5d96e|2018-10-25--20-02-58,26,Chunk_9/99c94dc769b5d96e|2018-10-25--20-02-58/26,Chunk_9/99c94dc769b5d96e|2018-10-25--20-02-58/26/video.hevc,37445822,True,True,True,1200,True,1200x3,True,1200x3,True,1200x4,1200,422028.919501,422088.868671,59.94917,20.000277,True,30.424925,32.634127,True,ok,train
Chunk_9,99c94dc769b5d96e|2018-10-25--20-02-58,27,Chunk_9/99c94dc769b5d96e|2018-10-25--20-02-58/27,Chunk_9/99c94dc769b5d96e|2018-10-25--20-02-58/27/video.hevc,37510462,True,True,True,1200,True,1200x3,True,1200x3,True,1200x4,1200,422088.918675,422148.867807,59.949132,20.00029,True,28.986275,30.047988,True,ok,train
Chunk_9,99c94dc769b5d96e|2018-10-25--20-02-58,28,Chunk_9/99c94dc769b5d96e|2018-10-25--20-02-58/28,Chunk_9/99c94dc769b5d96e|2018-10-25--20-02-58/28/video.hevc,37449134,True,True,True,1200,True,1200x3,True,1200x3,True,1200x4,1200,422148.917811,422208.866981,59.94917,20.000277,True,28.325585,29.441076,True,ok,train
Chunk_9,99c94dc769b5d96e|2018-10-25--20-02-58,29,Chunk_9/99c94dc769b5d96e|2018-10-25--20-02-58/29,Chunk_9/99c94dc769b5d96e|2018-10-25--20-02-58/29/video.hevc,37495694,True,True,True,1200,True,1200x3,True,1200x3,True,1200x4,1200,422208.916987,422268.866138,59.949151,20.000283,True,29.973346,31.836482,True,ok,train
Chunk_9,99c94dc769b5d96e|2018-10-25--20-02-58,30,Chunk_9/99c94dc769b5d96e|2018-10-25--20-02-58/30,Chunk_9/99c94dc769b5d96e|2018-10-25--20-02-58/30/video.hevc,37445422,True,True,True,1200,True,1200x3,True,1200x3,True,1200x4,1200,422268.916129,422328.86528,59.949151,20.000283,True,28.379934,30.559336,True,ok,train
Chunk_9,99c94dc769b5d96e|2018-10-25--20-02-58,31,Chunk_9/99c94dc769b5d96e|2018-10-25--20-02-58/31,Chunk_9/99c94dc769b5d96e|2018-10-25--20-02-58/31/video.hevc,37423822,True,True,True,1200,True,1200x3,True,1200x3,True,1200x4,1200,422328.915285,422388.864459,59.949174,20.000276,True,27.834025,29.785332,True,ok,train
Chunk_9,99c94dc769b5d96e|2018-10-25--20-02-58,32,Chunk_9/99c94dc769b5d96e|2018-10-25--20-02-58/32,Chunk_9/99c94dc769b5d96e|2018-10-25--20-02-58/32/video.hevc,37478686,True,True,True,1200,True,1200x3,True,1200x3,True,1200x4,1200,422388.914458,422448.863603,59.949145,20.000285,True,21.48995,28.348965,True,ok,train
Chunk_9,99c94dc769b5d96e|2018-10-25--20-02-58,33,Chunk_9/99c94dc769b5d96e|2018-10-25--20-02-58/33,Chunk_9/99c94dc769b5d96e|2018-10-25--20-02-58/33/video.hevc,37455006,True,True,True,1200,True,1200x3,True,1200x3,True,1200x4,1200,422448.913595,422508.862756,59.949161,20.00028,True,12.081868,23.311965,True,ok,train
Chunk_9,99c94dc769b5d96e|2018-10-25--20-02-58,34,Chunk_9/99c94dc769b5d96e|2018-10-25--20-02-58/34,Chunk_9/99c94dc769b5d96e|2018-10-25--20-02-58/34/video.hevc,37467774,True,True,True,1200,True,1200x3,True,1200x3,True,1200x4,1200,422508.912755,422568.861913,59.949158,20.000281,True,12.410264,20.632406,True,ok,train
Chunk_9,99c94dc769b5d96e|2018-10-25--20-02-58,35,Chunk_9/99c94dc769b5d96e|2018-10-25--20-02-58/35,Chunk_9/99c94dc769b5d96e|2018-10-25--20-02-58/35/video.hevc,37520926,True,True,True,1200,True,1200x3,True,1200x3,True,1200x4,1200,422568.911913,422628.861074,59.949161,20.00028,True,11.146164,17.413452,True,ok,train
Chunk_9,99c94dc769b5d96e|2018-10-25--20-55-47,5,Chunk_9/99c94dc769b5d96e|2018-10-25--20-55-47/5,Chunk_9/99c94dc769b5d96e|2018-10-25--20-55-47/5/video.hevc,37425678,True,True,True,1200,True,1200x3,True,1200x3,True,1200x4,1200,423938.075856,423998.025005,59.949149,20.000284,True,5.67197,11.500977,True,ok,validation
Chunk_9,99c94dc769b5d96e|2018-10-25--20-55-47,6,Chunk_9/99c94dc769b5d96e|2018-10-25--20-55-47/6,Chunk_9/99c94dc769b5d96e|2018-10-25--20-55-47/6/video.hevc,37439854,True,True,True,1200,True,1200x3,True,1200x3,True,1200x4,1200,423998.07502,424058.024185,59.949165,20.000279,True,8.834023,24.32208,True,ok,validation
Chunk_9,99c94dc769b5d96e|2018-10-25--20-55-47,7,Chunk_9/99c94dc769b5d96e|2018-10-25--20-55-47/7,Chunk_9/99c94dc769b5d96e|2018-10-25--20-55-47/7/video.hevc,37411950,True,True,True,1199,True,1199x3,True,1199x3,True,1199x4,1199,424058.074161,424118.023321,59.94916,19.983599,True,28.117314,30.69445,True,ok,validation
Chunk_9,99c94dc769b5d96e|2018-10-25--20-55-47,8,Chunk_9/99c94dc769b5d96e|2018-10-25--20-55-47/8,Chunk_9/99c94dc769b5d96e|2018-10-25--20-55-47/8/video.hevc,37444270,True,True,True,1200,True,1200x3,True,1200x3,True,1200x4,1200,424118.073314,424178.022473,59.949159,20.000281,True,26.881352,31.191647,True,ok,validation
Chunk_9,99c94dc769b5d96e|2018-10-25--20-55-47,9,Chunk_9/99c94dc769b5d96e|2018-10-25--20-55-47/9,Chunk_9/99c94dc769b5d96e|2018-10-25--20-55-47/9/video.hevc,37449166,True,True,True,1198,True,1198x3,True,1198x3,True,1198x4,1198,424178.072482,424238.021637,59.949155,19.96692,True,23.249618,32.117131,True,ok,validation
Chunk_9,99c94dc769b5d96e|2018-10-25--20-55-47,10,Chunk_9/99c94dc769b5d96e|2018-10-25--20-55-47/10,Chunk_9/99c94dc769b5d96e|2018-10-25--20-55-47/10/video.hevc,37418094,True,True,True,1200,True,1200x3,True,1200x3,True,1200x4,1200,424238.071654,424298.020796,59.949142,20.000286,True,8.360474,16.630341,True,ok,validation
Chunk_9,99c94dc769b5d96e|2018-10-25--20-55-47,11,Chunk_9/99c94dc769b5d96e|2018-10-25--20-55-47/11,Chunk_9/99c94dc769b5d96e|2018-10-25--20-55-47/11/video.hevc,37445950,True,True,True,1200,True,1200x3,True,1200x3,True,1200x4,1200,424298.070804,424358.019944,59.94914,20.000287,True,9.22951,15.083204,True,ok,validation
Chunk_9,99c94dc769b5d96e|2018-10-25--20-55-47,12,Chunk_9/99c94dc769b5d96e|2018-10-25--20-55-47/12,Chunk_9/99c94dc769b5d96e|2018-10-25--20-55-47/12/video.hevc,37451086,True,True,True,1200,True,1200x3,True,1200x3,True,1200x4,1200,424358.069946,424418.019113,59.949167,20.000278,True,5.006191,13.00609,True,ok,validation
Chunk_9,99c94dc769b5d96e|2018-10-28--10-45-34,6,Chunk_9/99c94dc769b5d96e|2018-10-28--10-45-34/6,Chunk_9/99c94dc769b5d96e|2018-10-28--10-45-34/6/video.hevc,37462894,True,True,True,1200,True,1200x3,True,1200x3,True,1200x4,1200,646585.350807,646645.299943,59.949136,20.000288,True,16.408419,25.820954,True,ok,test
Chunk_9,99c94dc769b5d96e|2018-10-28--10-45-34,7,Chunk_9/99c94dc769b5d96e|2018-10-28--10-45-34/7,Chunk_9/99c94dc769b5d96e|2018-10-28--10-45-34/7/video.hevc,37474318,True,True,True,1200,True,1200x3,True,1200x3,True,1200x4,1200,646645.34996,646705.299101,59.949141,20.000287,True,8.545117,16.430052,True,ok,test
Chunk_9,99c94dc769b5d96e|2018-10-28--10-45-34,8,Chunk_9/99c94dc769b5d96e|2018-10-28--10-45-34/8,Chunk_9/99c94dc769b5d96e|2018-10-28--10-45-34/8/video.hevc,37459934,True,True,True,1200,True,1200x3,True,1200x3,True,1200x4,1200,646705.3491,646765.298265,59.949165,20.000279,True,18.303785,22.567326,True,ok,test
Chunk_9,99c94dc769b5d96e|2018-10-28--10-45-34,9,Chunk_9/99c94dc769b5d96e|2018-10-28--10-45-34/9,Chunk_9/99c94dc769b5d96e|2018-10-28--10-45-34/9/video.hevc,37474350,True,True,True,1200,True,1200x3,True,1200x3,True,1200x4,1200,646765.348263,646825.297414,59.949151,20.000283,True,26.596658,28.424361,True,ok,test
Chunk_9,99c94dc769b5d96e|2018-10-28--10-45-34,10,Chunk_9/99c94dc769b5d96e|2018-10-28--10-45-34/10,Chunk_9/99c94dc769b5d96e|2018-10-28--10-45-34/10/video.hevc,37487598,True,True,True,1200,True,1200x3,True,1200x3,True,1200x4,1200,646825.347417,646885.296589,59.949172,20.000276,True,15.094427,28.170451,True,ok,test
Chunk_9,99c94dc769b5d96e|2018-10-28--10-45-34,11,Chunk_9/99c94dc769b5d96e|2018-10-28--10-45-34/11,Chunk_9/99c94dc769b5d96e|2018-10-28--10-45-34/11/video.hevc,37542942,True,True,True,1200,True,1200x3,True,1200x3,True,1200x4,1200,646885.3466,646945.295733,59.949133,20.000289,True,3.201509,9.369897,True,ok,test
Chunk_9,99c94dc769b5d96e|2018-10-28--10-45-34,12,Chunk_9/99c94dc769b5d96e|2018-10-28--10-45-34/12,Chunk_9/99c94dc769b5d96e|2018-10-28--10-45-34/12/video.hevc,37489790,True,True,True,1200,True,1200x3,True,1200x3,True,1200x4,1200,646945.345725,647005.294885,59.94916,20.00028,True,13.734614,16.985567,True,ok,test
Chunk_9,99c94dc769b5d96e|2018-10-28--10-45-34,13,Chunk_9/99c94dc769b5d96e|2018-10-28--10-45-34/13,Chunk_9/99c94dc769b5d96e|2018-10-28--10-45-34/13/video.hevc,37443358,True,True,True,1200,True,1200x3,True,1200x3,True,1200x4,1200,647005.34489,647065.29404,59.94915,20.000284,True,8.232277,16.544951,True,ok,test
Chunk_9,99c94dc769b5d96e|2018-10-28--11-13-03,3,Chunk_9/99c94dc769b5d96e|2018-10-28--11-13-03/3,Chunk_9/99c94dc769b5d96e|2018-10-28--11-13-03/3/video.hevc,37492062,True,True,True,1200,True,1200x3,True,1200x3,True,1200x4,1200,648054.210375,648114.159527,59.949152,20.000283,True,9.052053,15.661936,True,ok,train
Chunk_9,99c94dc769b5d96e|2018-10-28--11-13-03,4,Chunk_9/99c94dc769b5d96e|2018-10-28--11-13-03/4,Chunk_9/99c94dc769b5d96e|2018-10-28--11-13-03/4/video.hevc,37512510,True,True,True,1200,True,1200x3,True,1200x3,True,1200x4,1200,648114.209536,648174.158693,59.949157,20.000281,True,23.041148,33.679425,True,ok,train
Chunk_9,99c94dc769b5d96e|2018-10-28--11-13-03,5,Chunk_9/99c94dc769b5d96e|2018-10-28--11-13-03/5,Chunk_9/99c94dc769b5d96e|2018-10-28--11-13-03/5/video.hevc,37484174,True,True,True,1200,True,1200x3,True,1200x3,True,1200x4,1200,648174.208693,648234.157859,59.949166,20.000278,True,24.457258,30.293016,True,ok,train
Chunk_9,99c94dc769b5d96e|2018-10-28--11-13-03,6,Chunk_9/99c94dc769b5d96e|2018-10-28--11-13-03/6,Chunk_9/99c94dc769b5d96e|2018-10-28--11-13-03/6/video.hevc,37488894,True,True,True,1200,True,1200x3,True,1200x3,True,1200x4,1200,648234.207843,648294.157111,59.949268,20.000244,True,7.801261,19.988865,True,ok,train
Chunk_9,99c94dc769b5d96e|2018-10-28--11-13-03,7,Chunk_9/99c94dc769b5d96e|2018-10-28--11-13-03/7,Chunk_9/99c94dc769b5d96e|2018-10-28--11-13-03/7/video.hevc,37522606,True,True,True,1200,True,1200x3,True,1200x3,True,1200x4,1200,648294.207006,648354.156158,59.949152,20.000283,True,6.933258,15.930501,True,ok,train
Chunk_9,99c94dc769b5d96e|2018-10-30--13-54-09,8,Chunk_9/99c94dc769b5d96e|2018-10-30--13-54-09/8,Chunk_9/99c94dc769b5d96e|2018-10-30--13-54-09/8/video.hevc,37526334,True,True,True,1201,True,1201x3,True,1201x3,True,1201x4,1201,830820.262306,830880.261469,59.999163,20.000279,True,12.072881,18.129706,True,ok,train
Chunk_9,99c94dc769b5d96e|2018-10-30--13-54-09,9,Chunk_9/99c94dc769b5d96e|2018-10-30--13-54-09/9,Chunk_9/99c94dc769b5d96e|2018-10-30--13-54-09/9/video.hevc,37475470,True,True,True,1200,True,1200x3,True,1200x3,True,1200x4,1200,830880.311464,830940.260639,59.949175,20.000275,True,6.754376,16.179347,True,ok,train
Chunk_9,99c94dc769b5d96e|2018-10-30--13-54-09,10,Chunk_9/99c94dc769b5d96e|2018-10-30--13-54-09/10,Chunk_9/99c94dc769b5d96e|2018-10-30--13-54-09/10/video.hevc,37432446,True,True,True,1200,True,1200x3,True,1200x3,True,1200x4,1200,830940.310646,831000.259781,59.949135,20.000289,True,1.751714,10.384217,True,ok,train
Chunk_9,99c94dc769b5d96e|2018-10-30--13-54-09,11,Chunk_9/99c94dc769b5d96e|2018-10-30--13-54-09/11,Chunk_9/99c94dc769b5d96e|2018-10-30--13-54-09/11/video.hevc,37496638,True,True,True,1200,True,1200x3,True,1200x3,True,1200x4,1200,831000.30978,831060.258974,59.949194,20.000269,True,0.023184,0.157652,True,ok,train
Chunk_9,99c94dc769b5d96e|2018-10-30--13-54-09,12,Chunk_9/99c94dc769b5d96e|2018-10-30--13-54-09/12,Chunk_9/99c94dc769b5d96e|2018-10-30--13-54-09/12/video.hevc,37478654,True,True,True,1200,True,1200x3,True,1200x3,True,1200x4,1200,831060.30895,831120.25811,59.94916,20.00028,True,18.500214,27.986244,True,ok,train
Chunk_9,99c94dc769b5d96e|2018-10-30--13-54-09,13,Chunk_9/99c94dc769b5d96e|2018-10-30--13-54-09/13,Chunk_9/99c94dc769b5d96e|2018-10-30--13-54-09/13/video.hevc,37463678,True,True,True,1200,True,1200x3,True,1200x3,True,1200x4,1200,831120.308108,831180.257255,59.949147,20.000285,True,27.953071,29.136578,True,ok,train
Chunk_9,99c94dc769b5d96e|2018-10-30--13-54-09,14,Chunk_9/99c94dc769b5d96e|2018-10-30--13-54-09/14,Chunk_9/99c94dc769b5d96e|2018-10-30--13-54-09/14/video.hevc,37487982,True,True,True,1200,True,1200x3,True,1200x3,True,1200x4,1200,831180.307256,831240.256416,59.94916,20.00028,True,27.946904,30.77135,True,ok,train
Chunk_9,99c94dc769b5d96e|2018-11-03--23-08-44,6,Chunk_9/99c94dc769b5d96e|2018-11-03--23-08-44/6,Chunk_9/99c94dc769b5d96e|2018-11-03--23-08-44/6/video.hevc,37532990,True,True,True,1200,True,1200x3,True,1200x3,True,1200x4,1200,25546.724407,25606.673577,59.94917,20.000277,True,11.266641,18.826891,True,ok,train
Chunk_9,99c94dc769b5d96e|2018-11-03--23-08-44,7,Chunk_9/99c94dc769b5d96e|2018-11-03--23-08-44/7,Chunk_9/99c94dc769b5d96e|2018-11-03--23-08-44/7/video.hevc,37584862,True,True,True,1201,True,1201x3,True,1201x3,True,1201x4,1201,25606.723575,25666.72275,59.999175,20.000275,True,11.010387,17.880495,True,ok,train
Chunk_9,99c94dc769b5d96e|2018-11-03--23-08-44,8,Chunk_9/99c94dc769b5d96e|2018-11-03--23-08-44/8,Chunk_9/99c94dc769b5d96e|2018-11-03--23-08-44/8/video.hevc,22344174,True,True,True,716,True,716x3,True,716x3,True,716x4,716,25666.772725,25702.522231,35.749506,20.000276,True,3.841509,13.9905,True,ok,train
Chunk_9,99c94dc769b5d96e|2018-11-03--23-19-38,1,Chunk_9/99c94dc769b5d96e|2018-11-03--23-19-38/1,Chunk_9/99c94dc769b5d96e|2018-11-03--23-19-38/1/video.hevc,37489406,True,True,True,1200,True,1200x3,True,1200x3,True,1200x4,1200,25900.908756,25960.857921,59.949165,20.000279,True,11.060134,25.580872,True,ok,train
Chunk_9,99c94dc769b5d96e|2018-11-03--23-19-38,2,Chunk_9/99c94dc769b5d96e|2018-11-03--23-19-38/2,Chunk_9/99c94dc769b5d96e|2018-11-03--23-19-38/2/video.hevc,37525758,True,True,True,1200,True,1200x3,True,1200x3,True,1200x4,1200,25960.907905,26020.857093,59.949188,20.000271,True,28.094944,28.683232,True,ok,train
Chunk_9,99c94dc769b5d96e|2018-11-03--23-19-38,3,Chunk_9/99c94dc769b5d96e|2018-11-03--23-19-38/3,Chunk_9/99c94dc769b5d96e|2018-11-03--23-19-38/3/video.hevc,37516174,True,True,True,1200,True,1200x3,True,1200x3,True,1200x4,1200,26020.907121,26080.856217,59.949096,20.000302,True,28.188048,28.524872,True,ok,train
Chunk_9,99c94dc769b5d96e|2018-11-03--23-19-38,4,Chunk_9/99c94dc769b5d96e|2018-11-03--23-19-38/4,Chunk_9/99c94dc769b5d96e|2018-11-03--23-19-38/4/video.hevc,37440494,True,True,True,1200,True,1200x3,True,1200x3,True,1200x4,1200,26080.906216,26140.855387,59.949171,20.000277,True,28.234605,28.5696,True,ok,train
Chunk_9,99c94dc769b5d96e|2018-11-03--23-19-38,5,Chunk_9/99c94dc769b5d96e|2018-11-03--23-19-38/5,Chunk_9/99c94dc769b5d96e|2018-11-03--23-19-38/5/video.hevc,37415774,True,True,True,1200,True,1200x3,True,1200x3,True,1200x4,1200,26140.905376,26200.854536,59.94916,20.00028,True,28.281751,28.545559,True,ok,train
Chunk_9,99c94dc769b5d96e|2018-11-03--23-19-38,6,Chunk_9/99c94dc769b5d96e|2018-11-03--23-19-38/6,Chunk_9/99c94dc769b5d96e|2018-11-03--23-19-38/6/video.hevc,37474382,True,True,True,1200,True,1200x3,True,1200x3,True,1200x4,1200,26200.904536,26260.853686,59.94915,20.000284,True,28.457951,28.683535,True,ok,train
Chunk_9,99c94dc769b5d96e|2018-11-03--23-19-38,7,Chunk_9/99c94dc769b5d96e|2018-11-03--23-19-38/7,Chunk_9/99c94dc769b5d96e|2018-11-03--23-19-38/7/video.hevc,37529374,True,True,True,1200,True,1200x3,True,1200x3,True,1200x4,1200,26260.90369,26320.852854,59.949164,20.000279,True,28.643652,30.738601,True,ok,train
Chunk_9,99c94dc769b5d96e|2018-11-03--23-19-38,8,Chunk_9/99c94dc769b5d96e|2018-11-03--23-19-38/8,Chunk_9/99c94dc769b5d96e|2018-11-03--23-19-38/8/video.hevc,37527838,True,True,True,1201,True,1201x3,True,1201x3,True,1201x4,1201,26320.902847,26380.902036,59.999189,20.00027,True,30.417814,30.775715,True,ok,train
Chunk_9,99c94dc769b5d96e|2018-11-03--23-19-38,9,Chunk_9/99c94dc769b5d96e|2018-11-03--23-19-38/9,Chunk_9/99c94dc769b5d96e|2018-11-03--23-19-38/9/video.hevc,37450366,True,True,True,1200,True,1200x3,True,1200x3,True,1200x4,1200,26380.952013,26440.901177,59.949164,20.000279,True,30.43544,30.609481,True,ok,train
Chunk_9,99c94dc769b5d96e|2018-11-03--23-19-38,10,Chunk_9/99c94dc769b5d96e|2018-11-03--23-19-38/10,Chunk_9/99c94dc769b5d96e|2018-11-03--23-19-38/10/video.hevc,37396526,True,True,True,1199,True,1199x3,True,1199x3,True,1199x4,1199,26440.95117,26500.850323,59.899153,20.000283,True,30.431743,30.685839,True,ok,train
Chunk_9,99c94dc769b5d96e|2018-11-03--23-19-38,11,Chunk_9/99c94dc769b5d96e|2018-11-03--23-19-38/11,Chunk_9/99c94dc769b5d96e|2018-11-03--23-19-38/11/video.hevc,37481662,True,True,True,1200,True,1200x3,True,1200x3,True,1200x4,1200,26500.900323,26560.849481,59.949158,20.000281,True,30.597525,30.906163,True,ok,train
Chunk_9,99c94dc769b5d96e|2018-11-04--08-49-46,24,Chunk_9/99c94dc769b5d96e|2018-11-04--08-49-46/24,Chunk_9/99c94dc769b5d96e|2018-11-04--08-49-46/24/video.hevc,37459502,True,True,True,1200,True,1200x3,True,1200x3,True,1200x4,1200,65089.076391,65149.025551,59.94916,20.00028,True,34.13445,34.440956,True,ok,test
Chunk_9,99c94dc769b5d96e|2018-11-04--08-49-46,25,Chunk_9/99c94dc769b5d96e|2018-11-04--08-49-46/25,Chunk_9/99c94dc769b5d96e|2018-11-04--08-49-46/25/video.hevc,37469102,True,True,True,1200,True,1200x3,True,1200x3,True,1200x4,1200,65149.075544,65209.024715,59.949171,20.000277,True,34.17524,34.415005,True,ok,test
Chunk_9,99c94dc769b5d96e|2018-11-04--08-49-46,26,Chunk_9/99c94dc769b5d96e|2018-11-04--08-49-46/26,Chunk_9/99c94dc769b5d96e|2018-11-04--08-49-46/26/video.hevc,37509614,True,True,True,1200,True,1200x3,True,1200x3,True,1200x4,1200,65209.074707,65269.023863,59.949156,20.000282,True,34.314354,34.524777,True,ok,test
Chunk_9,99c94dc769b5d96e|2018-11-04--08-49-46,27,Chunk_9/99c94dc769b5d96e|2018-11-04--08-49-46/27,Chunk_9/99c94dc769b5d96e|2018-11-04--08-49-46/27/video.hevc,37480574,True,True,True,1200,True,1200x3,True,1200x3,True,1200x4,1200,65269.073861,65329.023027,59.949166,20.000278,True,34.045212,34.437024,True,ok,test
Chunk_9,99c94dc769b5d96e|2018-11-04--08-49-46,28,Chunk_9/99c94dc769b5d96e|2018-11-04--08-49-46/28,Chunk_9/99c94dc769b5d96e|2018-11-04--08-49-46/28/video.hevc,37548286,True,True,True,1201,True,1201x3,True,1201x3,True,1201x4,1201,65329.073031,65389.072175,59.999144,20.000285,True,31.074448,32.922056,True,ok,test
Chunk_9,99c94dc769b5d96e|2018-11-04--08-49-46,29,Chunk_9/99c94dc769b5d96e|2018-11-04--08-49-46/29,Chunk_9/99c94dc769b5d96e|2018-11-04--08-49-46/29/video.hevc,37481726,True,True,True,1200,True,1200x3,True,1200x3,True,1200x4,1200,65389.122175,65449.071335,59.94916,20.00028,True,31.045526,32.964246,True,ok,test
Chunk_9,99c94dc769b5d96e|2018-11-04--08-49-46,30,Chunk_9/99c94dc769b5d96e|2018-11-04--08-49-46/30,Chunk_9/99c94dc769b5d96e|2018-11-04--08-49-46/30/video.hevc,37458158,True,True,True,1200,True,1200x3,True,1200x3,True,1200x4,1200,65449.121334,65509.070513,59.949179,20.000274,True,28.608136,31.305857,True,ok,test
Chunk_9,99c94dc769b5d96e|2018-11-04--08-49-46,31,Chunk_9/99c94dc769b5d96e|2018-11-04--08-49-46/31,Chunk_9/99c94dc769b5d96e|2018-11-04--08-49-46/31/video.hevc,37487438,True,True,True,1199,True,1199x3,True,1199x3,True,1199x4,1199,65509.120515,65569.019655,59.89914,20.000287,True,30.294528,31.873037,True,ok,test
Chunk_9,99c94dc769b5d96e|2018-11-04--08-49-46,32,Chunk_9/99c94dc769b5d96e|2018-11-04--08-49-46/32,Chunk_9/99c94dc769b5d96e|2018-11-04--08-49-46/32/video.hevc,37502638,True,True,True,1200,True,1200x3,True,1200x3,True,1200x4,1200,65569.069653,65629.018804,59.949151,20.000283,True,25.965073,27.541046,True,ok,test
Chunk_9,99c94dc769b5d96e|2018-11-04--08-49-46,33,Chunk_9/99c94dc769b5d96e|2018-11-04--08-49-46/33,Chunk_9/99c94dc769b5d96e|2018-11-04--08-49-46/33/video.hevc,37567230,True,True,True,1201,True,1201x3,True,1201x3,True,1201x4,1201,65629.068803,65689.067965,59.999162,20.000279,True,18.739473,26.043719,True,ok,test
Chunk_9,99c94dc769b5d96e|2018-11-04--08-49-46,34,Chunk_9/99c94dc769b5d96e|2018-11-04--08-49-46/34,Chunk_9/99c94dc769b5d96e|2018-11-04--08-49-46/34/video.hevc,37420318,True,True,True,1199,True,1199x3,True,1199x3,True,1199x4,1199,65689.117963,65749.01713,59.899167,20.000278,True,11.140734,19.672266,True,ok,test
Chunk_9,99c94dc769b5d96e|2018-11-04--08-49-46,35,Chunk_9/99c94dc769b5d96e|2018-11-04--08-49-46/35,Chunk_9/99c94dc769b5d96e|2018-11-04--08-49-46/35/video.hevc,37486158,True,True,True,1200,True,1200x3,True,1200x3,True,1200x4,1200,65749.067122,65809.016272,59.94915,20.000284,True,16.956654,19.818306,True,ok,test
Chunk_9,99c94dc769b5d96e|2018-11-05--20-32-38,19,Chunk_9/99c94dc769b5d96e|2018-11-05--20-32-38/19,Chunk_9/99c94dc769b5d96e|2018-11-05--20-32-38/19/video.hevc,37429534,True,True,True,1200,True,1200x3,True,1200x3,True,1200x4,1200,193360.522905,193420.472052,59.949147,20.000285,True,19.005559,19.849699,True,ok,train
Chunk_9,99c94dc769b5d96e|2018-11-05--20-32-38,20,Chunk_9/99c94dc769b5d96e|2018-11-05--20-32-38/20,Chunk_9/99c94dc769b5d96e|2018-11-05--20-32-38/20/video.hevc,37492830,True,True,True,1201,True,1201x3,True,1201x3,True,1201x4,1201,193420.522056,193480.521205,59.999149,20.000284,True,8.219677,18.442597,True,ok,train
Chunk_9,99c94dc769b5d96e|2018-11-05--20-32-38,21,Chunk_9/99c94dc769b5d96e|2018-11-05--20-32-38/21,Chunk_9/99c94dc769b5d96e|2018-11-05--20-32-38/21/video.hevc,37487838,True,True,True,1200,True,1200x3,True,1200x3,True,1200x4,1200,193480.571205,193540.520387,59.949182,20.000273,True,18.004397,28.273892,True,ok,train
Chunk_9,99c94dc769b5d96e|2018-11-05--20-32-38,22,Chunk_9/99c94dc769b5d96e|2018-11-05--20-32-38/22,Chunk_9/99c94dc769b5d96e|2018-11-05--20-32-38/22/video.hevc,37460142,True,True,True,1200,True,1200x3,True,1200x3,True,1200x4,1200,193540.570413,193600.519518,59.949105,20.000299,True,28.258438,28.645003,True,ok,train
Chunk_9,99c94dc769b5d96e|2018-11-05--20-32-38,23,Chunk_9/99c94dc769b5d96e|2018-11-05--20-32-38/23,Chunk_9/99c94dc769b5d96e|2018-11-05--20-32-38/23/video.hevc,37417182,True,True,True,1200,True,1200x3,True,1200x3,True,1200x4,1200,193600.569517,193660.518681,59.949164,20.000279,True,30.062719,32.964612,True,ok,train
Chunk_9,99c94dc769b5d96e|2018-11-05--20-32-38,24,Chunk_9/99c94dc769b5d96e|2018-11-05--20-32-38/24,Chunk_9/99c94dc769b5d96e|2018-11-05--20-32-38/24/video.hevc,37415694,True,True,True,1200,True,1200x3,True,1200x3,True,1200x4,1200,193660.568679,193720.517852,59.949173,20.000276,True,32.40702,32.777931,True,ok,train
Chunk_9,99c94dc769b5d96e|2018-11-05--20-32-38,25,Chunk_9/99c94dc769b5d96e|2018-11-05--20-32-38/25,Chunk_9/99c94dc769b5d96e|2018-11-05--20-32-38/25/video.hevc,37430334,True,True,True,1200,True,1200x3,True,1200x3,True,1200x4,1200,193720.567939,193780.516998,59.949059,20.000314,True,32.26487,32.827835,True,ok,train
Chunk_9,99c94dc769b5d96e|2018-11-05--20-32-38,26,Chunk_9/99c94dc769b5d96e|2018-11-05--20-32-38/26,Chunk_9/99c94dc769b5d96e|2018-11-05--20-32-38/26/video.hevc,37431662,True,True,True,1200,True,1200x3,True,1200x3,True,1200x4,1200,193780.566995,193840.516148,59.949153,20.000283,True,32.546444,32.836981,True,ok,train
Chunk_9,99c94dc769b5d96e|2018-11-05--20-32-38,27,Chunk_9/99c94dc769b5d96e|2018-11-05--20-32-38/27,Chunk_9/99c94dc769b5d96e|2018-11-05--20-32-38/27/video.hevc,37460974,True,True,True,1200,True,1200x3,True,1200x3,True,1200x4,1200,193840.566155,193900.515306,59.949151,20.000283,True,32.406669,32.731908,True,ok,train
Chunk_9,99c94dc769b5d96e|2018-11-05--20-32-38,28,Chunk_9/99c94dc769b5d96e|2018-11-05--20-32-38/28,Chunk_9/99c94dc769b5d96e|2018-11-05--20-32-38/28/video.hevc,37460974,True,True,True,1200,True,1200x3,True,1200x3,True,1200x4,1200,193900.565314,193960.514467,59.949153,20.000283,True,29.55611,32.535615,True,ok,train
Chunk_9,99c94dc769b5d96e|2018-11-05--20-32-38,29,Chunk_9/99c94dc769b5d96e|2018-11-05--20-32-38/29,Chunk_9/99c94dc769b5d96e|2018-11-05--20-32-38/29/video.hevc,37438302,True,True,True,1200,True,1200x3,True,1200x3,True,1200x4,1200,193960.564462,194020.513624,59.949162,20.00028,True,30.781091,31.164068,True,ok,train
Chunk_9,99c94dc769b5d96e|2018-11-05--20-32-38,30,Chunk_9/99c94dc769b5d96e|2018-11-05--20-32-38/30,Chunk_9/99c94dc769b5d96e|2018-11-05--20-32-38/30/video.hevc,37429870,True,True,True,1200,True,1200x3,True,1200x3,True,1200x4,1200,194020.563624,194080.512772,59.949148,20.000284,True,30.761114,31.20557,True,ok,train
Chunk_10,99c94dc769b5d96e|2018-11-06--08-40-05,50,Chunk_10/99c94dc769b5d96e|2018-11-06--08-40-05/50,Chunk_10/99c94dc769b5d96e|2018-11-06--08-40-05/50/video.hevc,37448638,True,True,True,1200,True,1200x3,True,1200x3,True,1200x4,1200,238867.405426,238927.354608,59.949182,20.000273,True,26.611953,30.102834,True,ok,train
Chunk_10,99c94dc769b5d96e|2018-11-06--08-40-05,51,Chunk_10/99c94dc769b5d96e|2018-11-06--08-40-05/51,Chunk_10/99c94dc769b5d96e|2018-11-06--08-40-05/51/video.hevc,37526222,True,True,True,1200,True,1200x3,True,1200x3,True,1200x4,1200,238927.404595,238987.35374,59.949145,20.000285,True,29.334164,32.860999,True,ok,train
Chunk_10,99c94dc769b5d96e|2018-11-06--08-40-05,52,Chunk_10/99c94dc769b5d96e|2018-11-06--08-40-05/52,Chunk_10/99c94dc769b5d96e|2018-11-06--08-40-05/52/video.hevc,37505918,True,True,True,1200,True,1200x3,True,1200x3,True,1200x4,1200,238987.403777,239047.352896,59.949119,20.000294,True,28.663074,34.991434,True,ok,train
Chunk_10,99c94dc769b5d96e|2018-11-06--08-40-05,53,Chunk_10/99c94dc769b5d96e|2018-11-06--08-40-05/53,Chunk_10/99c94dc769b5d96e|2018-11-06--08-40-05/53/video.hevc,37497134,True,True,True,1200,True,1200x3,True,1200x3,True,1200x4,1200,239047.40292,239107.35206,59.94914,20.000287,True,33.947536,36.926048,True,ok,train
Chunk_10,99c94dc769b5d96e|2018-11-06--08-40-05,54,Chunk_10/99c94dc769b5d96e|2018-11-06--08-40-05/54,Chunk_10/99c94dc769b5d96e|2018-11-06--08-40-05/54/video.hevc,37495902,True,True,True,1200,True,1200x3,True,1200x3,True,1200x4,1200,239107.40206,239167.351253,59.949193,20.000269,True,33.746927,35.961058,True,ok,train
Chunk_10,99c94dc769b5d96e|2018-11-06--08-40-05,55,Chunk_10/99c94dc769b5d96e|2018-11-06--08-40-05/55,Chunk_10/99c94dc769b5d96e|2018-11-06--08-40-05/55/video.hevc,37483918,True,True,True,1200,True,1200x3,True,1200x3,True,1200x4,1200,239167.401222,239227.350421,59.949199,20.000267,True,32.478568,35.696028,True,ok,train
Chunk_10,99c94dc769b5d96e|2018-11-06--08-40-05,56,Chunk_10/99c94dc769b5d96e|2018-11-06--08-40-05/56,Chunk_10/99c94dc769b5d96e|2018-11-06--08-40-05/56/video.hevc,37423614,True,True,True,1200,True,1200x3,True,1200x3,True,1200x4,1200,239227.400368,239287.34953,59.949162,20.00028,True,18.996269,29.310926,True,ok,train
Chunk_10,99c94dc769b5d96e|2018-11-06--08-40-05,57,Chunk_10/99c94dc769b5d96e|2018-11-06--08-40-05/57,Chunk_10/99c94dc769b5d96e|2018-11-06--08-40-05/57/video.hevc,37476942,True,True,True,1200,True,1200x3,True,1200x3,True,1200x4,1200,239287.399546,239347.348686,59.94914,20.000287,True,3.881558,7.324708,True,ok,train
Chunk_10,99c94dc769b5d96e|2018-11-06--08-40-05,58,Chunk_10/99c94dc769b5d96e|2018-11-06--08-40-05/58,Chunk_10/99c94dc769b5d96e|2018-11-06--08-40-05/58/video.hevc,37411806,True,True,True,1200,True,1200x3,True,1200x3,True,1200x4,1200,239347.398691,239407.347848,59.949157,20.000281,True,2.687103,7.308938,True,ok,train
Chunk_10,99c94dc769b5d96e|2018-11-06--08-40-05,59,Chunk_10/99c94dc769b5d96e|2018-11-06--08-40-05/59,Chunk_10/99c94dc769b5d96e|2018-11-06--08-40-05/59/video.hevc,37428366,True,True,True,1200,True,1200x3,True,1200x3,True,1200x4,1200,239407.397857,239467.347001,59.949144,20.000286,True,1.140792,8.334812,True,ok,train
Chunk_10,99c94dc769b5d96e|2018-11-06--08-40-05,60,Chunk_10/99c94dc769b5d96e|2018-11-06--08-40-05/60,Chunk_10/99c94dc769b5d96e|2018-11-06--08-40-05/60/video.hevc,37478878,True,True,True,1200,True,1200x3,True,1200x3,True,1200x4,1200,239467.397002,239527.346177,59.949175,20.000275,True,8.971298,16.970292,True,ok,train
Chunk_10,99c94dc769b5d96e|2018-11-06--08-40-05,61,Chunk_10/99c94dc769b5d96e|2018-11-06--08-40-05/61,Chunk_10/99c94dc769b5d96e|2018-11-06--08-40-05/61/video.hevc,37399214,True,True,True,1200,True,1200x3,True,1200x3,True,1200x4,1200,239527.396158,239587.345318,59.94916,20.00028,True,8.53695,19.247373,True,ok,train
Chunk_10,99c94dc769b5d96e|2018-11-07--10-06-00,20,Chunk_10/99c94dc769b5d96e|2018-11-07--10-06-00/20,Chunk_10/99c94dc769b5d96e|2018-11-07--10-06-00/20/video.hevc,37456958,True,True,True,1200,True,1200x3,True,1200x3,True,1200x4,1200,1236.069939,1296.019049,59.94911,20.000297,True,34.810236,36.15672,True,ok,train
Chunk_10,99c94dc769b5d96e|2018-11-07--10-06-00,21,Chunk_10/99c94dc769b5d96e|2018-11-07--10-06-00/21,Chunk_10/99c94dc769b5d96e|2018-11-07--10-06-00/21/video.hevc,37518094,True,True,True,1200,True,1200x3,True,1200x3,True,1200x4,1200,1296.069044,1356.018189,59.949145,20.000285,True,33.778355,37.488017,True,ok,train
Chunk_10,99c94dc769b5d96e|2018-11-07--10-06-00,22,Chunk_10/99c94dc769b5d96e|2018-11-07--10-06-00/22,Chunk_10/99c94dc769b5d96e|2018-11-07--10-06-00/22/video.hevc,37501438,True,True,True,1200,True,1200x3,True,1200x3,True,1200x4,1200,1356.068192,1416.017362,59.94917,20.000277,True,35.006457,36.627048,True,ok,train
Chunk_10,99c94dc769b5d96e|2018-11-07--10-06-00,23,Chunk_10/99c94dc769b5d96e|2018-11-07--10-06-00/23,Chunk_10/99c94dc769b5d96e|2018-11-07--10-06-00/23/video.hevc,37494926,True,True,True,1200,True,1200x3,True,1200x3,True,1200x4,1200,1416.067352,1476.016506,59.949154,20.000282,True,35.011231,36.808348,True,ok,train
Chunk_10,99c94dc769b5d96e|2018-11-07--10-06-00,24,Chunk_10/99c94dc769b5d96e|2018-11-07--10-06-00/24,Chunk_10/99c94dc769b5d96e|2018-11-07--10-06-00/24/video.hevc,37499550,True,True,True,1200,True,1200x3,True,1200x3,True,1200x4,1200,1476.066519,1536.015658,59.949139,20.000287,True,32.443468,35.716635,True,ok,train
Chunk_10,99c94dc769b5d96e|2018-11-07--10-06-00,25,Chunk_10/99c94dc769b5d96e|2018-11-07--10-06-00/25,Chunk_10/99c94dc769b5d96e|2018-11-07--10-06-00/25/video.hevc,37498622,True,True,True,1200,True,1200x3,True,1200x3,True,1200x4,1200,1536.065678,1596.014818,59.94914,20.000287,True,30.787076,35.259513,True,ok,train
Chunk_10,99c94dc769b5d96e|2018-11-07--10-06-00,26,Chunk_10/99c94dc769b5d96e|2018-11-07--10-06-00/26,Chunk_10/99c94dc769b5d96e|2018-11-07--10-06-00/26/video.hevc,37521454,True,True,True,1200,True,1200x3,True,1200x3,True,1200x4,1200,1596.064814,1656.013971,59.949157,20.000281,True,33.533264,35.598053,True,ok,train
Chunk_10,99c94dc769b5d96e|2018-11-07--10-06-00,27,Chunk_10/99c94dc769b5d96e|2018-11-07--10-06-00/27,Chunk_10/99c94dc769b5d96e|2018-11-07--10-06-00/27/video.hevc,37501678,True,True,True,1200,True,1200x3,True,1200x3,True,1200x4,1200,1656.063969,1716.013148,59.949179,20.000274,True,33.606858,35.62686,True,ok,train
Chunk_10,99c94dc769b5d96e|2018-11-07--10-06-00,28,Chunk_10/99c94dc769b5d96e|2018-11-07--10-06-00/28,Chunk_10/99c94dc769b5d96e|2018-11-07--10-06-00/28/video.hevc,37454974,True,True,True,1200,True,1200x3,True,1200x3,True,1200x4,1200,1716.063132,1776.012293,59.949161,20.00028,True,26.89897,32.131649,True,ok,train
Chunk_10,99c94dc769b5d96e|2018-11-07--10-06-00,29,Chunk_10/99c94dc769b5d96e|2018-11-07--10-06-00/29,Chunk_10/99c94dc769b5d96e|2018-11-07--10-06-00/29/video.hevc,37460078,True,True,True,1200,True,1200x3,True,1200x3,True,1200x4,1200,1776.062296,1836.011498,59.949202,20.000266,True,10.307503,19.243655,True,ok,train
Chunk_10,99c94dc769b5d96e|2018-11-07--10-06-00,30,Chunk_10/99c94dc769b5d96e|2018-11-07--10-06-00/30,Chunk_10/99c94dc769b5d96e|2018-11-07--10-06-00/30/video.hevc,37478686,True,True,True,1200,True,1200x3,True,1200x3,True,1200x4,1200,1836.061451,1896.010616,59.949165,20.000279,True,0.029379,0.611789,True,ok,train
Chunk_10,99c94dc769b5d96e|2018-11-07--10-06-00,31,Chunk_10/99c94dc769b5d96e|2018-11-07--10-06-00/31,Chunk_10/99c94dc769b5d96e|2018-11-07--10-06-00/31/video.hevc,37412686,True,True,True,1200,True,1200x3,True,1200x3,True,1200x4,1200,1896.060598,1956.009774,59.949176,20.000275,True,8.844255,17.243714,True,ok,train
Chunk_10,99c94dc769b5d96e|2018-11-07--10-06-00,32,Chunk_10/99c94dc769b5d96e|2018-11-07--10-06-00/32,Chunk_10/99c94dc769b5d96e|2018-11-07--10-06-00/32/video.hevc,37493742,True,True,True,1200,True,1200x3,True,1200x3,True,1200x4,1200,1956.059761,2016.008914,59.949153,20.000283,True,13.133,19.798916,True,ok,train
Chunk_10,99c94dc769b5d96e|2018-11-07--20-57-42,3,Chunk_10/99c94dc769b5d96e|2018-11-07--20-57-42/3,Chunk_10/99c94dc769b5d96e|2018-11-07--20-57-42/3/video.hevc,37485550,True,True,True,1200,True,1200x3,True,1200x3,True,1200x4,1200,290.505234,350.454384,59.94915,20.000284,True,12.313787,20.547365,True,ok,train
Chunk_10,99c94dc769b5d96e|2018-11-07--20-57-42,4,Chunk_10/99c94dc769b5d96e|2018-11-07--20-57-42/4,Chunk_10/99c94dc769b5d96e|2018-11-07--20-57-42/4/video.hevc,37512638,True,True,True,1200,True,1200x3,True,1200x3,True,1200x4,1200,350.50439,410.453538,59.949148,20.000284,True,9.105427,18.92792,True,ok,train
Chunk_10,99c94dc769b5d96e|2018-11-07--20-57-42,5,Chunk_10/99c94dc769b5d96e|2018-11-07--20-57-42/5,Chunk_10/99c94dc769b5d96e|2018-11-07--20-57-42/5/video.hevc,37432254,True,True,True,1200,True,1200x3,True,1200x3,True,1200x4,1200,410.503536,470.452687,59.949151,20.000283,True,24.363094,32.780297,True,ok,train
Chunk_10,99c94dc769b5d96e|2018-11-07--20-57-42,6,Chunk_10/99c94dc769b5d96e|2018-11-07--20-57-42/6,Chunk_10/99c94dc769b5d96e|2018-11-07--20-57-42/6/video.hevc,37521870,True,True,True,1200,True,1200x3,True,1200x3,True,1200x4,1200,470.50269,530.45185,59.94916,20.00028,True,31.390444,33.234061,True,ok,train
Chunk_10,99c94dc769b5d96e|2018-11-07--20-57-42,7,Chunk_10/99c94dc769b5d96e|2018-11-07--20-57-42/7,Chunk_10/99c94dc769b5d96e|2018-11-07--20-57-42/7/video.hevc,37454798,True,True,True,1199,True,1199x3,True,1199x3,True,1199x4,1199,530.501843,590.401008,59.899165,20.000279,True,30.941784,33.533276,True,ok,train
Chunk_10,99c94dc769b5d96e|2018-11-07--20-57-42,8,Chunk_10/99c94dc769b5d96e|2018-11-07--20-57-42/8,Chunk_10/99c94dc769b5d96e|2018-11-07--20-57-42/8/video.hevc,37509246,True,True,True,1201,True,1201x3,True,1201x3,True,1201x4,1201,590.451006,650.450159,59.999153,20.000282,True,31.473039,33.537908,True,ok,train
Chunk_10,99c94dc769b5d96e|2018-11-07--20-57-42,9,Chunk_10/99c94dc769b5d96e|2018-11-07--20-57-42/9,Chunk_10/99c94dc769b5d96e|2018-11-07--20-57-42/9/video.hevc,37455230,True,True,True,1200,True,1200x3,True,1200x3,True,1200x4,1200,650.500162,710.449326,59.949164,20.000279,True,30.754551,33.5543,True,ok,train
Chunk_10,99c94dc769b5d96e|2018-11-07--20-57-42,10,Chunk_10/99c94dc769b5d96e|2018-11-07--20-57-42/10,Chunk_10/99c94dc769b5d96e|2018-11-07--20-57-42/10/video.hevc,37520798,True,True,True,1200,True,1200x3,True,1200x3,True,1200x4,1200,710.499323,770.448477,59.949154,20.000282,True,30.545646,31.981718,True,ok,train
Chunk_10,99c94dc769b5d96e|2018-11-07--20-57-42,11,Chunk_10/99c94dc769b5d96e|2018-11-07--20-57-42/11,Chunk_10/99c94dc769b5d96e|2018-11-07--20-57-42/11/video.hevc,37395182,True,True,True,1200,True,1200x3,True,1200x3,True,1200x4,1200,770.498502,830.447649,59.949147,20.000285,True,30.697479,33.890434,True,ok,train
Chunk_10,99c94dc769b5d96e|2018-11-07--20-57-42,12,Chunk_10/99c94dc769b5d96e|2018-11-07--20-57-42/12,Chunk_10/99c94dc769b5d96e|2018-11-07--20-57-42/12/video.hevc,37485662,True,True,True,1200,True,1200x3,True,1200x3,True,1200x4,1200,830.497646,890.446788,59.949142,20.000286,True,28.751206,30.715546,True,ok,train
Chunk_10,99c94dc769b5d96e|2018-11-08--08-43-22,39,Chunk_10/99c94dc769b5d96e|2018-11-08--08-43-22/39,Chunk_10/99c94dc769b5d96e|2018-11-08--08-43-22/39/video.hevc,37437854,True,True,True,1124,True,1124x3,True,1124x3,True,1124x4,1124,44790.544335,44850.443518,59.899183,18.748169,True,24.158427,29.833676,True,ok,train
Chunk_10,99c94dc769b5d96e|2018-11-08--08-43-22,40,Chunk_10/99c94dc769b5d96e|2018-11-08--08-43-22/40,Chunk_10/99c94dc769b5d96e|2018-11-08--08-43-22/40/video.hevc,37449934,True,True,True,1112,True,1112x3,True,1112x3,True,1112x4,1112,44850.49349,44910.442647,59.949157,18.532371,True,21.870044,25.772268,True,ok,train
Chunk_10,99c94dc769b5d96e|2018-11-08--08-43-22,41,Chunk_10/99c94dc769b5d96e|2018-11-08--08-43-22/41,Chunk_10/99c94dc769b5d96e|2018-11-08--08-43-22/41/video.hevc,37528830,True,True,True,1100,True,1100x3,True,1100x3,True,1100x4,1100,44910.492652,44970.491815,59.999163,18.316922,True,25.550936,28.164286,True,ok,train
Chunk_10,99c94dc769b5d96e|2018-11-08--08-43-22,42,Chunk_10/99c94dc769b5d96e|2018-11-08--08-43-22/42,Chunk_10/99c94dc769b5d96e|2018-11-08--08-43-22/42/video.hevc,37417246,True,True,True,1105,True,1105x3,True,1105x3,True,1105x4,1105,44970.541809,45030.440959,59.89915,18.430979,True,21.06328,24.792544,True,ok,train
Chunk_10,99c94dc769b5d96e|2018-11-08--08-43-22,43,Chunk_10/99c94dc769b5d96e|2018-11-08--08-43-22/43,Chunk_10/99c94dc769b5d96e|2018-11-08--08-43-22/43/video.hevc,37506062,True,True,True,1113,True,1113x3,True,1113x3,True,1113x4,1113,45030.490967,45090.440113,59.949146,18.549055,True,26.426759,28.040648,True,ok,train
Chunk_10,99c94dc769b5d96e|2018-11-08--08-43-22,44,Chunk_10/99c94dc769b5d96e|2018-11-08--08-43-22/44,Chunk_10/99c94dc769b5d96e|2018-11-08--08-43-22/44/video.hevc,37461294,True,True,True,1117,True,1117x3,True,1117x3,True,1117x4,1117,45090.490133,45150.489278,59.999145,18.600265,True,24.676077,27.140907,True,ok,train
Chunk_10,99c94dc769b5d96e|2018-11-08--08-43-22,45,Chunk_10/99c94dc769b5d96e|2018-11-08--08-43-22/45,Chunk_10/99c94dc769b5d96e|2018-11-08--08-43-22/45/video.hevc,37471582,True,True,True,1113,True,1113x3,True,1113x3,True,1113x4,1113,45150.539277,45210.488428,59.949151,18.549053,True,28.776845,31.071562,True,ok,train
Chunk_10,99c94dc769b5d96e|2018-11-08--08-43-22,46,Chunk_10/99c94dc769b5d96e|2018-11-08--08-43-22/46,Chunk_10/99c94dc769b5d96e|2018-11-08--08-43-22/46/video.hevc,37514974,True,True,True,1146,True,1146x3,True,1146x3,True,1146x4,1146,45210.538433,45270.487596,59.949163,19.099516,True,17.888922,29.461157,True,ok,train
Chunk_10,99c94dc769b5d96e|2018-11-08--08-43-22,47,Chunk_10/99c94dc769b5d96e|2018-11-08--08-43-22/47,Chunk_10/99c94dc769b5d96e|2018-11-08--08-43-22/47/video.hevc,37455678,True,True,True,1149,True,1149x3,True,1149x3,True,1149x4,1149,45270.537607,45330.48675,59.949143,19.149565,True,7.440384,12.945142,True,ok,train
Chunk_10,99c94dc769b5d96e|2018-11-08--08-43-22,48,Chunk_10/99c94dc769b5d96e|2018-11-08--08-43-22/48,Chunk_10/99c94dc769b5d96e|2018-11-08--08-43-22/48/video.hevc,37546798,True,True,True,1160,True,1160x3,True,1160x3,True,1160x4,1160,45330.536747,45390.535912,59.999165,19.316935,True,5.500135,8.584159,True,ok,train
Chunk_10,99c94dc769b5d96e|2018-11-08--08-43-22,49,Chunk_10/99c94dc769b5d96e|2018-11-08--08-43-22/49,Chunk_10/99c94dc769b5d96e|2018-11-08--08-43-22/49/video.hevc,37508910,True,True,True,1163,True,1163x3,True,1163x3,True,1163x4,1163,45390.585899,45450.485058,59.899159,19.399271,True,3.438676,10.438608,True,ok,train
Chunk_10,99c94dc769b5d96e|2018-11-08--08-43-22,50,Chunk_10/99c94dc769b5d96e|2018-11-08--08-43-22/50,Chunk_10/99c94dc769b5d96e|2018-11-08--08-43-22/50/video.hevc,37558046,True,True,True,1172,True,1172x3,True,1172x3,True,1172x4,1172,45450.53508,45510.534231,59.999151,19.516943,True,4.208635,12.628301,True,ok,train
Chunk_10,99c94dc769b5d96e|2018-11-08--08-43-22,51,Chunk_10/99c94dc769b5d96e|2018-11-08--08-43-22/51,Chunk_10/99c94dc769b5d96e|2018-11-08--08-43-22/51/video.hevc,37476590,True,True,True,1163,True,1163x3,True,1163x3,True,1163x4,1163,45510.584213,45570.483389,59.899176,19.399265,True,11.547897,16.050271,True,ok,train
Chunk_10,99c94dc769b5d96e|2018-11-09--20-49-26,2,Chunk_10/99c94dc769b5d96e|2018-11-09--20-49-26/2,Chunk_10/99c94dc769b5d96e|2018-11-09--20-49-26/2/video.hevc,37489630,True,True,True,1200,True,1200x3,True,1200x3,True,1200x4,1200,13073.326339,13133.27548,59.949141,20.000287,True,18.659214,23.055085,True,ok,test
Chunk_10,99c94dc769b5d96e|2018-11-09--20-49-26,3,Chunk_10/99c94dc769b5d96e|2018-11-09--20-49-26/3,Chunk_10/99c94dc769b5d96e|2018-11-09--20-49-26/3/video.hevc,37497198,True,True,True,1200,True,1200x3,True,1200x3,True,1200x4,1200,13133.325485,13193.274637,59.949152,20.000283,True,12.145063,23.32371,True,ok,test
Chunk_10,99c94dc769b5d96e|2018-11-09--20-49-26,4,Chunk_10/99c94dc769b5d96e|2018-11-09--20-49-26/4,Chunk_10/99c94dc769b5d96e|2018-11-09--20-49-26/4/video.hevc,37467102,True,True,True,1200,True,1200x3,True,1200x3,True,1200x4,1200,13193.324639,13253.273797,59.949158,20.000281,True,13.295482,20.116405,True,ok,test
Chunk_10,99c94dc769b5d96e|2018-11-09--20-49-26,5,Chunk_10/99c94dc769b5d96e|2018-11-09--20-49-26/5,Chunk_10/99c94dc769b5d96e|2018-11-09--20-49-26/5/video.hevc,37505902,True,True,True,1200,True,1200x3,True,1200x3,True,1200x4,1200,13253.323811,13313.272946,59.949135,20.000289,True,22.40236,28.526328,True,ok,test
Chunk_10,99c94dc769b5d96e|2018-11-09--20-49-26,6,Chunk_10/99c94dc769b5d96e|2018-11-09--20-49-26/6,Chunk_10/99c94dc769b5d96e|2018-11-09--20-49-26/6/video.hevc,37503950,True,True,True,1200,True,1200x3,True,1200x3,True,1200x4,1200,13313.322958,13373.272105,59.949147,20.000285,True,27.545369,32.49343,True,ok,test
Chunk_10,99c94dc769b5d96e|2018-11-09--20-49-26,7,Chunk_10/99c94dc769b5d96e|2018-11-09--20-49-26/7,Chunk_10/99c94dc769b5d96e|2018-11-09--20-49-26/7/video.hevc,37530414,True,True,True,1200,True,1200x3,True,1200x3,True,1200x4,1200,13373.322103,13433.27126,59.949157,20.000281,True,27.722312,31.267282,True,ok,test
Chunk_10,99c94dc769b5d96e|2018-11-09--20-49-26,8,Chunk_10/99c94dc769b5d96e|2018-11-09--20-49-26/8,Chunk_10/99c94dc769b5d96e|2018-11-09--20-49-26/8/video.hevc,37525886,True,True,True,1200,True,1200x3,True,1200x3,True,1200x4,1200,13433.321261,13493.270426,59.949165,20.000279,True,27.676264,30.768646,True,ok,test
Chunk_10,99c94dc769b5d96e|2018-11-09--20-49-26,9,Chunk_10/99c94dc769b5d96e|2018-11-09--20-49-26/9,Chunk_10/99c94dc769b5d96e|2018-11-09--20-49-26/9/video.hevc,37582590,True,True,True,1200,True,1200x3,True,1200x3,True,1200x4,1200,13493.320421,13553.269574,59.949153,20.000283,True,31.16564,31.733886,True,ok,test
Chunk_10,99c94dc769b5d96e|2018-11-09--20-49-26,10,Chunk_10/99c94dc769b5d96e|2018-11-09--20-49-26/10,Chunk_10/99c94dc769b5d96e|2018-11-09--20-49-26/10/video.hevc,37512622,True,True,True,1200,True,1200x3,True,1200x3,True,1200x4,1200,13553.319578,13613.268731,59.949153,20.000283,True,31.672986,33.926784,True,ok,test
Chunk_10,99c94dc769b5d96e|2018-11-09--20-49-26,11,Chunk_10/99c94dc769b5d96e|2018-11-09--20-49-26/11,Chunk_10/99c94dc769b5d96e|2018-11-09--20-49-26/11/video.hevc,37490430,True,True,True,1200,True,1200x3,True,1200x3,True,1200x4,1200,13613.318739,13673.267889,59.94915,20.000284,True,33.658929,35.219894,True,ok,test
Chunk_10,99c94dc769b5d96e|2018-11-09--20-49-26,12,Chunk_10/99c94dc769b5d96e|2018-11-09--20-49-26/12,Chunk_10/99c94dc769b5d96e|2018-11-09--20-49-26/12/video.hevc,37437390,True,True,True,1199,True,1199x3,True,1199x3,True,1199x4,1199,13673.317892,13733.217052,59.89916,20.00028,True,29.938119,31.820079,True,ok,test
Chunk_10,99c94dc769b5d96e|2018-11-09--20-49-26,13,Chunk_10/99c94dc769b5d96e|2018-11-09--20-49-26/13,Chunk_10/99c94dc769b5d96e|2018-11-09--20-49-26/13/video.hevc,37567454,True,True,True,1201,True,1201x3,True,1201x3,True,1201x4,1201,13733.267049,13793.266202,59.999153,20.000282,True,30.861656,32.158914,True,ok,test
Chunk_10,99c94dc769b5d96e|2018-11-09--20-49-26,14,Chunk_10/99c94dc769b5d96e|2018-11-09--20-49-26/14,Chunk_10/99c94dc769b5d96e|2018-11-09--20-49-26/14/video.hevc,37456878,True,True,True,1200,True,1200x3,True,1200x3,True,1200x4,1200,13793.316208,13853.265359,59.949151,20.000283,True,31.441825,31.865378,True,ok,test
Chunk_10,99c94dc769b5d96e|2018-11-12--23-26-14,4,Chunk_10/99c94dc769b5d96e|2018-11-12--23-26-14/4,Chunk_10/99c94dc769b5d96e|2018-11-12--23-26-14/4/video.hevc,37585758,True,True,True,1200,True,1200x3,True,1200x3,True,1200x4,1200,307.944408,367.893565,59.949157,20.000281,True,15.287412,23.061174,True,ok,validation
Chunk_10,99c94dc769b5d96e|2018-11-12--23-26-14,5,Chunk_10/99c94dc769b5d96e|2018-11-12--23-26-14/5,Chunk_10/99c94dc769b5d96e|2018-11-12--23-26-14/5/video.hevc,37518622,True,True,True,1200,True,1200x3,True,1200x3,True,1200x4,1200,367.943566,427.89272,59.949154,20.000282,True,7.758416,19.290305,True,ok,validation
Chunk_10,99c94dc769b5d96e|2018-11-12--23-26-14,6,Chunk_10/99c94dc769b5d96e|2018-11-12--23-26-14/6,Chunk_10/99c94dc769b5d96e|2018-11-12--23-26-14/6/video.hevc,37468398,True,True,True,1200,True,1200x3,True,1200x3,True,1200x4,1200,427.942721,487.891882,59.949161,20.00028,True,3.146173,22.22367,True,ok,validation
Chunk_10,99c94dc769b5d96e|2018-11-12--23-26-14,7,Chunk_10/99c94dc769b5d96e|2018-11-12--23-26-14/7,Chunk_10/99c94dc769b5d96e|2018-11-12--23-26-14/7/video.hevc,37538302,True,True,True,1200,True,1200x3,True,1200x3,True,1200x4,1200,487.941872,547.891035,59.949163,20.000279,True,23.097914,26.518502,True,ok,validation
Chunk_10,99c94dc769b5d96e|2018-11-12--23-26-14,8,Chunk_10/99c94dc769b5d96e|2018-11-12--23-26-14/8,Chunk_10/99c94dc769b5d96e|2018-11-12--23-26-14/8/video.hevc,37490318,True,True,True,1200,True,1200x3,True,1200x3,True,1200x4,1200,547.941037,607.890208,59.949171,20.000277,True,27.485418,29.361635,True,ok,validation
Chunk_10,99c94dc769b5d96e|2018-11-12--23-26-14,9,Chunk_10/99c94dc769b5d96e|2018-11-12--23-26-14/9,Chunk_10/99c94dc769b5d96e|2018-11-12--23-26-14/9/video.hevc,37481950,True,True,True,1200,True,1200x3,True,1200x3,True,1200x4,1200,607.940188,667.889344,59.949156,20.000282,True,30.954078,31.92016,True,ok,validation
Chunk_10,99c94dc769b5d96e|2018-11-12--23-26-14,10,Chunk_10/99c94dc769b5d96e|2018-11-12--23-26-14/10,Chunk_10/99c94dc769b5d96e|2018-11-12--23-26-14/10/video.hevc,37473758,True,True,True,1200,True,1200x3,True,1200x3,True,1200x4,1200,667.939345,727.88852,59.949175,20.000275,True,30.6489,31.924772,True,ok,validation
Chunk_10,99c94dc769b5d96e|2018-11-12--23-26-14,11,Chunk_10/99c94dc769b5d96e|2018-11-12--23-26-14/11,Chunk_10/99c94dc769b5d96e|2018-11-12--23-26-14/11/video.hevc,37481982,True,True,True,1200,True,1200x3,True,1200x3,True,1200x4,1200,727.938516,787.887674,59.949158,20.000281,True,31.841756,32.2404,True,ok,validation
Chunk_10,99c94dc769b5d96e|2018-11-12--23-26-14,12,Chunk_10/99c94dc769b5d96e|2018-11-12--23-26-14/12,Chunk_10/99c94dc769b5d96e|2018-11-12--23-26-14/12/video.hevc,37552670,True,True,True,1200,True,1200x3,True,1200x3,True,1200x4,1200,787.937659,847.886841,59.949182,20.000273,True,31.826064,32.175008,True,ok,validation
Chunk_10,99c94dc769b5d96e|2018-11-12--23-26-14,13,Chunk_10/99c94dc769b5d96e|2018-11-12--23-26-14/13,Chunk_10/99c94dc769b5d96e|2018-11-12--23-26-14/13/video.hevc,37438990,True,True,True,1200,True,1200x3,True,1200x3,True,1200x4,1200,847.936813,907.885995,59.949182,20.000273,True,31.790718,32.138826,True,ok,validation
Chunk_10,99c94dc769b5d96e|2018-11-12--23-26-14,14,Chunk_10/99c94dc769b5d96e|2018-11-12--23-26-14/14,Chunk_10/99c94dc769b5d96e|2018-11-12--23-26-14/14/video.hevc,37443502,True,True,True,1200,True,1200x3,True,1200x3,True,1200x4,1200,907.93598,967.885133,59.949153,20.000283,True,31.807388,32.034756,True,ok,validation
Chunk_10,99c94dc769b5d96e|2018-11-12--23-26-14,15,Chunk_10/99c94dc769b5d96e|2018-11-12--23-26-14/15,Chunk_10/99c94dc769b5d96e|2018-11-12--23-26-14/15/video.hevc,37463406,True,True,True,1200,True,1200x3,True,1200x3,True,1200x4,1200,967.93515,1027.8843,59.94915,20.000284,True,31.831444,32.08939,True,ok,validation
Chunk_10,99c94dc769b5d96e|2018-11-12--23-26-14,16,Chunk_10/99c94dc769b5d96e|2018-11-12--23-26-14/16,Chunk_10/99c94dc769b5d96e|2018-11-12--23-26-14/16/video.hevc,37452030,True,True,True,1200,True,1200x3,True,1200x3,True,1200x4,1200,1027.93429,1087.88345,59.94916,20.00028,True,31.962278,32.239671,True,ok,validation
Chunk_10,99c94dc769b5d96e|2018-11-13--10-09-22,38,Chunk_10/99c94dc769b5d96e|2018-11-13--10-09-22/38,Chunk_10/99c94dc769b5d96e|2018-11-13--10-09-22/38/video.hevc,37494766,True,True,True,1199,True,1199x3,True,1199x3,True,1199x4,1199,40936.614585,40996.563759,59.949174,19.983595,True,32.775878,33.659763,True,ok,train
Chunk_10,99c94dc769b5d96e|2018-11-13--10-09-22,39,Chunk_10/99c94dc769b5d96e|2018-11-13--10-09-22/39,Chunk_10/99c94dc769b5d96e|2018-11-13--10-09-22/39/video.hevc,37489406,True,True,True,1200,True,1200x3,True,1200x3,True,1200x4,1200,40996.613743,41056.562925,59.949182,20.000273,True,30.566934,32.671597,True,ok,train
Chunk_10,99c94dc769b5d96e|2018-11-13--10-09-22,40,Chunk_10/99c94dc769b5d96e|2018-11-13--10-09-22/40,Chunk_10/99c94dc769b5d96e|2018-11-13--10-09-22/40/video.hevc,37550766,True,True,True,1200,True,1200x3,True,1200x3,True,1200x4,1200,41056.612902,41116.562058,59.949156,20.000282,True,30.387412,30.763235,True,ok,train
Chunk_10,99c94dc769b5d96e|2018-11-13--10-09-22,41,Chunk_10/99c94dc769b5d96e|2018-11-13--10-09-22/41,Chunk_10/99c94dc769b5d96e|2018-11-13--10-09-22/41/video.hevc,37532446,True,True,True,1200,True,1200x3,True,1200x3,True,1200x4,1200,41116.612058,41176.561219,59.949161,20.00028,True,29.837817,30.634223,True,ok,train
Chunk_10,99c94dc769b5d96e|2018-11-13--10-09-22,42,Chunk_10/99c94dc769b5d96e|2018-11-13--10-09-22/42,Chunk_10/99c94dc769b5d96e|2018-11-13--10-09-22/42/video.hevc,37464862,True,True,True,1200,True,1200x3,True,1200x3,True,1200x4,1200,41176.611214,41236.560367,59.949153,20.000283,True,29.78486,30.325606,True,ok,train
Chunk_10,99c94dc769b5d96e|2018-11-13--10-09-22,43,Chunk_10/99c94dc769b5d96e|2018-11-13--10-09-22/43,Chunk_10/99c94dc769b5d96e|2018-11-13--10-09-22/43/video.hevc,37485662,True,True,True,1200,True,1200x3,True,1200x3,True,1200x4,1200,41236.610378,41296.559533,59.949155,20.000282,True,28.066083,29.95314,True,ok,train
Chunk_10,99c94dc769b5d96e|2018-11-13--10-09-22,44,Chunk_10/99c94dc769b5d96e|2018-11-13--10-09-22/44,Chunk_10/99c94dc769b5d96e|2018-11-13--10-09-22/44/video.hevc,37570510,True,True,True,1201,True,1201x3,True,1201x3,True,1201x4,1201,41296.609555,41356.608687,59.999132,20.000289,True,23.38396,28.498566,True,ok,train
Chunk_10,99c94dc769b5d96e|2018-11-13--10-09-22,45,Chunk_10/99c94dc769b5d96e|2018-11-13--10-09-22/45,Chunk_10/99c94dc769b5d96e|2018-11-13--10-09-22/45/video.hevc,37508718,True,True,True,1200,True,1200x3,True,1200x3,True,1200x4,1200,41356.65869,41416.607857,59.949167,20.000278,True,29.106015,30.05908,True,ok,train
Chunk_10,99c94dc769b5d96e|2018-11-13--10-09-22,46,Chunk_10/99c94dc769b5d96e|2018-11-13--10-09-22/46,Chunk_10/99c94dc769b5d96e|2018-11-13--10-09-22/46/video.hevc,37512782,True,True,True,1199,True,1199x3,True,1199x3,True,1199x4,1199,41416.657848,41476.557019,59.899171,20.000277,True,30.43412,32.518518,True,ok,train
Chunk_10,99c94dc769b5d96e|2018-11-13--10-09-22,47,Chunk_10/99c94dc769b5d96e|2018-11-13--10-09-22/47,Chunk_10/99c94dc769b5d96e|2018-11-13--10-09-22/47/video.hevc,37513774,True,True,True,1200,True,1200x3,True,1200x3,True,1200x4,1200,41476.606999,41536.556162,59.949163,20.000279,True,28.739881,30.825282,True,ok,train
Chunk_10,99c94dc769b5d96e|2018-11-13--10-09-22,48,Chunk_10/99c94dc769b5d96e|2018-11-13--10-09-22/48,Chunk_10/99c94dc769b5d96e|2018-11-13--10-09-22/48/video.hevc,37505230,True,True,True,1201,True,1201x3,True,1201x3,True,1201x4,1201,41536.606156,41596.605319,59.999163,20.000279,True,14.134746,20.503337,True,ok,train
Chunk_10,99c94dc769b5d96e|2018-11-13--10-09-22,49,Chunk_10/99c94dc769b5d96e|2018-11-13--10-09-22/49,Chunk_10/99c94dc769b5d96e|2018-11-13--10-09-22/49/video.hevc,37463614,True,True,True,1199,True,1199x3,True,1199x3,True,1199x4,1199,41596.655325,41656.554478,59.899153,20.000283,True,6.589777,18.761577,True,ok,train
Chunk_10,99c94dc769b5d96e|2018-11-13--10-09-22,50,Chunk_10/99c94dc769b5d96e|2018-11-13--10-09-22/50,Chunk_10/99c94dc769b5d96e|2018-11-13--10-09-22/50/video.hevc,37460638,True,True,True,1200,True,1200x3,True,1200x3,True,1200x4,1200,41656.60447,41716.553643,59.949173,20.000276,True,11.797033,16.950614,True,ok,train
Chunk_10,99c94dc769b5d96e|2018-11-13--21-14-19,3,Chunk_10/99c94dc769b5d96e|2018-11-13--21-14-19/3,Chunk_10/99c94dc769b5d96e|2018-11-13--21-14-19/3/video.hevc,37451566,True,True,True,1200,True,1200x3,True,1200x3,True,1200x4,1200,20796.285815,20856.234953,59.949138,20.000288,True,12.838155,20.507367,True,ok,validation
Chunk_10,99c94dc769b5d96e|2018-11-13--21-14-19,4,Chunk_10/99c94dc769b5d96e|2018-11-13--21-14-19/4,Chunk_10/99c94dc769b5d96e|2018-11-13--21-14-19/4/video.hevc,37549614,True,True,True,1199,True,1199x3,True,1199x3,True,1199x4,1199,20856.28496,20916.184118,59.899158,20.000281,True,4.375223,15.34865,True,ok,validation
Chunk_10,99c94dc769b5d96e|2018-11-13--21-14-19,5,Chunk_10/99c94dc769b5d96e|2018-11-13--21-14-19/5,Chunk_10/99c94dc769b5d96e|2018-11-13--21-14-19/5/video.hevc,37487326,True,True,True,1200,True,1200x3,True,1200x3,True,1200x4,1200,20916.234142,20976.183288,59.949146,20.000285,True,10.420505,20.646309,True,ok,validation
Chunk_10,99c94dc769b5d96e|2018-11-13--21-14-19,6,Chunk_10/99c94dc769b5d96e|2018-11-13--21-14-19/6,Chunk_10/99c94dc769b5d96e|2018-11-13--21-14-19/6/video.hevc,37496302,True,True,True,1200,True,1200x3,True,1200x3,True,1200x4,1200,20976.23327,21036.182426,59.949156,20.000282,True,24.643511,30.743434,True,ok,validation
Chunk_10,99c94dc769b5d96e|2018-11-13--21-14-19,7,Chunk_10/99c94dc769b5d96e|2018-11-13--21-14-19/7,Chunk_10/99c94dc769b5d96e|2018-11-13--21-14-19/7/video.hevc,37615294,True,True,True,1201,True,1201x3,True,1201x3,True,1201x4,1201,21036.232431,21096.231602,59.999171,20.000276,True,30.40226,30.839081,True,ok,validation
Chunk_10,99c94dc769b5d96e|2018-11-13--21-14-19,8,Chunk_10/99c94dc769b5d96e|2018-11-13--21-14-19/8,Chunk_10/99c94dc769b5d96e|2018-11-13--21-14-19/8/video.hevc,37484366,True,True,True,1200,True,1200x3,True,1200x3,True,1200x4,1200,21096.281602,21156.230742,59.94914,20.000287,True,30.405975,30.825555,True,ok,validation
Chunk_10,99c94dc769b5d96e|2018-11-13--21-14-19,9,Chunk_10/99c94dc769b5d96e|2018-11-13--21-14-19/9,Chunk_10/99c94dc769b5d96e|2018-11-13--21-14-19/9/video.hevc,37490942,True,True,True,1200,True,1200x3,True,1200x3,True,1200x4,1200,21156.280759,21216.229904,59.949145,20.000285,True,30.495217,30.832177,True,ok,validation
Chunk_10,99c94dc769b5d96e|2018-11-13--21-14-19,10,Chunk_10/99c94dc769b5d96e|2018-11-13--21-14-19/10,Chunk_10/99c94dc769b5d96e|2018-11-13--21-14-19/10/video.hevc,37512062,True,True,True,1200,True,1200x3,True,1200x3,True,1200x4,1200,21216.279899,21276.229061,59.949162,20.00028,True,30.617468,30.893288,True,ok,validation
Chunk_10,99c94dc769b5d96e|2018-11-13--21-14-19,11,Chunk_10/99c94dc769b5d96e|2018-11-13--21-14-19/11,Chunk_10/99c94dc769b5d96e|2018-11-13--21-14-19/11/video.hevc,37510622,True,True,True,1200,True,1200x3,True,1200x3,True,1200x4,1200,21276.279051,21336.228223,59.949172,20.000276,True,31.141051,32.485838,True,ok,validation
Chunk_10,99c94dc769b5d96e|2018-11-13--21-14-19,12,Chunk_10/99c94dc769b5d96e|2018-11-13--21-14-19/12,Chunk_10/99c94dc769b5d96e|2018-11-13--21-14-19/12/video.hevc,37430702,True,True,True,1200,True,1200x3,True,1200x3,True,1200x4,1200,21336.278233,21396.227374,59.949141,20.000287,True,32.369424,32.725233,True,ok,validation
Chunk_10,99c94dc769b5d96e|2018-11-13--21-14-19,13,Chunk_10/99c94dc769b5d96e|2018-11-13--21-14-19/13,Chunk_10/99c94dc769b5d96e|2018-11-13--21-14-19/13/video.hevc,37553886,True,True,True,1200,True,1200x3,True,1200x3,True,1200x4,1200,21396.277376,21456.226532,59.949156,20.000282,True,31.560177,32.418408,True,ok,validation
Chunk_10,99c94dc769b5d96e|2018-11-13--21-14-19,14,Chunk_10/99c94dc769b5d96e|2018-11-13--21-14-19/14,Chunk_10/99c94dc769b5d96e|2018-11-13--21-14-19/14/video.hevc,37412446,True,True,True,1200,True,1200x3,True,1200x3,True,1200x4,1200,21456.276528,21516.225681,59.949153,20.000283,True,31.017885,32.696946,True,ok,validation
Chunk_10,99c94dc769b5d96e|2018-11-14--13-31-42,26,Chunk_10/99c94dc769b5d96e|2018-11-14--13-31-42/26,Chunk_10/99c94dc769b5d96e|2018-11-14--13-31-42/26/video.hevc,37487198,True,True,True,1200,True,1200x3,True,1200x3,True,1200x4,1200,1639.636389,1699.585532,59.949143,20.000286,True,32.792746,33.112413,True,ok,train
Chunk_10,99c94dc769b5d96e|2018-11-14--13-31-42,27,Chunk_10/99c94dc769b5d96e|2018-11-14--13-31-42/27,Chunk_10/99c94dc769b5d96e|2018-11-14--13-31-42/27/video.hevc,37496606,True,True,True,1200,True,1200x3,True,1200x3,True,1200x4,1200,1699.635519,1759.584685,59.949166,20.000278,True,32.824203,33.146105,True,ok,train
Chunk_10,99c94dc769b5d96e|2018-11-14--13-31-42,28,Chunk_10/99c94dc769b5d96e|2018-11-14--13-31-42/28,Chunk_10/99c94dc769b5d96e|2018-11-14--13-31-42/28/video.hevc,37489758,True,True,True,1200,True,1200x3,True,1200x3,True,1200x4,1200,1759.634682,1819.583844,59.949162,20.00028,True,32.910143,33.159323,True,ok,train
Chunk_10,99c94dc769b5d96e|2018-11-14--13-31-42,29,Chunk_10/99c94dc769b5d96e|2018-11-14--13-31-42/29,Chunk_10/99c94dc769b5d96e|2018-11-14--13-31-42/29/video.hevc,37511998,True,True,True,1200,True,1200x3,True,1200x3,True,1200x4,1200,1819.633837,1879.582992,59.949155,20.000282,True,32.52884,33.107442,True,ok,train
Chunk_10,99c94dc769b5d96e|2018-11-14--13-31-42,30,Chunk_10/99c94dc769b5d96e|2018-11-14--13-31-42/30,Chunk_10/99c94dc769b5d96e|2018-11-14--13-31-42/30/video.hevc,37501470,True,True,True,1200,True,1200x3,True,1200x3,True,1200x4,1200,1879.632995,1939.58215,59.949155,20.000282,True,27.680697,30.437678,True,ok,train
Chunk_10,99c94dc769b5d96e|2018-11-14--13-31-42,31,Chunk_10/99c94dc769b5d96e|2018-11-14--13-31-42/31,Chunk_10/99c94dc769b5d96e|2018-11-14--13-31-42/31/video.hevc,37512366,True,True,True,1200,True,1200x3,True,1200x3,True,1200x4,1200,1939.632146,1999.581307,59.949161,20.00028,True,26.013755,27.976028,True,ok,train
Chunk_10,99c94dc769b5d96e|2018-11-14--13-31-42,32,Chunk_10/99c94dc769b5d96e|2018-11-14--13-31-42/32,Chunk_10/99c94dc769b5d96e|2018-11-14--13-31-42/32/video.hevc,37513534,True,True,True,1200,True,1200x3,True,1200x3,True,1200x4,1200,1999.631296,2059.580461,59.949165,20.000279,True,27.300928,28.336751,True,ok,train
Chunk_10,99c94dc769b5d96e|2018-11-14--13-31-42,33,Chunk_10/99c94dc769b5d96e|2018-11-14--13-31-42/33,Chunk_10/99c94dc769b5d96e|2018-11-14--13-31-42/33/video.hevc,37480718,True,True,True,1200,True,1200x3,True,1200x3,True,1200x4,1200,2059.630477,2119.579631,59.949154,20.000282,True,26.826542,29.28399,True,ok,train
Chunk_10,99c94dc769b5d96e|2018-11-14--13-31-42,34,Chunk_10/99c94dc769b5d96e|2018-11-14--13-31-42/34,Chunk_10/99c94dc769b5d96e|2018-11-14--13-31-42/34/video.hevc,37492318,True,True,True,1200,True,1200x3,True,1200x3,True,1200x4,1200,2119.62963,2179.578775,59.949145,20.000285,True,26.702133,29.543983,True,ok,train
Chunk_10,99c94dc769b5d96e|2018-11-14--13-31-42,35,Chunk_10/99c94dc769b5d96e|2018-11-14--13-31-42/35,Chunk_10/99c94dc769b5d96e|2018-11-14--13-31-42/35/video.hevc,37511998,True,True,True,1200,True,1200x3,True,1200x3,True,1200x4,1200,2179.628777,2239.577937,59.94916,20.00028,True,22.761411,27.356549,True,ok,train
Chunk_10,99c94dc769b5d96e|2018-11-14--13-31-42,36,Chunk_10/99c94dc769b5d96e|2018-11-14--13-31-42/36,Chunk_10/99c94dc769b5d96e|2018-11-14--13-31-42/36/video.hevc,37449102,True,True,True,1200,True,1200x3,True,1200x3,True,1200x4,1200,2239.627957,2299.577089,59.949132,20.00029,True,9.065447,15.898338,True,ok,train
Chunk_10,99c94dc769b5d96e|2018-11-14--13-31-42,37,Chunk_10/99c94dc769b5d96e|2018-11-14--13-31-42/37,Chunk_10/99c94dc769b5d96e|2018-11-14--13-31-42/37/video.hevc,37492718,True,True,True,1200,True,1200x3,True,1200x3,True,1200x4,1200,2299.627112,2359.576252,59.94914,20.000287,True,1.257379,9.830086,True,ok,train
Chunk_10,99c94dc769b5d96e|2018-11-14--13-31-42,38,Chunk_10/99c94dc769b5d96e|2018-11-14--13-31-42/38,Chunk_10/99c94dc769b5d96e|2018-11-14--13-31-42/38/video.hevc,37460782,True,True,True,1200,True,1200x3,True,1200x3,True,1200x4,1200,2359.626264,2419.575408,59.949144,20.000286,True,8.388806,16.350153,True,ok,train
Chunk_10,99c94dc769b5d96e|2018-11-14--13-31-42,39,Chunk_10/99c94dc769b5d96e|2018-11-14--13-31-42/39,Chunk_10/99c94dc769b5d96e|2018-11-14--13-31-42/39/video.hevc,37514878,True,True,True,1200,True,1200x3,True,1200x3,True,1200x4,1200,2419.625405,2479.574564,59.949159,20.000281,True,5.061016,20.836985,True,ok,train
Chunk_10,99c94dc769b5d96e|2018-11-15--01-02-09,0,Chunk_10/99c94dc769b5d96e|2018-11-15--01-02-09/0,Chunk_10/99c94dc769b5d96e|2018-11-15--01-02-09/0/video.hevc,36923902,True,True,True,1181,True,1181x3,True,1181x3,True,1181x4,1181,41507.661881,41566.661047,58.999166,20.000283,True,0.913661,11.850136,True,ok,validation
Chunk_10,99c94dc769b5d96e|2018-11-15--01-02-09,1,Chunk_10/99c94dc769b5d96e|2018-11-15--01-02-09/1,Chunk_10/99c94dc769b5d96e|2018-11-15--01-02-09/1/video.hevc,37476430,True,True,True,1200,True,1200x3,True,1200x3,True,1200x4,1200,41566.711051,41626.660203,59.949152,20.000283,True,20.56566,26.309437,True,ok,validation
Chunk_10,99c94dc769b5d96e|2018-11-15--01-02-09,2,Chunk_10/99c94dc769b5d96e|2018-11-15--01-02-09/2,Chunk_10/99c94dc769b5d96e|2018-11-15--01-02-09/2/video.hevc,37474366,True,True,True,1200,True,1200x3,True,1200x3,True,1200x4,1200,41626.710222,41686.659362,59.94914,20.000287,True,29.622698,34.153868,True,ok,validation
Chunk_10,99c94dc769b5d96e|2018-11-15--01-02-09,3,Chunk_10/99c94dc769b5d96e|2018-11-15--01-02-09/3,Chunk_10/99c94dc769b5d96e|2018-11-15--01-02-09/3/video.hevc,6085630,True,True,True,194,True,194x3,True,194x3,True,194x4,194,41686.709375,41696.359228,9.649853,20.000305,True,31.083332,33.044163,True,ok,validation
Chunk_10,99c94dc769b5d96e|2018-11-15--01-05-25,0,Chunk_10/99c94dc769b5d96e|2018-11-15--01-05-25/0,Chunk_10/99c94dc769b5d96e|2018-11-15--01-05-25/0/video.hevc,37086046,True,True,True,1186,True,1186x3,True,1186x3,True,1186x4,1186,41703.550595,41762.799748,59.249153,20.000286,True,24.260485,28.281915,True,ok,train
Chunk_10,99c94dc769b5d96e|2018-11-15--01-05-25,1,Chunk_10/99c94dc769b5d96e|2018-11-15--01-05-25/1,Chunk_10/99c94dc769b5d96e|2018-11-15--01-05-25/1/video.hevc,37485870,True,True,True,1200,True,1200x3,True,1200x3,True,1200x4,1200,41762.849766,41822.798931,59.949165,20.000279,True,28.308499,30.719126,True,ok,train
Chunk_10,99c94dc769b5d96e|2018-11-15--01-05-25,2,Chunk_10/99c94dc769b5d96e|2018-11-15--01-05-25/2,Chunk_10/99c94dc769b5d96e|2018-11-15--01-05-25/2/video.hevc,37520238,True,True,True,1200,True,1200x3,True,1200x3,True,1200x4,1200,41822.848911,41882.798064,59.949153,20.000283,True,30.313916,31.886756,True,ok,train
Chunk_10,99c94dc769b5d96e|2018-11-15--01-05-25,3,Chunk_10/99c94dc769b5d96e|2018-11-15--01-05-25/3,Chunk_10/99c94dc769b5d96e|2018-11-15--01-05-25/3/video.hevc,37446830,True,True,True,1200,True,1200x3,True,1200x3,True,1200x4,1200,41882.848063,41942.797217,59.949154,20.000282,True,31.3044,31.648055,True,ok,train
Chunk_10,99c94dc769b5d96e|2018-11-15--01-05-25,4,Chunk_10/99c94dc769b5d96e|2018-11-15--01-05-25/4,Chunk_10/99c94dc769b5d96e|2018-11-15--01-05-25/4/video.hevc,37526894,True,True,True,1200,True,1200x3,True,1200x3,True,1200x4,1200,41942.847231,42002.79638,59.949149,20.000284,True,31.503724,32.836402,True,ok,train
Chunk_10,99c94dc769b5d96e|2018-11-15--01-05-25,5,Chunk_10/99c94dc769b5d96e|2018-11-15--01-05-25/5,Chunk_10/99c94dc769b5d96e|2018-11-15--01-05-25/5/video.hevc,37442350,True,True,True,1200,True,1200x3,True,1200x3,True,1200x4,1200,42002.846379,42062.795538,59.949159,20.000281,True,32.600611,32.767495,True,ok,train
Chunk_10,99c94dc769b5d96e|2018-11-15--01-05-25,6,Chunk_10/99c94dc769b5d96e|2018-11-15--01-05-25/6,Chunk_10/99c94dc769b5d96e|2018-11-15--01-05-25/6/video.hevc,37451870,True,True,True,1200,True,1200x3,True,1200x3,True,1200x4,1200,42062.845535,42122.794702,59.949167,20.000278,True,32.681079,32.974745,True,ok,train
Chunk_10,99c94dc769b5d96e|2018-11-15--01-05-25,7,Chunk_10/99c94dc769b5d96e|2018-11-15--01-05-25/7,Chunk_10/99c94dc769b5d96e|2018-11-15--01-05-25/7/video.hevc,37415422,True,True,True,1200,True,1200x3,True,1200x3,True,1200x4,1200,42122.844725,42182.793852,59.949127,20.000291,True,32.785087,33.010092,True,ok,train
Chunk_10,99c94dc769b5d96e|2018-11-15--10-31-50,34,Chunk_10/99c94dc769b5d96e|2018-11-15--10-31-50/34,Chunk_10/99c94dc769b5d96e|2018-11-15--10-31-50/34/video.hevc,37477406,True,True,True,1200,True,1200x3,True,1200x3,True,1200x4,1200,77728.112574,77788.061715,59.949141,20.000287,True,33.488829,35.119353,True,ok,train
Chunk_10,99c94dc769b5d96e|2018-11-15--10-31-50,35,Chunk_10/99c94dc769b5d96e|2018-11-15--10-31-50/35,Chunk_10/99c94dc769b5d96e|2018-11-15--10-31-50/35/video.hevc,37512414,True,True,True,1200,True,1200x3,True,1200x3,True,1200x4,1200,77788.11172,77848.060891,59.949171,20.000277,True,33.104159,33.899162,True,ok,train
Chunk_10,99c94dc769b5d96e|2018-11-15--10-31-50,36,Chunk_10/99c94dc769b5d96e|2018-11-15--10-31-50/36,Chunk_10/99c94dc769b5d96e|2018-11-15--10-31-50/36/video.hevc,37474990,True,True,True,1199,True,1199x3,True,1199x3,True,1199x4,1199,77848.110873,77908.010034,59.899161,20.00028,True,32.75669,34.436816,True,ok,train
Chunk_10,99c94dc769b5d96e|2018-11-15--10-31-50,37,Chunk_10/99c94dc769b5d96e|2018-11-15--10-31-50/37,Chunk_10/99c94dc769b5d96e|2018-11-15--10-31-50/37/video.hevc,37525246,True,True,True,1200,True,1200x3,True,1200x3,True,1200x4,1200,77908.060033,77968.009187,59.949154,20.000282,True,30.07368,31.921673,True,ok,train
Chunk_10,99c94dc769b5d96e|2018-11-15--10-31-50,38,Chunk_10/99c94dc769b5d96e|2018-11-15--10-31-50/38,Chunk_10/99c94dc769b5d96e|2018-11-15--10-31-50/38/video.hevc,37501406,True,True,True,1200,True,1200x3,True,1200x3,True,1200x4,1200,77968.059192,78028.008383,59.949191,20.00027,True,29.801671,32.814133,True,ok,train
Chunk_10,99c94dc769b5d96e|2018-11-15--10-31-50,39,Chunk_10/99c94dc769b5d96e|2018-11-15--10-31-50/39,Chunk_10/99c94dc769b5d96e|2018-11-15--10-31-50/39/video.hevc,37499518,True,True,True,1200,True,1200x3,True,1200x3,True,1200x4,1200,78028.05835,78088.007504,59.949154,20.000282,True,30.73782,31.635762,True,ok,train
Chunk_10,99c94dc769b5d96e|2018-11-15--10-31-50,40,Chunk_10/99c94dc769b5d96e|2018-11-15--10-31-50/40,Chunk_10/99c94dc769b5d96e|2018-11-15--10-31-50/40/video.hevc,37574414,True,True,True,1201,True,1201x3,True,1201x3,True,1201x4,1201,78088.057502,78148.056662,59.99916,20.00028,True,29.578486,32.153707,True,ok,train
Chunk_10,99c94dc769b5d96e|2018-11-15--10-31-50,41,Chunk_10/99c94dc769b5d96e|2018-11-15--10-31-50/41,Chunk_10/99c94dc769b5d96e|2018-11-15--10-31-50/41/video.hevc,37497582,True,True,True,1200,True,1200x3,True,1200x3,True,1200x4,1200,78148.106654,78208.055819,59.949165,20.000279,True,29.890362,33.295796,True,ok,train
Chunk_10,99c94dc769b5d96e|2018-11-15--10-31-50,42,Chunk_10/99c94dc769b5d96e|2018-11-15--10-31-50/42,Chunk_10/99c94dc769b5d96e|2018-11-15--10-31-50/42/video.hevc,37487774,True,True,True,1200,True,1200x3,True,1200x3,True,1200x4,1200,78208.10583,78268.054994,59.949164,20.000279,True,24.376478,27.738753,True,ok,train
Chunk_10,99c94dc769b5d96e|2018-11-15--10-31-50,43,Chunk_10/99c94dc769b5d96e|2018-11-15--10-31-50/43,Chunk_10/99c94dc769b5d96e|2018-11-15--10-31-50/43/video.hevc,37456846,True,True,True,1200,True,1200x3,True,1200x3,True,1200x4,1200,78268.104963,78328.054132,59.949169,20.000277,True,11.289907,18.583474,True,ok,train
Chunk_10,99c94dc769b5d96e|2018-11-15--10-31-50,44,Chunk_10/99c94dc769b5d96e|2018-11-15--10-31-50/44,Chunk_10/99c94dc769b5d96e|2018-11-15--10-31-50/44/video.hevc,37507486,True,True,True,1200,True,1200x3,True,1200x3,True,1200x4,1200,78328.104135,78388.053284,59.949149,20.000284,True,8.439522,20.781465,True,ok,train
Chunk_10,99c94dc769b5d96e|2018-11-15--10-31-50,45,Chunk_10/99c94dc769b5d96e|2018-11-15--10-31-50/45,Chunk_10/99c94dc769b5d96e|2018-11-15--10-31-50/45/video.hevc,37383454,True,True,True,1200,True,1200x3,True,1200x3,True,1200x4,1200,78388.103285,78448.05244,59.949155,20.000282,True,1.785063,20.088255,True,ok,train
Chunk_10,99c94dc769b5d96e|2018-11-15--10-31-50,46,Chunk_10/99c94dc769b5d96e|2018-11-15--10-31-50/46,Chunk_10/99c94dc769b5d96e|2018-11-15--10-31-50/46/video.hevc,37450030,True,True,True,1200,True,1200x3,True,1200x3,True,1200x4,1200,78448.102445,78508.051604,59.949159,20.000281,True,16.16199,20.263602,True,ok,train
Chunk_10,99c94dc769b5d96e|2018-11-15--21-00-40,3,Chunk_10/99c94dc769b5d96e|2018-11-15--21-00-40/3,Chunk_10/99c94dc769b5d96e|2018-11-15--21-00-40/3/video.hevc,37520398,True,True,True,1200,True,1200x3,True,1200x3,True,1200x4,1200,1627.79718,1687.746334,59.949154,20.000282,True,18.663589,23.680777,True,ok,test
Chunk_10,99c94dc769b5d96e|2018-11-15--21-00-40,4,Chunk_10/99c94dc769b5d96e|2018-11-15--21-00-40/4,Chunk_10/99c94dc769b5d96e|2018-11-15--21-00-40/4/video.hevc,37516654,True,True,True,1200,True,1200x3,True,1200x3,True,1200x4,1200,1687.796343,1747.745481,59.949138,20.000288,True,3.12673,19.205075,True,ok,test
Chunk_10,99c94dc769b5d96e|2018-11-15--21-00-40,5,Chunk_10/99c94dc769b5d96e|2018-11-15--21-00-40/5,Chunk_10/99c94dc769b5d96e|2018-11-15--21-00-40/5/video.hevc,37493678,True,True,True,1200,True,1200x3,True,1200x3,True,1200x4,1200,1747.795478,1807.744648,59.94917,20.000277,True,0.965766,11.993608,True,ok,test
Chunk_10,99c94dc769b5d96e|2018-11-15--21-00-40,6,Chunk_10/99c94dc769b5d96e|2018-11-15--21-00-40/6,Chunk_10/99c94dc769b5d96e|2018-11-15--21-00-40/6/video.hevc,37474734,True,True,True,1200,True,1200x3,True,1200x3,True,1200x4,1200,1807.794652,1867.743794,59.949142,20.000286,True,27.043585,32.8629,True,ok,test
Chunk_10,99c94dc769b5d96e|2018-11-15--21-00-40,7,Chunk_10/99c94dc769b5d96e|2018-11-15--21-00-40/7,Chunk_10/99c94dc769b5d96e|2018-11-15--21-00-40/7/video.hevc,37551294,True,True,True,1200,True,1200x3,True,1200x3,True,1200x4,1200,1867.793798,1927.742975,59.949177,20.000275,True,34.445907,37.371351,True,ok,test
Chunk_10,99c94dc769b5d96e|2018-11-15--21-00-40,8,Chunk_10/99c94dc769b5d96e|2018-11-15--21-00-40/8,Chunk_10/99c94dc769b5d96e|2018-11-15--21-00-40/8/video.hevc,37541902,True,True,True,1200,True,1200x3,True,1200x3,True,1200x4,1200,1927.792951,1987.742104,59.949153,20.000283,True,32.558912,33.427162,True,ok,test
Chunk_10,99c94dc769b5d96e|2018-11-15--21-00-40,9,Chunk_10/99c94dc769b5d96e|2018-11-15--21-00-40/9,Chunk_10/99c94dc769b5d96e|2018-11-15--21-00-40/9/video.hevc,37548734,True,True,True,1200,True,1200x3,True,1200x3,True,1200x4,1200,1987.792103,2047.741291,59.949188,20.000271,True,32.183901,36.150147,True,ok,test
Chunk_10,99c94dc769b5d96e|2018-11-15--21-00-40,10,Chunk_10/99c94dc769b5d96e|2018-11-15--21-00-40/10,Chunk_10/99c94dc769b5d96e|2018-11-15--21-00-40/10/video.hevc,37534414,True,True,True,1200,True,1200x3,True,1200x3,True,1200x4,1200,2047.791284,2107.74046,59.949176,20.000275,True,34.114467,36.448645,True,ok,test
Chunk_10,99c94dc769b5d96e|2018-11-15--21-00-40,11,Chunk_10/99c94dc769b5d96e|2018-11-15--21-00-40/11,Chunk_10/99c94dc769b5d96e|2018-11-15--21-00-40/11/video.hevc,37591342,True,True,True,1200,True,1200x3,True,1200x3,True,1200x4,1200,2107.790425,2167.739577,59.949152,20.000283,True,35.658679,37.532418,True,ok,test
Chunk_10,99c94dc769b5d96e|2018-11-15--21-00-40,12,Chunk_10/99c94dc769b5d96e|2018-11-15--21-00-40/12,Chunk_10/99c94dc769b5d96e|2018-11-15--21-00-40/12/video.hevc,37535870,True,True,True,1200,True,1200x3,True,1200x3,True,1200x4,1200,2167.789594,2227.73875,59.949156,20.000282,True,34.555709,37.629662,True,ok,test
Chunk_10,99c94dc769b5d96e|2018-11-15--21-00-40,13,Chunk_10/99c94dc769b5d96e|2018-11-15--21-00-40/13,Chunk_10/99c94dc769b5d96e|2018-11-15--21-00-40/13/video.hevc,37515390,True,True,True,1200,True,1200x3,True,1200x3,True,1200x4,1200,2227.788738,2287.737902,59.949164,20.000279,True,35.124663,38.221426,True,ok,test
Chunk_10,99c94dc769b5d96e|2018-11-15--21-00-40,14,Chunk_10/99c94dc769b5d96e|2018-11-15--21-00-40/14,Chunk_10/99c94dc769b5d96e|2018-11-15--21-00-40/14/video.hevc,37473214,True,True,True,1200,True,1200x3,True,1200x3,True,1200x4,1200,2287.787909,2347.737054,59.949145,20.000285,True,35.557833,39.595518,True,ok,test
Chunk_10,99c94dc769b5d96e|2018-11-16--10-00-42,32,Chunk_10/99c94dc769b5d96e|2018-11-16--10-00-42/32,Chunk_10/99c94dc769b5d96e|2018-11-16--10-00-42/32/video.hevc,37532766,True,True,True,1200,True,1200x3,True,1200x3,True,1200x4,1200,2009.123025,2069.072164,59.949139,20.000287,True,32.482455,34.421602,True,ok,test
Chunk_10,99c94dc769b5d96e|2018-11-16--10-00-42,33,Chunk_10/99c94dc769b5d96e|2018-11-16--10-00-42/33,Chunk_10/99c94dc769b5d96e|2018-11-16--10-00-42/33/video.hevc,37498734,True,True,True,1200,True,1200x3,True,1200x3,True,1200x4,1200,2069.122183,2129.071325,59.949142,20.000286,True,34.221377,34.51214,True,ok,test
Chunk_10,99c94dc769b5d96e|2018-11-16--10-00-42,34,Chunk_10/99c94dc769b5d96e|2018-11-16--10-00-42/34,Chunk_10/99c94dc769b5d96e|2018-11-16--10-00-42/34/video.hevc,37470430,True,True,True,1200,True,1200x3,True,1200x3,True,1200x4,1200,2129.121324,2189.070504,59.94918,20.000274,True,33.113806,34.485331,True,ok,test
Chunk_10,99c94dc769b5d96e|2018-11-16--10-00-42,35,Chunk_10/99c94dc769b5d96e|2018-11-16--10-00-42/35,Chunk_10/99c94dc769b5d96e|2018-11-16--10-00-42/35/video.hevc,37503918,True,True,True,1200,True,1200x3,True,1200x3,True,1200x4,1200,2189.120501,2249.069657,59.949156,20.000282,True,30.441393,34.41579,True,ok,test
Chunk_10,99c94dc769b5d96e|2018-11-16--10-00-42,36,Chunk_10/99c94dc769b5d96e|2018-11-16--10-00-42/36,Chunk_10/99c94dc769b5d96e|2018-11-16--10-00-42/36/video.hevc,37496238,True,True,True,1200,True,1200x3,True,1200x3,True,1200x4,1200,2249.119641,2309.068795,59.949154,20.000282,True,30.179055,32.726755,True,ok,test
Chunk_10,99c94dc769b5d96e|2018-11-16--10-00-42,37,Chunk_10/99c94dc769b5d96e|2018-11-16--10-00-42/37,Chunk_10/99c94dc769b5d96e|2018-11-16--10-00-42/37/video.hevc,37497182,True,True,True,1200,True,1200x3,True,1200x3,True,1200x4,1200,2309.118808,2369.067951,59.949143,20.000286,True,32.823589,34.628108,True,ok,test
Chunk_10,99c94dc769b5d96e|2018-11-16--10-00-42,38,Chunk_10/99c94dc769b5d96e|2018-11-16--10-00-42/38,Chunk_10/99c94dc769b5d96e|2018-11-16--10-00-42/38/video.hevc,37475998,True,True,True,1200,True,1200x3,True,1200x3,True,1200x4,1200,2369.117948,2429.067111,59.949163,20.000279,True,31.121565,34.52565,True,ok,test
Chunk_10,99c94dc769b5d96e|2018-11-16--10-00-42,39,Chunk_10/99c94dc769b5d96e|2018-11-16--10-00-42/39,Chunk_10/99c94dc769b5d96e|2018-11-16--10-00-42/39/video.hevc,37494158,True,True,True,1200,True,1200x3,True,1200x3,True,1200x4,1200,2429.117104,2489.066272,59.949168,20.000278,True,31.132657,34.438967,True,ok,test
Chunk_10,99c94dc769b5d96e|2018-11-16--10-00-42,40,Chunk_10/99c94dc769b5d96e|2018-11-16--10-00-42/40,Chunk_10/99c94dc769b5d96e|2018-11-16--10-00-42/40/video.hevc,37447726,True,True,True,1200,True,1200x3,True,1200x3,True,1200x4,1200,2489.116263,2549.065426,59.949163,20.000279,True,21.880816,34.355036,True,ok,test
Chunk_10,99c94dc769b5d96e|2018-11-16--10-00-42,41,Chunk_10/99c94dc769b5d96e|2018-11-16--10-00-42/41,Chunk_10/99c94dc769b5d96e|2018-11-16--10-00-42/41/video.hevc,37492958,True,True,True,1200,True,1200x3,True,1200x3,True,1200x4,1200,2549.115423,2609.064574,59.949151,20.000283,True,5.067986,10.789423,True,ok,test
Chunk_10,99c94dc769b5d96e|2018-11-16--10-00-42,42,Chunk_10/99c94dc769b5d96e|2018-11-16--10-00-42/42,Chunk_10/99c94dc769b5d96e|2018-11-16--10-00-42/42/video.hevc,37591342,True,True,True,1201,True,1201x3,True,1201x3,True,1201x4,1201,2609.114599,2669.113733,59.999134,20.000289,True,0.722834,10.188449,True,ok,test
Chunk_10,99c94dc769b5d96e|2018-11-16--10-00-42,43,Chunk_10/99c94dc769b5d96e|2018-11-16--10-00-42/43,Chunk_10/99c94dc769b5d96e|2018-11-16--10-00-42/43/video.hevc,37456510,True,True,True,1199,True,1199x3,True,1199x3,True,1199x4,1199,2669.163752,2729.062936,59.899184,20.000272,True,8.402477,18.904482,True,ok,test
Chunk_10,99c94dc769b5d96e|2018-11-16--10-00-42,44,Chunk_10/99c94dc769b5d96e|2018-11-16--10-00-42/44,Chunk_10/99c94dc769b5d96e|2018-11-16--10-00-42/44/video.hevc,37553486,True,True,True,1201,True,1201x3,True,1201x3,True,1201x4,1201,2729.112897,2789.112059,59.999162,20.000279,True,18.321435,21.182877,True,ok,test
Chunk_10,99c94dc769b5d96e|2018-11-16--15-02-13,7,Chunk_10/99c94dc769b5d96e|2018-11-16--15-02-13/7,Chunk_10/99c94dc769b5d96e|2018-11-16--15-02-13/7/video.hevc,37504350,True,True,True,1200,True,1200x3,True,1200x3,True,1200x4,1200,18600.074928,18660.02407,59.949142,20.000286,True,12.257793,19.307656,True,ok,train
Chunk_10,99c94dc769b5d96e|2018-11-16--15-02-13,8,Chunk_10/99c94dc769b5d96e|2018-11-16--15-02-13/8,Chunk_10/99c94dc769b5d96e|2018-11-16--15-02-13/8/video.hevc,28705758,True,True,True,916,True,916x3,True,916x3,True,916x4,916,18660.074077,18705.873428,45.799351,19.978449,True,5.419673,14.557916,True,ok,train
Chunk_10,99c94dc769b5d96e|2018-11-16--15-11-03,0,Chunk_10/99c94dc769b5d96e|2018-11-16--15-11-03/0,Chunk_10/99c94dc769b5d96e|2018-11-16--15-11-03/0/video.hevc,37165982,True,True,True,1189,True,1189x3,True,1189x3,True,1189x4,1189,18710.02693,18769.426096,59.399166,20.000281,True,11.004735,21.84958,True,ok,train
Chunk_10,99c94dc769b5d96e|2018-11-16--15-11-03,1,Chunk_10/99c94dc769b5d96e|2018-11-16--15-11-03/1,Chunk_10/99c94dc769b5d96e|2018-11-16--15-11-03/1/video.hevc,37512926,True,True,True,1200,True,1200x3,True,1200x3,True,1200x4,1200,18769.476091,18829.425269,59.949178,20.000274,True,24.108807,27.494763,True,ok,train
Chunk_10,99c94dc769b5d96e|2018-11-16--15-11-03,2,Chunk_10/99c94dc769b5d96e|2018-11-16--15-11-03/2,Chunk_10/99c94dc769b5d96e|2018-11-16--15-11-03/2/video.hevc,37474318,True,True,True,1200,True,1200x3,True,1200x3,True,1200x4,1200,18829.47525,18889.424406,59.949156,20.000282,True,28.071074,29.255388,True,ok,train
Chunk_10,99c94dc769b5d96e|2018-11-16--15-11-03,3,Chunk_10/99c94dc769b5d96e|2018-11-16--15-11-03/3,Chunk_10/99c94dc769b5d96e|2018-11-16--15-11-03/3/video.hevc,37478286,True,True,True,1200,True,1200x3,True,1200x3,True,1200x4,1200,18889.474405,18949.42358,59.949175,20.000275,True,25.63866,28.764987,True,ok,train
Chunk_10,99c94dc769b5d96e|2018-11-16--15-11-03,4,Chunk_10/99c94dc769b5d96e|2018-11-16--15-11-03/4,Chunk_10/99c94dc769b5d96e|2018-11-16--15-11-03/4/video.hevc,37528446,True,True,True,1200,True,1200x3,True,1200x3,True,1200x4,1200,18949.473566,19009.422723,59.949157,20.000281,True,26.565182,28.997281,True,ok,train
Chunk_10,99c94dc769b5d96e|2018-11-16--15-11-03,5,Chunk_10/99c94dc769b5d96e|2018-11-16--15-11-03/5,Chunk_10/99c94dc769b5d96e|2018-11-16--15-11-03/5/video.hevc,37520254,True,True,True,1200,True,1200x3,True,1200x3,True,1200x4,1200,19009.472721,19069.421895,59.949174,20.000276,True,28.696899,31.328566,True,ok,train
Chunk_10,99c94dc769b5d96e|2018-11-16--15-11-03,6,Chunk_10/99c94dc769b5d96e|2018-11-16--15-11-03/6,Chunk_10/99c94dc769b5d96e|2018-11-16--15-11-03/6/video.hevc,37500046,True,True,True,1200,True,1200x3,True,1200x3,True,1200x4,1200,19069.471878,19129.421035,59.949157,20.000281,True,27.057075,31.966095,True,ok,train
Chunk_10,99c94dc769b5d96e|2018-11-16--15-11-03,7,Chunk_10/99c94dc769b5d96e|2018-11-16--15-11-03/7,Chunk_10/99c94dc769b5d96e|2018-11-16--15-11-03/7/video.hevc,37470958,True,True,True,1200,True,1200x3,True,1200x3,True,1200x4,1200,19129.471035,19189.420192,59.949157,20.000281,True,16.876683,25.632366,True,ok,train
Chunk_10,99c94dc769b5d96e|2018-11-16--15-11-03,8,Chunk_10/99c94dc769b5d96e|2018-11-16--15-11-03/8,Chunk_10/99c94dc769b5d96e|2018-11-16--15-11-03/8/video.hevc,37473550,True,True,True,1200,True,1200x3,True,1200x3,True,1200x4,1200,19189.470192,19249.419343,59.949151,20.000283,True,13.36393,24.552977,True,ok,train
Chunk_10,99c94dc769b5d96e|2018-11-16--15-11-03,9,Chunk_10/99c94dc769b5d96e|2018-11-16--15-11-03/9,Chunk_10/99c94dc769b5d96e|2018-11-16--15-11-03/9/video.hevc,37492462,True,True,True,1200,True,1200x3,True,1200x3,True,1200x4,1200,19249.46935,19309.418508,59.949158,20.000281,True,23.255345,27.191882,True,ok,train
Chunk_10,99c94dc769b5d96e|2018-11-16--15-11-03,10,Chunk_10/99c94dc769b5d96e|2018-11-16--15-11-03/10,Chunk_10/99c94dc769b5d96e|2018-11-16--15-11-03/10/video.hevc,37470222,True,True,True,1200,True,1200x3,True,1200x3,True,1200x4,1200,19309.468506,19369.417658,59.949152,20.000283,True,25.365131,27.209968,True,ok,train
Chunk_10,99c94dc769b5d96e|2018-11-16--15-11-03,11,Chunk_10/99c94dc769b5d96e|2018-11-16--15-11-03/11,Chunk_10/99c94dc769b5d96e|2018-11-16--15-11-03/11/video.hevc,37474222,True,True,True,1200,True,1200x3,True,1200x3,True,1200x4,1200,19369.467664,19429.416846,59.949182,20.000273,True,27.08329,28.36883,True,ok,train
Chunk_10,99c94dc769b5d96e|2018-11-16--15-11-03,12,Chunk_10/99c94dc769b5d96e|2018-11-16--15-11-03/12,Chunk_10/99c94dc769b5d96e|2018-11-16--15-11-03/12/video.hevc,37479006,True,True,True,1200,True,1200x3,True,1200x3,True,1200x4,1200,19429.466822,19489.416007,59.949185,20.000272,True,23.92807,28.502773,True,ok,train
Chunk_10,99c94dc769b5d96e|2018-11-16--15-11-03,13,Chunk_10/99c94dc769b5d96e|2018-11-16--15-11-03/13,Chunk_10/99c94dc769b5d96e|2018-11-16--15-11-03/13/video.hevc,37498414,True,True,True,1200,True,1200x3,True,1200x3,True,1200x4,1200,19489.46597,19549.415138,59.949168,20.000278,True,28.512114,29.058296,True,ok,train
Chunk_10,99c94dc769b5d96e|2018-11-16--15-11-03,14,Chunk_10/99c94dc769b5d96e|2018-11-16--15-11-03/14,Chunk_10/99c94dc769b5d96e|2018-11-16--15-11-03/14/video.hevc,37489454,True,True,True,1200,True,1200x3,True,1200x3,True,1200x4,1200,19549.465132,19609.414294,59.949162,20.00028,True,27.588268,29.123089,True,ok,train
Chunk_10,99c94dc769b5d96e|2018-11-16--15-11-03,15,Chunk_10/99c94dc769b5d96e|2018-11-16--15-11-03/15,Chunk_10/99c94dc769b5d96e|2018-11-16--15-11-03/15/video.hevc,37516590,True,True,True,1200,True,1200x3,True,1200x3,True,1200x4,1200,19609.464288,19669.413461,59.949173,20.000276,True,11.081621,15.859259,True,ok,train
Chunk_10,99c94dc769b5d96e|2018-11-16--15-11-03,16,Chunk_10/99c94dc769b5d96e|2018-11-16--15-11-03/16,Chunk_10/99c94dc769b5d96e|2018-11-16--15-11-03/16/video.hevc,37518286,True,True,True,1200,True,1200x3,True,1200x3,True,1200x4,1200,19669.46344,19729.412616,59.949176,20.000275,True,0.926579,8.486319,True,ok,train
Chunk_10,99c94dc769b5d96e|2018-11-16--15-11-03,17,Chunk_10/99c94dc769b5d96e|2018-11-16--15-11-03/17,Chunk_10/99c94dc769b5d96e|2018-11-16--15-11-03/17/video.hevc,37380990,True,True,True,1200,True,1200x3,True,1200x3,True,1200x4,1200,19729.462601,19789.411775,59.949174,20.000276,True,2.481763,8.700314,True,ok,train
Chunk_10,99c94dc769b5d96e|2018-11-16--15-11-03,18,Chunk_10/99c94dc769b5d96e|2018-11-16--15-11-03/18,Chunk_10/99c94dc769b5d96e|2018-11-16--15-11-03/18/video.hevc,37501486,True,True,True,1200,True,1200x3,True,1200x3,True,1200x4,1200,19789.461758,19849.410913,59.949155,20.000282,True,5.850924,16.938887,True,ok,train
Chunk_10,99c94dc769b5d96e|2018-11-16--15-11-03,19,Chunk_10/99c94dc769b5d96e|2018-11-16--15-11-03/19,Chunk_10/99c94dc769b5d96e|2018-11-16--15-11-03/19/video.hevc,37489646,True,True,True,1200,True,1200x3,True,1200x3,True,1200x4,1200,19849.460951,19909.410078,59.949127,20.000291,True,18.895842,21.187624,True,ok,train
Chunk_10,99c94dc769b5d96e|2018-11-16--23-46-35,4,Chunk_10/99c94dc769b5d96e|2018-11-16--23-46-35/4,Chunk_10/99c94dc769b5d96e|2018-11-16--23-46-35/4/video.hevc,37482958,True,True,True,1200,True,1200x3,True,1200x3,True,1200x4,1200,49881.926004,49941.875162,59.949158,20.000281,True,16.043044,18.363282,True,ok,train
Chunk_10,99c94dc769b5d96e|2018-11-16--23-46-35,5,Chunk_10/99c94dc769b5d96e|2018-11-16--23-46-35/5,Chunk_10/99c94dc769b5d96e|2018-11-16--23-46-35/5/video.hevc,37546686,True,True,True,1200,True,1200x3,True,1200x3,True,1200x4,1200,49941.925157,50001.874324,59.949167,20.000278,True,1.343386,14.910324,True,ok,train
Chunk_10,99c94dc769b5d96e|2018-11-16--23-46-35,6,Chunk_10/99c94dc769b5d96e|2018-11-16--23-46-35/6,Chunk_10/99c94dc769b5d96e|2018-11-16--23-46-35/6/video.hevc,37492302,True,True,True,1200,True,1200x3,True,1200x3,True,1200x4,1200,50001.924317,50061.873503,59.949186,20.000272,True,8.460028,22.046268,True,ok,train
Chunk_10,99c94dc769b5d96e|2018-11-16--23-46-35,7,Chunk_10/99c94dc769b5d96e|2018-11-16--23-46-35/7,Chunk_10/99c94dc769b5d96e|2018-11-16--23-46-35/7/video.hevc,37472526,True,True,True,1200,True,1200x3,True,1200x3,True,1200x4,1200,50061.923473,50121.872635,59.949162,20.00028,True,24.896133,28.064331,True,ok,train
Chunk_10,99c94dc769b5d96e|2018-11-16--23-46-35,8,Chunk_10/99c94dc769b5d96e|2018-11-16--23-46-35/8,Chunk_10/99c94dc769b5d96e|2018-11-16--23-46-35/8/video.hevc,37538510,True,True,True,1200,True,1200x3,True,1200x3,True,1200x4,1200,50121.922633,50181.871785,59.949152,20.000283,True,27.936021,28.285698,True,ok,train
Chunk_10,99c94dc769b5d96e|2018-11-16--23-46-35,9,Chunk_10/99c94dc769b5d96e|2018-11-16--23-46-35/9,Chunk_10/99c94dc769b5d96e|2018-11-16--23-46-35/9/video.hevc,37513518,True,True,True,1201,True,1201x3,True,1201x3,True,1201x4,1201,50181.921786,50241.920943,59.999157,20.000281,True,27.98022,28.314612,True,ok,train
Chunk_10,99c94dc769b5d96e|2018-11-16--23-46-35,10,Chunk_10/99c94dc769b5d96e|2018-11-16--23-46-35/10,Chunk_10/99c94dc769b5d96e|2018-11-16--23-46-35/10/video.hevc,37433918,True,True,True,1200,True,1200x3,True,1200x3,True,1200x4,1200,50241.970958,50301.920107,59.949149,20.000284,True,27.938194,28.234738,True,ok,train
Chunk_10,99c94dc769b5d96e|2018-11-16--23-46-35,11,Chunk_10/99c94dc769b5d96e|2018-11-16--23-46-35/11,Chunk_10/99c94dc769b5d96e|2018-11-16--23-46-35/11/video.hevc,37445854,True,True,True,1200,True,1200x3,True,1200x3,True,1200x4,1200,50301.970121,50361.919291,59.94917,20.000277,True,29.978025,30.935877,True,ok,train
Chunk_10,99c94dc769b5d96e|2018-11-16--23-46-35,12,Chunk_10/99c94dc769b5d96e|2018-11-16--23-46-35/12,Chunk_10/99c94dc769b5d96e|2018-11-16--23-46-35/12/video.hevc,37480702,True,True,True,1200,True,1200x3,True,1200x3,True,1200x4,1200,50361.969259,50421.918431,59.949172,20.000276,True,30.479019,30.861101,True,ok,train
Chunk_10,99c94dc769b5d96e|2018-11-16--23-46-35,13,Chunk_10/99c94dc769b5d96e|2018-11-16--23-46-35/13,Chunk_10/99c94dc769b5d96e|2018-11-16--23-46-35/13/video.hevc,37524222,True,True,True,1200,True,1200x3,True,1200x3,True,1200x4,1200,50421.968435,50481.917617,59.949182,20.000273,True,30.802931,32.103557,True,ok,train
Chunk_10,99c94dc769b5d96e|2018-11-16--23-46-35,14,Chunk_10/99c94dc769b5d96e|2018-11-16--23-46-35/14,Chunk_10/99c94dc769b5d96e|2018-11-16--23-46-35/14/video.hevc,37431486,True,True,True,1200,True,1200x3,True,1200x3,True,1200x4,1200,50481.967576,50541.916742,59.949166,20.000278,True,31.4013,31.961123,True,ok,train
Chunk_10,99c94dc769b5d96e|2018-11-16--23-46-35,15,Chunk_10/99c94dc769b5d96e|2018-11-16--23-46-35/15,Chunk_10/99c94dc769b5d96e|2018-11-16--23-46-35/15/video.hevc,37426958,True,True,True,1199,True,1199x3,True,1199x3,True,1199x4,1199,50541.966734,50601.865891,59.899157,20.000281,True,31.832657,32.096302,True,ok,train
Chunk_10,99c94dc769b5d96e|2018-11-16--23-46-35,16,Chunk_10/99c94dc769b5d96e|2018-11-16--23-46-35/16,Chunk_10/99c94dc769b5d96e|2018-11-16--23-46-35/16/video.hevc,37434094,True,True,True,1200,True,1200x3,True,1200x3,True,1200x4,1200,50601.915888,50661.865046,59.949158,20.000281,True,32.272867,33.09052,True,ok,train
Chunk_10,99c94dc769b5d96e|2018-11-19--09-56-45,22,Chunk_10/99c94dc769b5d96e|2018-11-19--09-56-45/22,Chunk_10/99c94dc769b5d96e|2018-11-19--09-56-45/22/video.hevc,37492798,True,True,True,1200,True,1200x3,True,1200x3,True,1200x4,1200,260371.474972,260431.424132,59.94916,20.00028,True,32.762125,32.942234,True,ok,train
Chunk_10,99c94dc769b5d96e|2018-11-19--09-56-45,23,Chunk_10/99c94dc769b5d96e|2018-11-19--09-56-45/23,Chunk_10/99c94dc769b5d96e|2018-11-19--09-56-45/23/video.hevc,37468222,True,True,True,1200,True,1200x3,True,1200x3,True,1200x4,1200,260431.474131,260491.423278,59.949147,20.000285,True,32.852532,33.163496,True,ok,train
Chunk_10,99c94dc769b5d96e|2018-11-19--09-56-45,24,Chunk_10/99c94dc769b5d96e|2018-11-19--09-56-45/24,Chunk_10/99c94dc769b5d96e|2018-11-19--09-56-45/24/video.hevc,37489870,True,True,True,1200,True,1200x3,True,1200x3,True,1200x4,1200,260491.473277,260551.422449,59.949172,20.000276,True,32.792854,33.117586,True,ok,train
Chunk_10,99c94dc769b5d96e|2018-11-19--09-56-45,25,Chunk_10/99c94dc769b5d96e|2018-11-19--09-56-45/25,Chunk_10/99c94dc769b5d96e|2018-11-19--09-56-45/25/video.hevc,37495342,True,True,True,1199,True,1199x3,True,1199x3,True,1199x4,1199,260551.472439,260611.421601,59.949162,19.983599,True,32.707921,33.037005,True,ok,train
Chunk_10,99c94dc769b5d96e|2018-11-19--09-56-45,26,Chunk_10/99c94dc769b5d96e|2018-11-19--09-56-45/26,Chunk_10/99c94dc769b5d96e|2018-11-19--09-56-45/26/video.hevc,37531374,True,True,True,1200,True,1200x3,True,1200x3,True,1200x4,1200,260611.471601,260671.42077,59.949169,20.000277,True,31.426126,32.74556,True,ok,train
Chunk_10,99c94dc769b5d96e|2018-11-19--09-56-45,27,Chunk_10/99c94dc769b5d96e|2018-11-19--09-56-45/27,Chunk_10/99c94dc769b5d96e|2018-11-19--09-56-45/27/video.hevc,37494670,True,True,True,1200,True,1200x3,True,1200x3,True,1200x4,1200,260671.470756,260731.419908,59.949152,20.000283,True,31.076287,32.921496,True,ok,train
Chunk_10,99c94dc769b5d96e|2018-11-19--09-56-45,28,Chunk_10/99c94dc769b5d96e|2018-11-19--09-56-45/28,Chunk_10/99c94dc769b5d96e|2018-11-19--09-56-45/28/video.hevc,37530878,True,True,True,1200,True,1200x3,True,1200x3,True,1200x4,1200,260731.469912,260791.419068,59.949156,20.000282,True,32.612462,33.117729,True,ok,train
Chunk_10,99c94dc769b5d96e|2018-11-19--09-56-45,29,Chunk_10/99c94dc769b5d96e|2018-11-19--09-56-45/29,Chunk_10/99c94dc769b5d96e|2018-11-19--09-56-45/29/video.hevc,37508366,True,True,True,1200,True,1200x3,True,1200x3,True,1200x4,1200,260791.469074,260851.418235,59.949161,20.00028,True,31.088016,33.107752,True,ok,train
Chunk_10,99c94dc769b5d96e|2018-11-19--09-56-45,30,Chunk_10/99c94dc769b5d96e|2018-11-19--09-56-45/30,Chunk_10/99c94dc769b5d96e|2018-11-19--09-56-45/30/video.hevc,37489534,True,True,True,1200,True,1200x3,True,1200x3,True,1200x4,1200,260851.468221,260911.417387,59.949166,20.000278,True,27.5895,33.079681,True,ok,train
Chunk_10,99c94dc769b5d96e|2018-11-19--09-56-45,31,Chunk_10/99c94dc769b5d96e|2018-11-19--09-56-45/31,Chunk_10/99c94dc769b5d96e|2018-11-19--09-56-45/31/video.hevc,37450526,True,True,True,1200,True,1200x3,True,1200x3,True,1200x4,1200,260911.467381,260971.41654,59.949159,20.000281,True,12.897242,26.085473,True,ok,train
Chunk_10,99c94dc769b5d96e|2018-11-19--09-56-45,32,Chunk_10/99c94dc769b5d96e|2018-11-19--09-56-45/32,Chunk_10/99c94dc769b5d96e|2018-11-19--09-56-45/32/video.hevc,37482254,True,True,True,1200,True,1200x3,True,1200x3,True,1200x4,1200,260971.466543,261031.415716,59.949173,20.000276,True,3.254057,13.308421,True,ok,train
Chunk_10,99c94dc769b5d96e|2018-11-19--09-56-45,33,Chunk_10/99c94dc769b5d96e|2018-11-19--09-56-45/33,Chunk_10/99c94dc769b5d96e|2018-11-19--09-56-45/33/video.hevc,37448446,True,True,True,1200,True,1200x3,True,1200x3,True,1200x4,1200,261031.465701,261091.414856,59.949155,20.000282,True,15.988632,19.569087,True,ok,train
